brand,month,a_it,n_active_upcs,is_top5_that_year
21ST CENTURY SMOKE,2013-01-01,11.333333333333336,8,TRUE
21ST CENTURY SMOKE,2013-02-01,11.333333333333334,8,TRUE
21ST CENTURY SMOKE,2013-03-01,11.282962962962964,9,TRUE
21ST CENTURY SMOKE,2013-04-01,10.396444444444445,10,TRUE
21ST CENTURY SMOKE,2013-05-01,10.396444444444445,10,TRUE
21ST CENTURY SMOKE,2013-06-01,10.396444444444446,10,TRUE
21ST CENTURY SMOKE,2013-07-01,10.396444444444446,10,TRUE
21ST CENTURY SMOKE,2013-08-01,10.396444444444445,10,TRUE
21ST CENTURY SMOKE,2013-09-01,10.396444444444445,10,TRUE
21ST CENTURY SMOKE,2013-10-01,10.396444444444445,10,TRUE
21ST CENTURY SMOKE,2013-11-01,10.396444444444446,10,TRUE
21ST CENTURY SMOKE,2013-12-01,9.066666666666668,12,TRUE
21ST CENTURY SMOKE,2014-01-01,9.066666666666668,12,TRUE
21ST CENTURY SMOKE,2014-02-01,9.066666666666668,12,TRUE
21ST CENTURY SMOKE,2014-03-01,9.485128205128206,13,TRUE
21ST CENTURY SMOKE,2014-04-01,9.485128205128206,13,TRUE
21ST CENTURY SMOKE,2014-05-01,9.485128205128206,13,TRUE
21ST CENTURY SMOKE,2014-06-01,9.066666666666668,12,TRUE
21ST CENTURY SMOKE,2014-07-01,9.066666666666668,12,TRUE
21ST CENTURY SMOKE,2014-08-01,8.572121212121212,11,TRUE
21ST CENTURY SMOKE,2014-09-01,8.901818181818182,11,TRUE
21ST CENTURY SMOKE,2014-10-01,8.572121212121212,11,TRUE
21ST CENTURY SMOKE,2014-11-01,8.341333333333335,10,TRUE
21ST CENTURY SMOKE,2014-12-01,8.341333333333335,10,TRUE
21ST CENTURY SMOKE,2015-01-01,8.341333333333335,10,FALSE
21ST CENTURY SMOKE,2015-02-01,8.999506172839506,9,FALSE
21ST CENTURY SMOKE,2015-03-01,8.999506172839506,9,FALSE
21ST CENTURY SMOKE,2015-04-01,8.999506172839506,9,FALSE
21ST CENTURY SMOKE,2015-05-01,8.901818181818182,11,FALSE
21ST CENTURY SMOKE,2015-06-01,9.550222222222223,10,FALSE
21ST CENTURY SMOKE,2015-07-01,10.342716049382718,9,FALSE
21ST CENTURY SMOKE,2015-08-01,8.901818181818182,11,FALSE
21ST CENTURY SMOKE,2015-09-01,9.822222222222223,8,FALSE
21ST CENTURY SMOKE,2015-10-01,9.822222222222223,8,FALSE
21ST CENTURY SMOKE,2015-11-01,9.671111111111111,7,FALSE
21ST CENTURY SMOKE,2015-12-01,10.88,7,FALSE
21ST CENTURY SMOKE,2016-01-01,8.827615528170123,9,FALSE
21ST CENTURY SMOKE,2016-02-01,8.827615528170123,9,FALSE
21ST CENTURY SMOKE,2016-03-01,8.827615528170124,9,FALSE
21ST CENTURY SMOKE,2016-04-01,8.571067469191387,8,FALSE
21ST CENTURY SMOKE,2016-05-01,9.628845246969167,8,FALSE
21ST CENTURY SMOKE,2016-06-01,8.827615528170124,9,FALSE
21ST CENTURY SMOKE,2016-07-01,8.827615528170123,9,FALSE
21ST CENTURY SMOKE,2016-08-01,9.450108853679048,7,FALSE
21ST CENTURY SMOKE,2016-09-01,8.571067469191387,8,FALSE
21ST CENTURY SMOKE,2016-10-01,9.628845246969165,8,FALSE
21ST CENTURY SMOKE,2016-11-01,9.450108853679048,7,FALSE
21ST CENTURY SMOKE,2016-12-01,9.450108853679048,7,FALSE
21ST CENTURY SMOKE,2017-01-01,9.450108853679048,7,FALSE
21ST CENTURY SMOKE,2017-02-01,9.211793662625555,6,FALSE
21ST CENTURY SMOKE,2017-03-01,9.450108853679048,7,FALSE
21ST CENTURY SMOKE,2017-04-01,9.450108853679048,7,FALSE
21ST CENTURY SMOKE,2017-05-01,9.211793662625555,6,FALSE
21ST CENTURY SMOKE,2017-06-01,9.211793662625555,6,FALSE
21ST CENTURY SMOKE,2017-07-01,9.211793662625555,6,FALSE
21ST CENTURY SMOKE,2017-08-01,9.211793662625555,6,FALSE
21ST CENTURY SMOKE,2017-09-01,8.377690493938331,4,FALSE
21ST CENTURY SMOKE,2017-10-01,9.211793662625555,6,FALSE
21ST CENTURY SMOKE,2017-11-01,7.543587325251107,3,FALSE
21ST CENTURY SMOKE,2017-12-01,8.377690493938331,4,FALSE
21ST CENTURY SMOKE,2018-01-01,8.571067469191387,8,FALSE
21ST CENTURY SMOKE,2018-02-01,9.450108853679048,7,FALSE
21ST CENTURY SMOKE,2018-03-01,9.628845246969167,8,FALSE
21ST CENTURY SMOKE,2018-04-01,9.628845246969167,8,FALSE
21ST CENTURY SMOKE,2018-05-01,9.450108853679048,7,FALSE
21ST CENTURY SMOKE,2018-06-01,9.628845246969167,8,FALSE
21ST CENTURY SMOKE,2018-07-01,9.211793662625555,6,FALSE
21ST CENTURY SMOKE,2018-08-01,9.211793662625555,6,FALSE
21ST CENTURY SMOKE,2018-09-01,9.628845246969167,8,FALSE
21ST CENTURY SMOKE,2018-10-01,9.211793662625555,6,FALSE
21ST CENTURY SMOKE,2018-11-01,9.211793662625555,6,FALSE
21ST CENTURY SMOKE,2018-12-01,9.211793662625555,6,FALSE
21ST CENTURY SMOKE,2019-01-01,9.211793662625555,6,FALSE
21ST CENTURY SMOKE,2019-02-01,7.51328969141361,8,FALSE
21ST CENTURY SMOKE,2019-03-01,9.211793662625555,6,FALSE
21ST CENTURY SMOKE,2019-04-01,9.211793662625555,6,FALSE
21ST CENTURY SMOKE,2019-05-01,9.450108853679048,7,FALSE
21ST CENTURY SMOKE,2019-06-01,9.450108853679048,7,FALSE
21ST CENTURY SMOKE,2019-07-01,9.211793662625555,6,FALSE
21ST CENTURY SMOKE,2019-08-01,8.878152395150666,5,FALSE
21ST CENTURY SMOKE,2019-09-01,8.377690493938331,4,FALSE
21ST CENTURY SMOKE,2019-10-01,0.8707619757533208,1,FALSE
21ST CENTURY SMOKE,2019-11-01,0.8707619757533207,1,FALSE
21ST CENTURY SMOKE,2019-12-01,NA,NA,FALSE
21ST CENTURY SMOKE,2020-01-01,0.8707619757533208,1,FALSE
21ST CENTURY SMOKE,2020-02-01,0.8707619757533207,1,FALSE
21ST CENTURY SMOKE,2020-03-01,NA,NA,FALSE
21ST CENTURY SMOKE,2020-04-01,0.8707619757533207,1,FALSE
21ST CENTURY SMOKE,2020-05-01,NA,NA,FALSE
21ST CENTURY SMOKE,2020-06-01,NA,NA,FALSE
21ST CENTURY SMOKE,2020-07-01,0.8707619757533207,1,FALSE
21ST CENTURY SMOKE,2020-08-01,0.8707619757533207,1,FALSE
21ST CENTURY SMOKE,2020-09-01,NA,NA,FALSE
21ST CENTURY SMOKE,2020-10-01,NA,NA,FALSE
21ST CENTURY SMOKE,2020-11-01,NA,NA,FALSE
21ST CENTURY SMOKE,2020-12-01,NA,NA,FALSE
21ST CENTURY SMOKE,2021-01-01,NA,NA,FALSE
21ST CENTURY SMOKE,2021-02-01,NA,NA,FALSE
21ST CENTURY SMOKE,2021-03-01,NA,NA,FALSE
21ST CENTURY SMOKE,2021-04-01,NA,NA,FALSE
21ST CENTURY SMOKE,2021-05-01,NA,NA,FALSE
21ST CENTURY SMOKE,2021-06-01,NA,NA,FALSE
21ST CENTURY SMOKE,2021-07-01,NA,NA,FALSE
21ST CENTURY SMOKE,2021-08-01,NA,NA,FALSE
21ST CENTURY SMOKE,2021-09-01,NA,NA,FALSE
21ST CENTURY SMOKE,2021-10-01,NA,NA,FALSE
21ST CENTURY SMOKE,2021-11-01,NA,NA,FALSE
21ST CENTURY SMOKE,2021-12-01,NA,NA,FALSE
21ST CENTURY SMOKE,2022-01-01,NA,NA,FALSE
21ST CENTURY SMOKE,2022-02-01,NA,NA,FALSE
21ST CENTURY SMOKE,2022-03-01,NA,NA,FALSE
21ST CENTURY SMOKE,2022-04-01,NA,NA,FALSE
21ST CENTURY SMOKE,2022-05-01,NA,NA,FALSE
21ST CENTURY SMOKE,2022-06-01,NA,NA,FALSE
21ST CENTURY SMOKE,2022-07-01,NA,NA,FALSE
21ST CENTURY SMOKE,2022-08-01,NA,NA,FALSE
21ST CENTURY SMOKE,2022-09-01,NA,NA,FALSE
21ST CENTURY SMOKE,2022-10-01,NA,NA,FALSE
21ST CENTURY SMOKE,2022-11-01,NA,NA,FALSE
21ST CENTURY SMOKE,2022-12-01,NA,NA,FALSE
21ST CENTURY SMOKE,2023-01-01,NA,NA,FALSE
21ST CENTURY SMOKE,2023-02-01,NA,NA,FALSE
21ST CENTURY SMOKE,2023-03-01,NA,NA,FALSE
21ST CENTURY SMOKE,2023-04-01,NA,NA,FALSE
21ST CENTURY SMOKE,2023-05-01,NA,NA,FALSE
21ST CENTURY SMOKE,2023-06-01,NA,NA,FALSE
21ST CENTURY SMOKE,2023-07-01,NA,NA,FALSE
21ST CENTURY SMOKE,2023-08-01,NA,NA,FALSE
21ST CENTURY SMOKE,2023-09-01,NA,NA,FALSE
21ST CENTURY SMOKE,2023-10-01,NA,NA,FALSE
21ST CENTURY SMOKE,2023-11-01,NA,NA,FALSE
21ST CENTURY SMOKE,2023-12-01,NA,NA,FALSE
BLU,2013-01-01,14.646153846153847,13,TRUE
BLU,2013-02-01,14.646153846153847,13,TRUE
BLU,2013-03-01,14.646153846153847,13,TRUE
BLU,2013-04-01,14.998857142857144,14,TRUE
BLU,2013-05-01,14.998857142857144,14,TRUE
BLU,2013-06-01,14.998857142857144,14,TRUE
BLU,2013-07-01,14.272000000000002,17,TRUE
BLU,2013-08-01,14.272,17,TRUE
BLU,2013-09-01,14.272,17,TRUE
BLU,2013-10-01,14.272,17,TRUE
BLU,2013-11-01,14.272,17,TRUE
BLU,2013-12-01,14.272,17,TRUE
BLU,2014-01-01,14.204444444444446,18,TRUE
BLU,2014-02-01,13.460977777777778,18,TRUE
BLU,2014-03-01,13.611452631578949,19,TRUE
BLU,2014-04-01,13.611452631578949,19,TRUE
BLU,2014-05-01,14.204444444444446,18,TRUE
BLU,2014-06-01,13.74688,20,TRUE
BLU,2014-07-01,13.74688,20,TRUE
BLU,2014-08-01,13.611452631578949,19,TRUE
BLU,2014-09-01,13.611452631578949,19,TRUE
BLU,2014-10-01,14.315789473684212,19,TRUE
BLU,2014-11-01,14.664347826086958,23,TRUE
BLU,2014-12-01,14.796800000000001,25,TRUE
BLU,2015-01-01,14.589090909090912,22,TRUE
BLU,2015-02-01,14.733333333333336,24,TRUE
BLU,2015-03-01,14.796800000000003,25,TRUE
BLU,2015-04-01,14.664347826086958,23,TRUE
BLU,2015-05-01,14.664347826086958,23,TRUE
BLU,2015-06-01,14.664347826086958,23,TRUE
BLU,2015-07-01,14.664347826086958,23,TRUE
BLU,2015-08-01,14.261504000000002,25,TRUE
BLU,2015-09-01,14.506666666666668,21,TRUE
BLU,2015-10-01,14.506666666666668,21,TRUE
BLU,2015-11-01,14.315789473684212,19,TRUE
BLU,2015-12-01,14.50666666666667,21,TRUE
BLU,2016-01-01,14.589090909090912,22,TRUE
BLU,2016-02-01,14.416000000000002,20,TRUE
BLU,2016-03-01,14.416000000000002,20,TRUE
BLU,2016-04-01,14.664347826086958,23,TRUE
BLU,2016-05-01,14.416000000000002,20,TRUE
BLU,2016-06-01,14.664347826086958,23,TRUE
BLU,2016-07-01,14.900869565217393,23,TRUE
BLU,2016-08-01,14.900869565217393,23,TRUE
BLU,2016-09-01,14.836363636363638,22,TRUE
BLU,2016-10-01,14.589090909090912,22,TRUE
BLU,2016-11-01,14.960000000000003,20,TRUE
BLU,2016-12-01,15.083636363636366,22,TRUE
BLU,2017-01-01,15.232000000000001,20,TRUE
BLU,2017-02-01,15.083636363636366,22,TRUE
BLU,2017-03-01,15.283809523809525,21,TRUE
BLU,2017-04-01,15.083636363636366,22,TRUE
BLU,2017-05-01,15.137391304347828,23,TRUE
BLU,2017-06-01,15.186666666666667,24,TRUE
BLU,2017-07-01,15.330909090909092,22,TRUE
BLU,2017-08-01,15.137391304347828,23,TRUE
BLU,2017-09-01,14.96,24,TRUE
BLU,2017-10-01,15.330909090909092,22,TRUE
BLU,2017-11-01,15.461052631578948,19,TRUE
BLU,2017-12-01,15.174736842105265,19,TRUE
BLU,2018-01-01,13.362251851851854,27,TRUE
BLU,2018-02-01,13.428025806451615,31,TRUE
BLU,2018-03-01,13.428025806451615,31,TRUE
BLU,2018-04-01,13.428025806451613,31,TRUE
BLU,2018-05-01,13.512960000000001,30,TRUE
BLU,2018-06-01,13.428025806451615,31,TRUE
BLU,2018-07-01,13.428025806451615,31,TRUE
BLU,2018-08-01,13.428025806451615,31,TRUE
BLU,2018-09-01,13.230080000000001,35,TRUE
BLU,2018-10-01,13.207660606060607,33,TRUE
BLU,2018-11-01,13.2992,34,TRUE
BLU,2018-12-01,13.230080000000001,35,TRUE
BLU,2019-01-01,13.362158139534884,43,TRUE
BLU,2019-02-01,13.421257142857144,42,TRUE
BLU,2019-03-01,13.231563636363637,44,TRUE
BLU,2019-04-01,13.159739534883721,43,TRUE
BLU,2019-05-01,13.48152888888889,45,TRUE
BLU,2019-06-01,13.432266666666667,48,TRUE
BLU,2019-07-01,13.577227906976745,43,TRUE
BLU,2019-08-01,13.36064,45,TRUE
BLU,2019-09-01,13.278229787234043,47,TRUE
BLU,2019-10-01,13.384817777777778,45,TRUE
BLU,2019-11-01,13.330365217391305,46,TRUE
BLU,2019-12-01,13.330365217391305,46,TRUE
BLU,2020-01-01,13.624933333333335,48,TRUE
BLU,2020-02-01,14.040507317073171,41,TRUE
BLU,2020-03-01,15.1392,34,TRUE
BLU,2020-04-01,16.47931428571429,28,TRUE
BLU,2020-05-01,16.47931428571429,28,TRUE
BLU,2020-06-01,16.868533333333335,24,TRUE
BLU,2020-07-01,15.736832000000001,25,TRUE
BLU,2020-08-01,16.868533333333335,24,TRUE
BLU,2020-09-01,16.159165217391305,23,TRUE
BLU,2020-10-01,16.58490434782609,23,TRUE
BLU,2020-11-01,17.076419047619048,21,TRUE
BLU,2020-12-01,17.042036363636367,22,TRUE
BLU,2021-01-01,17.68,23,TRUE
BLU,2021-02-01,17.741818181818182,22,TRUE
BLU,2021-03-01,17.741818181818182,22,TRUE
BLU,2021-04-01,17.068,20,TRUE
BLU,2021-05-01,17.741818181818182,22,TRUE
BLU,2021-06-01,17.032380952380954,21,TRUE
BLU,2021-07-01,16.570240000000002,25,TRUE
BLU,2021-08-01,16.560615384615385,26,TRUE
BLU,2021-09-01,16.560615384615385,26,TRUE
BLU,2021-10-01,16.570240000000002,25,TRUE
BLU,2021-11-01,16.570240000000002,25,TRUE
BLU,2021-12-01,16.560615384615385,26,TRUE
BLU,2022-01-01,21.40827586206897,29,TRUE
BLU,2022-02-01,20.845517241379312,29,TRUE
BLU,2022-03-01,17.915384615384617,26,TRUE
BLU,2022-04-01,21.00714285714286,28,TRUE
BLU,2022-05-01,21.00714285714286,28,TRUE
BLU,2022-06-01,21.00714285714286,28,TRUE
BLU,2022-07-01,21.00714285714286,28,TRUE
BLU,2022-08-01,21.00714285714286,28,TRUE
BLU,2022-09-01,21.40827586206897,29,TRUE
BLU,2022-10-01,21.00714285714286,28,TRUE
BLU,2022-11-01,21.36769230769231,26,TRUE
BLU,2022-12-01,21.18074074074074,27,TRUE
BLU,2023-01-01,22.372000000000003,26,FALSE
BLU,2023-02-01,22.61408,25,FALSE
BLU,2023-03-01,23.161391304347827,23,FALSE
BLU,2023-04-01,23.47236363636364,22,FALSE
BLU,2023-05-01,23.161391304347827,23,FALSE
BLU,2023-06-01,23.47236363636364,22,FALSE
BLU,2023-07-01,22.876333333333335,24,FALSE
BLU,2023-08-01,23.16139130434783,23,FALSE
BLU,2023-09-01,23.161391304347827,23,FALSE
BLU,2023-10-01,23.47236363636364,22,FALSE
BLU,2023-11-01,23.47236363636364,22,FALSE
BLU,2023-12-01,23.47236363636364,22,FALSE
BREEZE,2013-01-01,NA,NA,FALSE
BREEZE,2013-02-01,NA,NA,FALSE
BREEZE,2013-03-01,NA,NA,FALSE
BREEZE,2013-04-01,NA,NA,FALSE
BREEZE,2013-05-01,NA,NA,FALSE
BREEZE,2013-06-01,NA,NA,FALSE
BREEZE,2013-07-01,NA,NA,FALSE
BREEZE,2013-08-01,NA,NA,FALSE
BREEZE,2013-09-01,NA,NA,FALSE
BREEZE,2013-10-01,NA,NA,FALSE
BREEZE,2013-11-01,NA,NA,FALSE
BREEZE,2013-12-01,NA,NA,FALSE
BREEZE,2014-01-01,NA,NA,FALSE
BREEZE,2014-02-01,NA,NA,FALSE
BREEZE,2014-03-01,NA,NA,FALSE
BREEZE,2014-04-01,NA,NA,FALSE
BREEZE,2014-05-01,NA,NA,FALSE
BREEZE,2014-06-01,NA,NA,FALSE
BREEZE,2014-07-01,NA,NA,FALSE
BREEZE,2014-08-01,NA,NA,FALSE
BREEZE,2014-09-01,NA,NA,FALSE
BREEZE,2014-10-01,NA,NA,FALSE
BREEZE,2014-11-01,NA,NA,FALSE
BREEZE,2014-12-01,NA,NA,FALSE
BREEZE,2015-01-01,NA,NA,FALSE
BREEZE,2015-02-01,NA,NA,FALSE
BREEZE,2015-03-01,NA,NA,FALSE
BREEZE,2015-04-01,NA,NA,FALSE
BREEZE,2015-05-01,NA,NA,FALSE
BREEZE,2015-06-01,NA,NA,FALSE
BREEZE,2015-07-01,NA,NA,FALSE
BREEZE,2015-08-01,NA,NA,FALSE
BREEZE,2015-09-01,NA,NA,FALSE
BREEZE,2015-10-01,NA,NA,FALSE
BREEZE,2015-11-01,NA,NA,FALSE
BREEZE,2015-12-01,NA,NA,FALSE
BREEZE,2016-01-01,NA,NA,FALSE
BREEZE,2016-02-01,NA,NA,FALSE
BREEZE,2016-03-01,NA,NA,FALSE
BREEZE,2016-04-01,NA,NA,FALSE
BREEZE,2016-05-01,NA,NA,FALSE
BREEZE,2016-06-01,NA,NA,FALSE
BREEZE,2016-07-01,NA,NA,FALSE
BREEZE,2016-08-01,NA,NA,FALSE
BREEZE,2016-09-01,NA,NA,FALSE
BREEZE,2016-10-01,NA,NA,FALSE
BREEZE,2016-11-01,NA,NA,FALSE
BREEZE,2016-12-01,NA,NA,FALSE
BREEZE,2017-01-01,NA,NA,FALSE
BREEZE,2017-02-01,NA,NA,FALSE
BREEZE,2017-03-01,NA,NA,FALSE
BREEZE,2017-04-01,NA,NA,FALSE
BREEZE,2017-05-01,NA,NA,FALSE
BREEZE,2017-06-01,NA,NA,FALSE
BREEZE,2017-07-01,NA,NA,FALSE
BREEZE,2017-08-01,NA,NA,FALSE
BREEZE,2017-09-01,NA,NA,FALSE
BREEZE,2017-10-01,NA,NA,FALSE
BREEZE,2017-11-01,NA,NA,FALSE
BREEZE,2017-12-01,NA,NA,FALSE
BREEZE,2018-01-01,NA,NA,FALSE
BREEZE,2018-02-01,NA,NA,FALSE
BREEZE,2018-03-01,NA,NA,FALSE
BREEZE,2018-04-01,NA,NA,FALSE
BREEZE,2018-05-01,NA,NA,FALSE
BREEZE,2018-06-01,NA,NA,FALSE
BREEZE,2018-07-01,NA,NA,FALSE
BREEZE,2018-08-01,NA,NA,FALSE
BREEZE,2018-09-01,NA,NA,FALSE
BREEZE,2018-10-01,NA,NA,FALSE
BREEZE,2018-11-01,NA,NA,FALSE
BREEZE,2018-12-01,NA,NA,FALSE
BREEZE,2019-01-01,NA,NA,FALSE
BREEZE,2019-02-01,NA,NA,FALSE
BREEZE,2019-03-01,NA,NA,FALSE
BREEZE,2019-04-01,NA,NA,FALSE
BREEZE,2019-05-01,NA,NA,FALSE
BREEZE,2019-06-01,NA,NA,FALSE
BREEZE,2019-07-01,NA,NA,FALSE
BREEZE,2019-08-01,NA,NA,FALSE
BREEZE,2019-09-01,NA,NA,FALSE
BREEZE,2019-10-01,NA,NA,FALSE
BREEZE,2019-11-01,NA,NA,FALSE
BREEZE,2019-12-01,NA,NA,FALSE
BREEZE,2020-01-01,NA,NA,FALSE
BREEZE,2020-02-01,NA,NA,FALSE
BREEZE,2020-03-01,NA,NA,FALSE
BREEZE,2020-04-01,NA,NA,FALSE
BREEZE,2020-05-01,NA,NA,FALSE
BREEZE,2020-06-01,NA,NA,FALSE
BREEZE,2020-07-01,NA,NA,FALSE
BREEZE,2020-08-01,NA,NA,FALSE
BREEZE,2020-09-01,NA,NA,FALSE
BREEZE,2020-10-01,NA,NA,FALSE
BREEZE,2020-11-01,NA,NA,FALSE
BREEZE,2020-12-01,NA,NA,FALSE
BREEZE,2021-01-01,NA,NA,FALSE
BREEZE,2021-02-01,NA,NA,FALSE
BREEZE,2021-03-01,NA,NA,FALSE
BREEZE,2021-04-01,NA,NA,FALSE
BREEZE,2021-05-01,NA,NA,FALSE
BREEZE,2021-06-01,NA,NA,FALSE
BREEZE,2021-07-01,NA,NA,FALSE
BREEZE,2021-08-01,NA,NA,FALSE
BREEZE,2021-09-01,NA,NA,FALSE
BREEZE,2021-10-01,NA,NA,FALSE
BREEZE,2021-11-01,NA,NA,FALSE
BREEZE,2021-12-01,NA,NA,FALSE
BREEZE,2022-01-01,NA,NA,FALSE
BREEZE,2022-02-01,NA,NA,FALSE
BREEZE,2022-03-01,NA,NA,FALSE
BREEZE,2022-04-01,NA,NA,FALSE
BREEZE,2022-05-01,NA,NA,FALSE
BREEZE,2022-06-01,NA,NA,FALSE
BREEZE,2022-07-01,NA,NA,FALSE
BREEZE,2022-08-01,NA,NA,FALSE
BREEZE,2022-09-01,NA,NA,FALSE
BREEZE,2022-10-01,NA,NA,FALSE
BREEZE,2022-11-01,NA,NA,FALSE
BREEZE,2022-12-01,NA,NA,FALSE
BREEZE,2023-01-01,NA,NA,TRUE
BREEZE,2023-02-01,NA,NA,TRUE
BREEZE,2023-03-01,NA,NA,TRUE
BREEZE,2023-04-01,NA,NA,TRUE
BREEZE,2023-05-01,NA,NA,TRUE
BREEZE,2023-06-01,34.00000000000001,18,TRUE
BREEZE,2023-07-01,34.00000000000001,20,TRUE
BREEZE,2023-08-01,34.00000000000001,20,TRUE
BREEZE,2023-09-01,34.00000000000001,20,TRUE
BREEZE,2023-10-01,34.00000000000001,20,TRUE
BREEZE,2023-11-01,34.00000000000001,20,TRUE
BREEZE,2023-12-01,34.00000000000001,20,TRUE
FINITI,2013-01-01,9.252317460317462,12,TRUE
FINITI,2013-02-01,9.744900432900433,22,TRUE
FINITI,2013-03-01,9.744900432900433,22,TRUE
FINITI,2013-04-01,9.744900432900433,22,TRUE
FINITI,2013-05-01,9.744900432900433,22,TRUE
FINITI,2013-06-01,10.703463844797179,27,TRUE
FINITI,2013-07-01,10.703463844797179,27,TRUE
FINITI,2013-08-01,10.903224958949098,29,TRUE
FINITI,2013-09-01,10.903224958949098,29,TRUE
FINITI,2013-10-01,10.902450793650795,30,TRUE
FINITI,2013-11-01,10.902450793650795,30,TRUE
FINITI,2013-12-01,10.902450793650795,30,TRUE
FINITI,2014-01-01,10.206476190476192,29,TRUE
FINITI,2014-02-01,10.206476190476192,29,TRUE
FINITI,2014-03-01,10.206476190476192,29,TRUE
FINITI,2014-04-01,10.206476190476192,29,TRUE
FINITI,2014-05-01,10.206476190476192,29,TRUE
FINITI,2014-06-01,10.206476190476192,29,TRUE
FINITI,2014-07-01,10.304544217687075,28,TRUE
FINITI,2014-08-01,10.590337662337664,33,TRUE
FINITI,2014-09-01,10.590337662337664,33,TRUE
FINITI,2014-10-01,10.590337662337664,33,TRUE
FINITI,2014-11-01,10.751285714285716,32,TRUE
FINITI,2014-12-01,10.857437788018434,31,TRUE
FINITI,2015-01-01,10.612810884353742,35,TRUE
FINITI,2015-02-01,10.257604010025064,38,TRUE
FINITI,2015-03-01,10.604952380952382,34,TRUE
FINITI,2015-04-01,10.243809523809524,34,TRUE
FINITI,2015-05-01,9.76210989010989,39,TRUE
FINITI,2015-06-01,9.785357753357754,39,TRUE
FINITI,2015-07-01,9.849787545787546,39,TRUE
FINITI,2015-08-01,10.01252258852259,39,TRUE
FINITI,2015-09-01,9.763936507936508,36,TRUE
FINITI,2015-10-01,9.707809523809525,36,TRUE
FINITI,2015-11-01,9.82974693877551,35,TRUE
FINITI,2015-12-01,9.707809523809525,36,TRUE
FINITI,2016-01-01,9.82974693877551,35,TRUE
FINITI,2016-02-01,9.82974693877551,35,TRUE
FINITI,2016-03-01,9.82974693877551,35,TRUE
FINITI,2016-04-01,9.82974693877551,35,TRUE
FINITI,2016-05-01,9.82974693877551,35,TRUE
FINITI,2016-06-01,9.82974693877551,35,TRUE
FINITI,2016-07-01,9.82974693877551,35,TRUE
FINITI,2016-08-01,9.958857142857143,34,TRUE
FINITI,2016-09-01,9.76609523809524,33,TRUE
FINITI,2016-10-01,9.76609523809524,33,TRUE
FINITI,2016-11-01,9.787952380952381,32,TRUE
FINITI,2016-12-01,9.787952380952381,32,TRUE
FINITI,2017-01-01,9.787952380952381,32,FALSE
FINITI,2017-02-01,9.896482539682541,30,FALSE
FINITI,2017-03-01,9.9282089093702,31,FALSE
FINITI,2017-04-01,9.9282089093702,31,FALSE
FINITI,2017-05-01,9.869714285714286,31,FALSE
FINITI,2017-06-01,9.826231292517008,28,FALSE
FINITI,2017-07-01,9.98868430335097,27,FALSE
FINITI,2017-08-01,10.214802721088436,28,FALSE
FINITI,2017-09-01,9.86256814449918,29,FALSE
FINITI,2017-10-01,9.954402930402932,26,FALSE
FINITI,2017-11-01,10.020517006802722,28,FALSE
FINITI,2017-12-01,10.316312380952382,25,FALSE
FINITI,2018-01-01,10.070194616977226,23,FALSE
FINITI,2018-02-01,10.115809523809524,22,FALSE
FINITI,2018-03-01,10.130057142857144,20,FALSE
FINITI,2018-04-01,10.284190476190478,13,FALSE
FINITI,2018-05-01,10.486718614718615,11,FALSE
FINITI,2018-06-01,10.486718614718615,11,FALSE
FINITI,2018-07-01,11.082057142857144,10,FALSE
FINITI,2018-08-01,10.72457142857143,9,FALSE
FINITI,2018-09-01,10.72457142857143,9,FALSE
FINITI,2018-10-01,10.72457142857143,9,FALSE
FINITI,2018-11-01,10.025142857142857,4,FALSE
FINITI,2018-12-01,10.31009523809524,6,FALSE
FINITI,2019-01-01,9.740190476190477,3,FALSE
FINITI,2019-02-01,10.196114285714287,5,FALSE
FINITI,2019-03-01,9.740190476190477,6,FALSE
FINITI,2019-04-01,6.484825396825397,3,FALSE
FINITI,2019-05-01,8.578176870748301,7,FALSE
FINITI,2019-06-01,11.70895238095238,9,FALSE
FINITI,2019-07-01,NA,NA,FALSE
FINITI,2019-08-01,13.600000000000001,2,FALSE
FINITI,2019-09-01,NA,NA,FALSE
FINITI,2019-10-01,NA,NA,FALSE
FINITI,2019-11-01,NA,NA,FALSE
FINITI,2019-12-01,NA,NA,FALSE
FINITI,2020-01-01,7.926857142857144,3,FALSE
FINITI,2020-02-01,NA,NA,FALSE
FINITI,2020-03-01,NA,NA,FALSE
FINITI,2020-04-01,NA,NA,FALSE
FINITI,2020-05-01,NA,NA,FALSE
FINITI,2020-06-01,NA,NA,FALSE
FINITI,2020-07-01,NA,NA,FALSE
FINITI,2020-08-01,NA,NA,FALSE
FINITI,2020-09-01,NA,NA,FALSE
FINITI,2020-10-01,NA,NA,FALSE
FINITI,2020-11-01,NA,NA,FALSE
FINITI,2020-12-01,NA,NA,FALSE
FINITI,2021-01-01,NA,NA,FALSE
FINITI,2021-02-01,NA,NA,FALSE
FINITI,2021-03-01,NA,NA,FALSE
FINITI,2021-04-01,NA,NA,FALSE
FINITI,2021-05-01,NA,NA,FALSE
FINITI,2021-06-01,NA,NA,FALSE
FINITI,2021-07-01,NA,NA,FALSE
FINITI,2021-08-01,NA,NA,FALSE
FINITI,2021-09-01,NA,NA,FALSE
FINITI,2021-10-01,NA,NA,FALSE
FINITI,2021-11-01,NA,NA,FALSE
FINITI,2021-12-01,NA,NA,FALSE
FINITI,2022-01-01,NA,NA,FALSE
FINITI,2022-02-01,NA,NA,FALSE
FINITI,2022-03-01,NA,NA,FALSE
FINITI,2022-04-01,NA,NA,FALSE
FINITI,2022-05-01,NA,NA,FALSE
FINITI,2022-06-01,NA,NA,FALSE
FINITI,2022-07-01,NA,NA,FALSE
FINITI,2022-08-01,NA,NA,FALSE
FINITI,2022-09-01,NA,NA,FALSE
FINITI,2022-10-01,NA,NA,FALSE
FINITI,2022-11-01,NA,NA,FALSE
FINITI,2022-12-01,NA,NA,FALSE
FINITI,2023-01-01,NA,NA,FALSE
FINITI,2023-02-01,NA,NA,FALSE
FINITI,2023-03-01,NA,NA,FALSE
FINITI,2023-04-01,NA,NA,FALSE
FINITI,2023-05-01,NA,NA,FALSE
FINITI,2023-06-01,NA,NA,FALSE
FINITI,2023-07-01,NA,NA,FALSE
FINITI,2023-08-01,NA,NA,FALSE
FINITI,2023-09-01,NA,NA,FALSE
FINITI,2023-10-01,NA,NA,FALSE
FINITI,2023-11-01,NA,NA,FALSE
FINITI,2023-12-01,NA,NA,FALSE
HYPPE,2013-01-01,NA,NA,FALSE
HYPPE,2013-02-01,NA,NA,FALSE
HYPPE,2013-03-01,NA,NA,FALSE
HYPPE,2013-04-01,NA,NA,FALSE
HYPPE,2013-05-01,NA,NA,FALSE
HYPPE,2013-06-01,NA,NA,FALSE
HYPPE,2013-07-01,NA,NA,FALSE
HYPPE,2013-08-01,NA,NA,FALSE
HYPPE,2013-09-01,NA,NA,FALSE
HYPPE,2013-10-01,NA,NA,FALSE
HYPPE,2013-11-01,NA,NA,FALSE
HYPPE,2013-12-01,NA,NA,FALSE
HYPPE,2014-01-01,NA,NA,FALSE
HYPPE,2014-02-01,NA,NA,FALSE
HYPPE,2014-03-01,NA,NA,FALSE
HYPPE,2014-04-01,NA,NA,FALSE
HYPPE,2014-05-01,NA,NA,FALSE
HYPPE,2014-06-01,NA,NA,FALSE
HYPPE,2014-07-01,NA,NA,FALSE
HYPPE,2014-08-01,NA,NA,FALSE
HYPPE,2014-09-01,NA,NA,FALSE
HYPPE,2014-10-01,NA,NA,FALSE
HYPPE,2014-11-01,NA,NA,FALSE
HYPPE,2014-12-01,NA,NA,FALSE
HYPPE,2015-01-01,NA,NA,FALSE
HYPPE,2015-02-01,NA,NA,FALSE
HYPPE,2015-03-01,NA,NA,FALSE
HYPPE,2015-04-01,NA,NA,FALSE
HYPPE,2015-05-01,NA,NA,FALSE
HYPPE,2015-06-01,NA,NA,FALSE
HYPPE,2015-07-01,NA,NA,FALSE
HYPPE,2015-08-01,NA,NA,FALSE
HYPPE,2015-09-01,NA,NA,FALSE
HYPPE,2015-10-01,NA,NA,FALSE
HYPPE,2015-11-01,NA,NA,FALSE
HYPPE,2015-12-01,NA,NA,FALSE
HYPPE,2016-01-01,NA,NA,FALSE
HYPPE,2016-02-01,NA,NA,FALSE
HYPPE,2016-03-01,NA,NA,FALSE
HYPPE,2016-04-01,NA,NA,FALSE
HYPPE,2016-05-01,NA,NA,FALSE
HYPPE,2016-06-01,NA,NA,FALSE
HYPPE,2016-07-01,NA,NA,FALSE
HYPPE,2016-08-01,NA,NA,FALSE
HYPPE,2016-09-01,NA,NA,FALSE
HYPPE,2016-10-01,NA,NA,FALSE
HYPPE,2016-11-01,NA,NA,FALSE
HYPPE,2016-12-01,NA,NA,FALSE
HYPPE,2017-01-01,NA,NA,FALSE
HYPPE,2017-02-01,NA,NA,FALSE
HYPPE,2017-03-01,NA,NA,FALSE
HYPPE,2017-04-01,NA,NA,FALSE
HYPPE,2017-05-01,NA,NA,FALSE
HYPPE,2017-06-01,NA,NA,FALSE
HYPPE,2017-07-01,NA,NA,FALSE
HYPPE,2017-08-01,NA,NA,FALSE
HYPPE,2017-09-01,NA,NA,FALSE
HYPPE,2017-10-01,NA,NA,FALSE
HYPPE,2017-11-01,NA,NA,FALSE
HYPPE,2017-12-01,NA,NA,FALSE
HYPPE,2018-01-01,NA,NA,FALSE
HYPPE,2018-02-01,NA,NA,FALSE
HYPPE,2018-03-01,NA,NA,FALSE
HYPPE,2018-04-01,NA,NA,FALSE
HYPPE,2018-05-01,NA,NA,FALSE
HYPPE,2018-06-01,NA,NA,FALSE
HYPPE,2018-07-01,NA,NA,FALSE
HYPPE,2018-08-01,NA,NA,FALSE
HYPPE,2018-09-01,NA,NA,FALSE
HYPPE,2018-10-01,NA,NA,FALSE
HYPPE,2018-11-01,NA,NA,FALSE
HYPPE,2018-12-01,NA,NA,FALSE
HYPPE,2019-01-01,NA,NA,FALSE
HYPPE,2019-02-01,NA,NA,FALSE
HYPPE,2019-03-01,NA,NA,FALSE
HYPPE,2019-04-01,NA,NA,FALSE
HYPPE,2019-05-01,NA,NA,FALSE
HYPPE,2019-06-01,NA,NA,FALSE
HYPPE,2019-07-01,NA,NA,FALSE
HYPPE,2019-08-01,NA,NA,FALSE
HYPPE,2019-09-01,NA,NA,FALSE
HYPPE,2019-10-01,NA,NA,FALSE
HYPPE,2019-11-01,NA,NA,FALSE
HYPPE,2019-12-01,NA,NA,FALSE
HYPPE,2020-01-01,NA,NA,FALSE
HYPPE,2020-02-01,NA,NA,FALSE
HYPPE,2020-03-01,NA,NA,FALSE
HYPPE,2020-04-01,NA,NA,FALSE
HYPPE,2020-05-01,NA,NA,FALSE
HYPPE,2020-06-01,NA,NA,FALSE
HYPPE,2020-07-01,NA,NA,FALSE
HYPPE,2020-08-01,NA,NA,FALSE
HYPPE,2020-09-01,NA,NA,FALSE
HYPPE,2020-10-01,NA,NA,FALSE
HYPPE,2020-11-01,NA,NA,FALSE
HYPPE,2020-12-01,NA,NA,FALSE
HYPPE,2021-01-01,NA,NA,FALSE
HYPPE,2021-02-01,NA,NA,FALSE
HYPPE,2021-03-01,NA,NA,FALSE
HYPPE,2021-04-01,NA,NA,FALSE
HYPPE,2021-05-01,NA,NA,FALSE
HYPPE,2021-06-01,NA,NA,FALSE
HYPPE,2021-07-01,34.00000000000001,16,FALSE
HYPPE,2021-08-01,34.00000000000001,16,FALSE
HYPPE,2021-09-01,34.00000000000001,16,FALSE
HYPPE,2021-10-01,34.00000000000001,16,FALSE
HYPPE,2021-11-01,34.00000000000001,16,FALSE
HYPPE,2021-12-01,34.00000000000001,16,FALSE
HYPPE,2022-01-01,34.00000000000001,16,TRUE
HYPPE,2022-02-01,34.00000000000001,16,TRUE
HYPPE,2022-03-01,34.00000000000001,16,TRUE
HYPPE,2022-04-01,34.00000000000001,16,TRUE
HYPPE,2022-05-01,34.00000000000001,16,TRUE
HYPPE,2022-06-01,34.00000000000001,16,TRUE
HYPPE,2022-07-01,34.00000000000001,16,TRUE
HYPPE,2022-08-01,34.00000000000001,17,TRUE
HYPPE,2022-09-01,34.00000000000001,17,TRUE
HYPPE,2022-10-01,34.00000000000001,17,TRUE
HYPPE,2022-11-01,34.00000000000001,17,TRUE
HYPPE,2022-12-01,34.00000000000001,17,TRUE
HYPPE,2023-01-01,34.00000000000001,16,TRUE
HYPPE,2023-02-01,34.00000000000001,16,TRUE
HYPPE,2023-03-01,34.00000000000001,16,TRUE
HYPPE,2023-04-01,34.00000000000001,16,TRUE
HYPPE,2023-05-01,34.00000000000001,16,TRUE
HYPPE,2023-06-01,34.00000000000001,17,TRUE
HYPPE,2023-07-01,34.00000000000001,17,TRUE
HYPPE,2023-08-01,34.00000000000001,23,TRUE
HYPPE,2023-09-01,34.00000000000001,24,TRUE
HYPPE,2023-10-01,34.00000000000001,24,TRUE
HYPPE,2023-11-01,34.00000000000001,24,TRUE
HYPPE,2023-12-01,34.00000000000001,24,TRUE
JUUL,2013-01-01,NA,NA,FALSE
JUUL,2013-02-01,NA,NA,FALSE
JUUL,2013-03-01,NA,NA,FALSE
JUUL,2013-04-01,NA,NA,FALSE
JUUL,2013-05-01,NA,NA,FALSE
JUUL,2013-06-01,NA,NA,FALSE
JUUL,2013-07-01,NA,NA,FALSE
JUUL,2013-08-01,NA,NA,FALSE
JUUL,2013-09-01,NA,NA,FALSE
JUUL,2013-10-01,NA,NA,FALSE
JUUL,2013-11-01,NA,NA,FALSE
JUUL,2013-12-01,NA,NA,FALSE
JUUL,2014-01-01,NA,NA,FALSE
JUUL,2014-02-01,NA,NA,FALSE
JUUL,2014-03-01,NA,NA,FALSE
JUUL,2014-04-01,NA,NA,FALSE
JUUL,2014-05-01,NA,NA,FALSE
JUUL,2014-06-01,NA,NA,FALSE
JUUL,2014-07-01,NA,NA,FALSE
JUUL,2014-08-01,NA,NA,FALSE
JUUL,2014-09-01,NA,NA,FALSE
JUUL,2014-10-01,NA,NA,FALSE
JUUL,2014-11-01,NA,NA,FALSE
JUUL,2014-12-01,NA,NA,FALSE
JUUL,2015-01-01,NA,NA,FALSE
JUUL,2015-02-01,NA,NA,FALSE
JUUL,2015-03-01,NA,NA,FALSE
JUUL,2015-04-01,NA,NA,FALSE
JUUL,2015-05-01,NA,NA,FALSE
JUUL,2015-06-01,NA,NA,FALSE
JUUL,2015-07-01,NA,NA,FALSE
JUUL,2015-08-01,NA,NA,FALSE
JUUL,2015-09-01,NA,NA,FALSE
JUUL,2015-10-01,NA,NA,FALSE
JUUL,2015-11-01,34,4,FALSE
JUUL,2015-12-01,34.00000000000001,4,FALSE
JUUL,2016-01-01,34,5,FALSE
JUUL,2016-02-01,34,5,FALSE
JUUL,2016-03-01,34,5,FALSE
JUUL,2016-04-01,34,5,FALSE
JUUL,2016-05-01,34.00000000000001,5,FALSE
JUUL,2016-06-01,34,5,FALSE
JUUL,2016-07-01,34,5,FALSE
JUUL,2016-08-01,34,5,FALSE
JUUL,2016-09-01,34.00000000000001,5,FALSE
JUUL,2016-10-01,34,5,FALSE
JUUL,2016-11-01,34,5,FALSE
JUUL,2016-12-01,34,5,FALSE
JUUL,2017-01-01,34.00000000000001,5,FALSE
JUUL,2017-02-01,34.00000000000001,5,FALSE
JUUL,2017-03-01,34,5,FALSE
JUUL,2017-04-01,34.00000000000001,5,FALSE
JUUL,2017-05-01,34,5,FALSE
JUUL,2017-06-01,34,5,FALSE
JUUL,2017-07-01,34.00000000000001,5,FALSE
JUUL,2017-08-01,34.00000000000001,5,FALSE
JUUL,2017-09-01,34,5,FALSE
JUUL,2017-10-01,34,6,FALSE
JUUL,2017-11-01,34,6,FALSE
JUUL,2017-12-01,34,6,FALSE
JUUL,2018-01-01,34.00000000000001,7,TRUE
JUUL,2018-02-01,34.00000000000001,8,TRUE
JUUL,2018-03-01,34,8,TRUE
JUUL,2018-04-01,34,9,TRUE
JUUL,2018-05-01,34,10,TRUE
JUUL,2018-06-01,34,16,TRUE
JUUL,2018-07-01,34,16,TRUE
JUUL,2018-08-01,34,15,TRUE
JUUL,2018-09-01,34.00000000000001,16,TRUE
JUUL,2018-10-01,34,15,TRUE
JUUL,2018-11-01,32.70476190476191,21,TRUE
JUUL,2018-12-01,32.70476190476191,21,TRUE
JUUL,2019-01-01,31.634782608695655,23,TRUE
JUUL,2019-02-01,31.634782608695655,23,TRUE
JUUL,2019-03-01,31.733333333333338,24,TRUE
JUUL,2019-04-01,31.733333333333338,24,TRUE
JUUL,2019-05-01,31.634782608695655,23,TRUE
JUUL,2019-06-01,31.733333333333334,24,TRUE
JUUL,2019-07-01,31.634782608695655,23,TRUE
JUUL,2019-08-01,31.634782608695655,23,TRUE
JUUL,2019-09-01,31.008000000000003,25,TRUE
JUUL,2019-10-01,31.008000000000003,25,TRUE
JUUL,2019-11-01,31.008000000000003,25,TRUE
JUUL,2019-12-01,31.008000000000006,25,TRUE
JUUL,2020-01-01,30.6,26,TRUE
JUUL,2020-02-01,30.6,26,TRUE
JUUL,2020-03-01,29.347368421052636,19,TRUE
JUUL,2020-04-01,29.347368421052636,19,TRUE
JUUL,2020-05-01,29.347368421052636,19,TRUE
JUUL,2020-06-01,29.347368421052636,19,TRUE
JUUL,2020-07-01,29.347368421052636,19,TRUE
JUUL,2020-08-01,29.347368421052636,19,TRUE
JUUL,2020-09-01,29.347368421052632,19,TRUE
JUUL,2020-10-01,29.347368421052636,19,TRUE
JUUL,2020-11-01,29.088888888888892,18,TRUE
JUUL,2020-12-01,29.088888888888892,18,TRUE
JUUL,2021-01-01,41.77242784836239,18,TRUE
JUUL,2021-02-01,42.22962948650135,17,TRUE
JUUL,2021-03-01,42.74398132940769,16,TRUE
JUUL,2021-04-01,44.233580084701536,15,TRUE
JUUL,2021-05-01,43.029629486501356,17,TRUE
JUUL,2021-06-01,42.22962948650136,17,TRUE
JUUL,2021-07-01,41.429629486501355,17,TRUE
JUUL,2021-08-01,41.429629486501355,17,TRUE
JUUL,2021-09-01,42.74398132940769,16,TRUE
JUUL,2021-10-01,41.01687229280684,18,TRUE
JUUL,2021-11-01,41.01687229280683,18,TRUE
JUUL,2021-12-01,41.01687229280684,18,TRUE
JUUL,2022-01-01,40.90993506180414,18,TRUE
JUUL,2022-02-01,39.53894155562373,20,TRUE
JUUL,2022-03-01,39.8304647953934,19,TRUE
JUUL,2022-04-01,39.53894155562373,20,TRUE
JUUL,2022-05-01,39.8304647953934,19,TRUE
JUUL,2022-06-01,41.665490617359694,18,TRUE
JUUL,2022-07-01,41.665490617359694,18,TRUE
JUUL,2022-08-01,42.11640183014556,17,TRUE
JUUL,2022-09-01,43.47367694452966,16,TRUE
JUUL,2022-10-01,42.11640183014556,17,TRUE
JUUL,2022-11-01,45.01192207416497,15,TRUE
JUUL,2022-12-01,35.848112550355445,15,TRUE
JUUL,2023-01-01,40.4520015103612,17,TRUE
JUUL,2023-02-01,40.4520015103612,17,TRUE
JUUL,2023-03-01,33.99839284607278,16,TRUE
JUUL,2023-04-01,34.848392846072784,16,TRUE
JUUL,2023-05-01,26.1951623356496,14,TRUE
JUUL,2023-06-01,35.00300091700502,14,TRUE
JUUL,2023-07-01,41.73448456106537,16,TRUE
JUUL,2023-08-01,35.00300091700501,14,TRUE
JUUL,2023-09-01,34.848392846072784,16,TRUE
JUUL,2023-10-01,27.161022724924532,12,TRUE
JUUL,2023-11-01,35.098038951109444,15,TRUE
JUUL,2023-12-01,28.88408590975078,13,TRUE
LOGIC,2013-01-01,13.600000000000003,2,FALSE
LOGIC,2013-02-01,13.600000000000005,2,FALSE
LOGIC,2013-03-01,7.925517241379312,4,FALSE
LOGIC,2013-04-01,6.2841379310344845,6,FALSE
LOGIC,2013-05-01,8.722758620689657,9,FALSE
LOGIC,2013-06-01,9.733166144200629,11,FALSE
LOGIC,2013-07-01,9.733166144200629,11,FALSE
LOGIC,2013-08-01,9.733166144200629,11,FALSE
LOGIC,2013-09-01,9.733166144200629,11,FALSE
LOGIC,2013-10-01,9.733166144200627,11,FALSE
LOGIC,2013-11-01,9.733166144200627,11,FALSE
LOGIC,2013-12-01,9.733166144200627,11,FALSE
LOGIC,2014-01-01,9.733166144200629,11,FALSE
LOGIC,2014-02-01,9.733166144200627,11,FALSE
LOGIC,2014-03-01,9.733166144200627,11,FALSE
LOGIC,2014-04-01,9.733166144200627,11,FALSE
LOGIC,2014-05-01,9.733166144200629,11,FALSE
LOGIC,2014-06-01,9.733166144200629,11,FALSE
LOGIC,2014-07-01,9.733166144200629,11,FALSE
LOGIC,2014-08-01,9.346482758620692,10,FALSE
LOGIC,2014-09-01,9.733166144200627,11,FALSE
LOGIC,2014-10-01,8.873869731800767,9,FALSE
LOGIC,2014-11-01,9.733166144200629,11,FALSE
LOGIC,2014-12-01,9.346482758620692,10,FALSE
LOGIC,2015-01-01,9.225958620689656,10,TRUE
LOGIC,2015-02-01,8.815509578544061,9,TRUE
LOGIC,2015-03-01,12.728686118479223,13,TRUE
LOGIC,2015-04-01,12.728686118479224,13,TRUE
LOGIC,2015-05-01,12.074075533661741,14,TRUE
LOGIC,2015-06-01,12.728686118479223,13,TRUE
LOGIC,2015-07-01,12.074075533661743,14,TRUE
LOGIC,2015-08-01,12.074075533661741,14,TRUE
LOGIC,2015-09-01,12.074075533661741,14,TRUE
LOGIC,2015-10-01,15.446040671971708,26,TRUE
LOGIC,2015-11-01,15.508466338259444,28,TRUE
LOGIC,2015-12-01,15.508466338259444,28,TRUE
LOGIC,2016-01-01,14.883960591133006,28,TRUE
LOGIC,2016-02-01,14.883960591133008,28,TRUE
LOGIC,2016-03-01,14.957715296198057,39,TRUE
LOGIC,2016-04-01,15.07177011494253,42,TRUE
LOGIC,2016-05-01,15.005914995990379,43,TRUE
LOGIC,2016-06-01,14.693032800672835,41,TRUE
LOGIC,2016-07-01,14.403535390199638,38,TRUE
LOGIC,2016-08-01,13.618616509926856,33,TRUE
LOGIC,2016-09-01,12.764880636604776,39,TRUE
LOGIC,2016-10-01,13.169924306139615,41,TRUE
LOGIC,2016-11-01,13.236010610079576,39,TRUE
LOGIC,2016-12-01,13.026419098143236,39,TRUE
LOGIC,2017-01-01,12.77869328493648,38,TRUE
LOGIC,2017-02-01,12.77869328493648,38,TRUE
LOGIC,2017-03-01,12.865678160919542,36,TRUE
LOGIC,2017-04-01,12.613893416927901,33,TRUE
LOGIC,2017-05-01,12.625577586206898,32,TRUE
LOGIC,2017-06-01,12.30437617554859,33,TRUE
LOGIC,2017-07-01,12.96750166852058,31,TRUE
LOGIC,2017-08-01,12.48248275862069,34,TRUE
LOGIC,2017-09-01,13.088663993584603,43,TRUE
LOGIC,2017-10-01,13.294790697674419,43,TRUE
LOGIC,2017-11-01,13.32621052631579,38,TRUE
LOGIC,2017-12-01,13.40297435897436,39,TRUE
LOGIC,2018-01-01,13.747900000000001,40,FALSE
LOGIC,2018-02-01,13.711121951219512,41,FALSE
LOGIC,2018-03-01,13.355567567567569,37,FALSE
LOGIC,2018-04-01,13.386555555555557,36,FALSE
LOGIC,2018-05-01,13.273222222222223,36,FALSE
LOGIC,2018-06-01,13.273222222222223,36,FALSE
LOGIC,2018-07-01,13.243515151515153,33,FALSE
LOGIC,2018-08-01,13.334000000000001,34,FALSE
LOGIC,2018-09-01,13.218842105263159,38,FALSE
LOGIC,2018-10-01,13.019875,32,FALSE
LOGIC,2018-11-01,12.582266666666667,30,FALSE
LOGIC,2018-12-01,12.536933333333334,30,FALSE
LOGIC,2019-01-01,12.268769230769232,26,TRUE
LOGIC,2019-02-01,12.43312,25,TRUE
LOGIC,2019-03-01,12.461,28,TRUE
LOGIC,2019-04-01,12.791846153846155,26,TRUE
LOGIC,2019-05-01,12.418814814814816,27,TRUE
LOGIC,2019-06-01,12.190307692307693,26,TRUE
LOGIC,2019-07-01,10.8154,20,TRUE
LOGIC,2019-08-01,11.174666666666667,21,TRUE
LOGIC,2019-09-01,11.428533333333334,15,TRUE
LOGIC,2019-10-01,11.677111111111111,18,TRUE
LOGIC,2019-11-01,11.595619047619047,21,TRUE
LOGIC,2019-12-01,11.90309090909091,22,TRUE
LOGIC,2020-01-01,11.90309090909091,22,TRUE
LOGIC,2020-02-01,12.18657142857143,14,TRUE
LOGIC,2020-03-01,11.327666666666667,12,TRUE
LOGIC,2020-04-01,11.870533333333334,10,TRUE
LOGIC,2020-05-01,11.149481481481482,9,TRUE
LOGIC,2020-06-01,11.523166666666668,8,TRUE
LOGIC,2020-07-01,11.523166666666667,8,TRUE
LOGIC,2020-08-01,11.523166666666667,8,TRUE
LOGIC,2020-09-01,11.523166666666668,8,TRUE
LOGIC,2020-10-01,11.523166666666668,8,TRUE
LOGIC,2020-11-01,11.523166666666668,8,TRUE
LOGIC,2020-12-01,11.523166666666667,8,TRUE
LOGIC,2021-01-01,20.060000000000002,9,FALSE
LOGIC,2021-02-01,14.492500000000001,8,FALSE
LOGIC,2021-03-01,14.4925,8,FALSE
LOGIC,2021-04-01,14.492500000000001,8,FALSE
LOGIC,2021-05-01,14.4925,8,FALSE
LOGIC,2021-06-01,14.492500000000001,8,FALSE
LOGIC,2021-07-01,14.492500000000001,8,FALSE
LOGIC,2021-08-01,14.814285714285717,7,FALSE
LOGIC,2021-09-01,14.814285714285715,7,FALSE
LOGIC,2021-10-01,14.492500000000001,8,FALSE
LOGIC,2021-11-01,14.492500000000001,8,FALSE
LOGIC,2021-12-01,14.492500000000001,8,FALSE
LOGIC,2022-01-01,13.732222222222223,6,FALSE
LOGIC,2022-02-01,13.732222222222223,6,FALSE
LOGIC,2022-03-01,13.732222222222223,6,FALSE
LOGIC,2022-04-01,13.519047619047619,7,FALSE
LOGIC,2022-05-01,13.732222222222223,6,FALSE
LOGIC,2022-06-01,13.732222222222223,6,FALSE
LOGIC,2022-07-01,13.732222222222223,6,FALSE
LOGIC,2022-08-01,13.732222222222223,6,FALSE
LOGIC,2022-09-01,13.732222222222223,6,FALSE
LOGIC,2022-10-01,13.732222222222223,6,FALSE
LOGIC,2022-11-01,13.732222222222223,6,FALSE
LOGIC,2022-12-01,13.732222222222223,6,FALSE
LOGIC,2023-01-01,13.732222222222223,6,FALSE
LOGIC,2023-02-01,13.732222222222223,6,FALSE
LOGIC,2023-03-01,13.732222222222223,6,FALSE
LOGIC,2023-04-01,13.732222222222223,6,FALSE
LOGIC,2023-05-01,13.732222222222223,6,FALSE
LOGIC,2023-06-01,13.732222222222223,6,FALSE
LOGIC,2023-07-01,13.732222222222223,6,FALSE
LOGIC,2023-08-01,13.732222222222223,6,FALSE
LOGIC,2023-09-01,13.732222222222223,6,FALSE
LOGIC,2023-10-01,13.732222222222223,6,FALSE
LOGIC,2023-11-01,13.732222222222223,6,FALSE
LOGIC,2023-12-01,13.732222222222223,6,FALSE
MARKTEN,2013-01-01,NA,NA,FALSE
MARKTEN,2013-02-01,NA,NA,FALSE
MARKTEN,2013-03-01,NA,NA,FALSE
MARKTEN,2013-04-01,NA,NA,FALSE
MARKTEN,2013-05-01,NA,NA,FALSE
MARKTEN,2013-06-01,NA,NA,FALSE
MARKTEN,2013-07-01,NA,NA,FALSE
MARKTEN,2013-08-01,29.749999999999996,4,FALSE
MARKTEN,2013-09-01,29.75,4,FALSE
MARKTEN,2013-10-01,29.75,4,FALSE
MARKTEN,2013-11-01,29.75,4,FALSE
MARKTEN,2013-12-01,29.75,4,FALSE
MARKTEN,2014-01-01,31.2375,8,FALSE
MARKTEN,2014-02-01,31.237499999999997,8,FALSE
MARKTEN,2014-03-01,31.2375,8,FALSE
MARKTEN,2014-04-01,29.75,10,FALSE
MARKTEN,2014-05-01,29.75,10,FALSE
MARKTEN,2014-06-01,28.758333333333333,12,FALSE
MARKTEN,2014-07-01,28.758333333333333,12,FALSE
MARKTEN,2014-08-01,28.758333333333333,12,FALSE
MARKTEN,2014-09-01,28.758333333333333,12,FALSE
MARKTEN,2014-10-01,28.758333333333333,12,FALSE
MARKTEN,2014-11-01,26.775,6,FALSE
MARKTEN,2014-12-01,23.800000000000004,5,FALSE
MARKTEN,2015-01-01,21.533333333333335,6,FALSE
MARKTEN,2015-02-01,21.857142857142858,7,FALSE
MARKTEN,2015-03-01,21.533333333333335,6,FALSE
MARKTEN,2015-04-01,21.533333333333335,6,FALSE
MARKTEN,2015-05-01,21.533333333333335,6,FALSE
MARKTEN,2015-06-01,21.533333333333335,6,FALSE
MARKTEN,2015-07-01,21.533333333333335,6,FALSE
MARKTEN,2015-08-01,21.533333333333335,6,FALSE
MARKTEN,2015-09-01,21.533333333333335,6,FALSE
MARKTEN,2015-10-01,21.476666666666667,12,FALSE
MARKTEN,2015-11-01,21.476666666666667,12,FALSE
MARKTEN,2015-12-01,21.476666666666667,12,FALSE
MARKTEN,2016-01-01,21.47666666666667,12,FALSE
MARKTEN,2016-02-01,21.476666666666667,12,FALSE
MARKTEN,2016-03-01,21.476666666666667,12,FALSE
MARKTEN,2016-04-01,21.476666666666667,12,FALSE
MARKTEN,2016-05-01,21.476666666666667,12,FALSE
MARKTEN,2016-06-01,21.476666666666667,12,FALSE
MARKTEN,2016-07-01,21.47666666666667,12,FALSE
MARKTEN,2016-08-01,21.265454545454546,11,FALSE
MARKTEN,2016-09-01,20.702222222222222,9,FALSE
MARKTEN,2016-10-01,21.265454545454546,11,FALSE
MARKTEN,2016-11-01,21.265454545454546,11,FALSE
MARKTEN,2016-12-01,20.702222222222225,9,FALSE
MARKTEN,2017-01-01,21.080000000000002,9,FALSE
MARKTEN,2017-02-01,22.19272727272727,11,FALSE
MARKTEN,2017-03-01,22.192727272727275,11,FALSE
MARKTEN,2017-04-01,22.192727272727275,11,FALSE
MARKTEN,2017-05-01,22.192727272727275,11,FALSE
MARKTEN,2017-06-01,22.192727272727275,11,FALSE
MARKTEN,2017-07-01,22.8225,12,FALSE
MARKTEN,2017-08-01,22.192727272727275,11,FALSE
MARKTEN,2017-09-01,22.192727272727275,11,FALSE
MARKTEN,2017-10-01,22.712,10,FALSE
MARKTEN,2017-11-01,23.346666666666668,9,FALSE
MARKTEN,2017-12-01,23.346666666666668,9,FALSE
MARKTEN,2018-01-01,22.8225,12,TRUE
MARKTEN,2018-02-01,22.8225,12,TRUE
MARKTEN,2018-03-01,22.8225,12,TRUE
MARKTEN,2018-04-01,22.8225,12,TRUE
MARKTEN,2018-05-01,22.89769230769231,13,TRUE
MARKTEN,2018-06-01,22.8225,12,TRUE
MARKTEN,2018-07-01,23.351818181818185,11,TRUE
MARKTEN,2018-08-01,23.987000000000002,10,TRUE
MARKTEN,2018-09-01,23.35181818181818,11,TRUE
MARKTEN,2018-10-01,23.35181818181818,11,TRUE
MARKTEN,2018-11-01,23.987000000000002,10,TRUE
MARKTEN,2018-12-01,23.35181818181818,11,TRUE
MARKTEN,2019-01-01,23.00838383838384,11,FALSE
MARKTEN,2019-02-01,23.00838383838384,11,FALSE
MARKTEN,2019-03-01,23.00838383838384,11,FALSE
MARKTEN,2019-04-01,23.00838383838384,11,FALSE
MARKTEN,2019-05-01,23.987000000000002,10,FALSE
MARKTEN,2019-06-01,22.8225,12,FALSE
MARKTEN,2019-07-01,23.351818181818185,11,FALSE
MARKTEN,2019-08-01,22.967000000000002,10,FALSE
MARKTEN,2019-09-01,22.865000000000002,8,FALSE
MARKTEN,2019-10-01,21.930000000000003,4,FALSE
MARKTEN,2019-11-01,23.686666666666667,6,FALSE
MARKTEN,2019-12-01,23.686666666666667,6,FALSE
MARKTEN,2020-01-01,23.686666666666667,6,FALSE
MARKTEN,2020-02-01,21.30666666666667,3,FALSE
MARKTEN,2020-03-01,NA,NA,FALSE
MARKTEN,2020-04-01,16.32,1,FALSE
MARKTEN,2020-05-01,16.320000000000004,1,FALSE
MARKTEN,2020-06-01,NA,NA,FALSE
MARKTEN,2020-07-01,NA,NA,FALSE
MARKTEN,2020-08-01,NA,NA,FALSE
MARKTEN,2020-09-01,NA,NA,FALSE
MARKTEN,2020-10-01,NA,NA,FALSE
MARKTEN,2020-11-01,NA,NA,FALSE
MARKTEN,2020-12-01,NA,NA,FALSE
MARKTEN,2021-01-01,NA,NA,FALSE
MARKTEN,2021-02-01,NA,NA,FALSE
MARKTEN,2021-03-01,NA,NA,FALSE
MARKTEN,2021-04-01,NA,NA,FALSE
MARKTEN,2021-05-01,NA,NA,FALSE
MARKTEN,2021-06-01,NA,NA,FALSE
MARKTEN,2021-07-01,NA,NA,FALSE
MARKTEN,2021-08-01,NA,NA,FALSE
MARKTEN,2021-09-01,NA,NA,FALSE
MARKTEN,2021-10-01,NA,NA,FALSE
MARKTEN,2021-11-01,NA,NA,FALSE
MARKTEN,2021-12-01,NA,NA,FALSE
MARKTEN,2022-01-01,NA,NA,FALSE
MARKTEN,2022-02-01,NA,NA,FALSE
MARKTEN,2022-03-01,NA,NA,FALSE
MARKTEN,2022-04-01,NA,NA,FALSE
MARKTEN,2022-05-01,NA,NA,FALSE
MARKTEN,2022-06-01,NA,NA,FALSE
MARKTEN,2022-07-01,NA,NA,FALSE
MARKTEN,2022-08-01,NA,NA,FALSE
MARKTEN,2022-09-01,NA,NA,FALSE
MARKTEN,2022-10-01,NA,NA,FALSE
MARKTEN,2022-11-01,NA,NA,FALSE
MARKTEN,2022-12-01,NA,NA,FALSE
MARKTEN,2023-01-01,NA,NA,FALSE
MARKTEN,2023-02-01,NA,NA,FALSE
MARKTEN,2023-03-01,NA,NA,FALSE
MARKTEN,2023-04-01,NA,NA,FALSE
MARKTEN,2023-05-01,NA,NA,FALSE
MARKTEN,2023-06-01,NA,NA,FALSE
MARKTEN,2023-07-01,NA,NA,FALSE
MARKTEN,2023-08-01,NA,NA,FALSE
MARKTEN,2023-09-01,NA,NA,FALSE
MARKTEN,2023-10-01,NA,NA,FALSE
MARKTEN,2023-11-01,NA,NA,FALSE
MARKTEN,2023-12-01,NA,NA,FALSE
MISTIC,2013-01-01,10.626133333333332,9,FALSE
MISTIC,2013-02-01,10.626133333333334,9,FALSE
MISTIC,2013-03-01,10.626133333333334,9,FALSE
MISTIC,2013-04-01,10.626133333333334,9,FALSE
MISTIC,2013-05-01,10.626133333333334,9,FALSE
MISTIC,2013-06-01,11.10848,15,FALSE
MISTIC,2013-07-01,11.1792,16,FALSE
MISTIC,2013-08-01,11.1792,16,FALSE
MISTIC,2013-09-01,11.10848,15,FALSE
MISTIC,2013-10-01,11.10848,15,FALSE
MISTIC,2013-11-01,11.10848,15,FALSE
MISTIC,2013-12-01,11.10848,15,FALSE
MISTIC,2014-01-01,10.9536,17,TRUE
MISTIC,2014-02-01,10.9536,17,TRUE
MISTIC,2014-03-01,10.732342857142857,21,TRUE
MISTIC,2014-04-01,11.600800000000001,24,TRUE
MISTIC,2014-05-01,12.129257142857144,28,TRUE
MISTIC,2014-06-01,11.952768,25,TRUE
MISTIC,2014-07-01,12.370560000000001,25,TRUE
MISTIC,2014-08-01,12.63393103448276,29,TRUE
MISTIC,2014-09-01,12.836307692307694,26,TRUE
MISTIC,2014-10-01,12.57848888888889,27,TRUE
MISTIC,2014-11-01,12.319127272727274,33,TRUE
MISTIC,2014-12-01,12.3879,32,TRUE
MISTIC,2015-01-01,12.254836363636365,33,TRUE
MISTIC,2015-02-01,12.2553,32,TRUE
MISTIC,2015-03-01,12.254836363636365,33,TRUE
MISTIC,2015-04-01,12.586800000000002,32,TRUE
MISTIC,2015-05-01,12.597987096774196,31,TRUE
MISTIC,2015-06-01,12.255300000000002,32,TRUE
MISTIC,2015-07-01,12.597987096774194,31,TRUE
MISTIC,2015-08-01,12.224700000000002,32,TRUE
MISTIC,2015-09-01,10.560757894736843,38,TRUE
MISTIC,2015-10-01,10.379520000000001,40,TRUE
MISTIC,2015-11-01,10.331815384615386,39,TRUE
MISTIC,2015-12-01,10.603815384615386,39,TRUE
MISTIC,2016-01-01,10.16872,40,TRUE
MISTIC,2016-02-01,10.16872,40,TRUE
MISTIC,2016-03-01,10.16872,40,TRUE
MISTIC,2016-04-01,10.16872,40,TRUE
MISTIC,2016-05-01,10.16872,40,TRUE
MISTIC,2016-06-01,10.16872,40,TRUE
MISTIC,2016-07-01,10.219239024390244,41,TRUE
MISTIC,2016-08-01,10.16872,40,TRUE
MISTIC,2016-09-01,9.051234042553192,47,TRUE
MISTIC,2016-10-01,8.893266666666667,48,TRUE
MISTIC,2016-11-01,8.659060869565218,46,TRUE
MISTIC,2016-12-01,8.893266666666667,48,TRUE
MISTIC,2017-01-01,8.926229787234043,47,TRUE
MISTIC,2017-02-01,8.926229787234043,47,TRUE
MISTIC,2017-03-01,8.648466666666668,48,TRUE
MISTIC,2017-04-01,8.501942857142858,49,TRUE
MISTIC,2017-05-01,8.509066666666667,48,TRUE
MISTIC,2017-06-01,8.501942857142858,49,TRUE
MISTIC,2017-07-01,8.478784000000001,50,TRUE
MISTIC,2017-08-01,8.478784000000001,50,TRUE
MISTIC,2017-09-01,8.501942857142858,49,TRUE
MISTIC,2017-10-01,8.080765217391304,46,TRUE
MISTIC,2017-11-01,8.481454545454547,44,TRUE
MISTIC,2017-12-01,8.481669565217391,46,TRUE
MISTIC,2018-01-01,8.563466666666667,48,FALSE
MISTIC,2018-02-01,8.478784000000001,50,FALSE
MISTIC,2018-03-01,8.683733333333334,51,FALSE
MISTIC,2018-04-01,8.721763265306123,49,FALSE
MISTIC,2018-05-01,8.590666666666667,48,FALSE
MISTIC,2018-06-01,8.531008,50,FALSE
MISTIC,2018-07-01,8.752612765957448,47,FALSE
MISTIC,2018-08-01,8.502604255319149,47,FALSE
MISTIC,2018-09-01,8.530382978723406,47,FALSE
MISTIC,2018-10-01,9.122753488372094,43,FALSE
MISTIC,2018-11-01,9.048533333333333,42,FALSE
MISTIC,2018-12-01,8.930254545454545,44,FALSE
MISTIC,2019-01-01,8.990960000000001,40,FALSE
MISTIC,2019-02-01,9.068480000000001,40,FALSE
MISTIC,2019-03-01,8.753219047619048,42,FALSE
MISTIC,2019-04-01,8.869989743589745,39,FALSE
MISTIC,2019-05-01,8.96304761904762,42,FALSE
MISTIC,2019-06-01,8.714417021276596,47,FALSE
MISTIC,2019-07-01,8.713325714285714,35,FALSE
MISTIC,2019-08-01,9.080389189189189,37,FALSE
MISTIC,2019-09-01,8.65289696969697,33,FALSE
MISTIC,2019-10-01,8.810080000000001,20,FALSE
MISTIC,2019-11-01,9.9756,24,FALSE
MISTIC,2019-12-01,9.189714285714286,28,FALSE
MISTIC,2020-01-01,8.9998,32,FALSE
MISTIC,2020-02-01,5.44,7,FALSE
MISTIC,2020-03-01,NA,NA,FALSE
MISTIC,2020-04-01,NA,NA,FALSE
MISTIC,2020-05-01,NA,NA,FALSE
MISTIC,2020-06-01,NA,NA,FALSE
MISTIC,2020-07-01,NA,NA,FALSE
MISTIC,2020-08-01,NA,NA,FALSE
MISTIC,2020-09-01,NA,NA,FALSE
MISTIC,2020-10-01,16.32,1,FALSE
MISTIC,2020-11-01,16.32,2,FALSE
MISTIC,2020-12-01,NA,NA,FALSE
MISTIC,2021-01-01,NA,NA,FALSE
MISTIC,2021-02-01,NA,NA,FALSE
MISTIC,2021-03-01,NA,NA,FALSE
MISTIC,2021-04-01,NA,NA,FALSE
MISTIC,2021-05-01,NA,NA,FALSE
MISTIC,2021-06-01,NA,NA,FALSE
MISTIC,2021-07-01,NA,NA,FALSE
MISTIC,2021-08-01,NA,NA,FALSE
MISTIC,2021-09-01,NA,NA,FALSE
MISTIC,2021-10-01,NA,NA,FALSE
MISTIC,2021-11-01,NA,NA,FALSE
MISTIC,2021-12-01,NA,NA,FALSE
MISTIC,2022-01-01,NA,NA,FALSE
MISTIC,2022-02-01,NA,NA,FALSE
MISTIC,2022-03-01,NA,NA,FALSE
MISTIC,2022-04-01,NA,NA,FALSE
MISTIC,2022-05-01,NA,NA,FALSE
MISTIC,2022-06-01,NA,NA,FALSE
MISTIC,2022-07-01,NA,NA,FALSE
MISTIC,2022-08-01,NA,NA,FALSE
MISTIC,2022-09-01,NA,NA,FALSE
MISTIC,2022-10-01,NA,NA,FALSE
MISTIC,2022-11-01,NA,NA,FALSE
MISTIC,2022-12-01,NA,NA,FALSE
MISTIC,2023-01-01,NA,NA,FALSE
MISTIC,2023-02-01,NA,NA,FALSE
MISTIC,2023-03-01,NA,NA,FALSE
MISTIC,2023-04-01,NA,NA,FALSE
MISTIC,2023-05-01,NA,NA,FALSE
MISTIC,2023-06-01,NA,NA,FALSE
MISTIC,2023-07-01,NA,NA,FALSE
MISTIC,2023-08-01,NA,NA,FALSE
MISTIC,2023-09-01,NA,NA,FALSE
MISTIC,2023-10-01,NA,NA,FALSE
MISTIC,2023-11-01,NA,NA,FALSE
MISTIC,2023-12-01,NA,NA,FALSE
MNGO,2013-01-01,NA,NA,FALSE
MNGO,2013-02-01,NA,NA,FALSE
MNGO,2013-03-01,NA,NA,FALSE
MNGO,2013-04-01,NA,NA,FALSE
MNGO,2013-05-01,NA,NA,FALSE
MNGO,2013-06-01,NA,NA,FALSE
MNGO,2013-07-01,NA,NA,FALSE
MNGO,2013-08-01,NA,NA,FALSE
MNGO,2013-09-01,NA,NA,FALSE
MNGO,2013-10-01,NA,NA,FALSE
MNGO,2013-11-01,NA,NA,FALSE
MNGO,2013-12-01,NA,NA,FALSE
MNGO,2014-01-01,NA,NA,FALSE
MNGO,2014-02-01,NA,NA,FALSE
MNGO,2014-03-01,NA,NA,FALSE
MNGO,2014-04-01,NA,NA,FALSE
MNGO,2014-05-01,NA,NA,FALSE
MNGO,2014-06-01,NA,NA,FALSE
MNGO,2014-07-01,NA,NA,FALSE
MNGO,2014-08-01,NA,NA,FALSE
MNGO,2014-09-01,NA,NA,FALSE
MNGO,2014-10-01,NA,NA,FALSE
MNGO,2014-11-01,NA,NA,FALSE
MNGO,2014-12-01,NA,NA,FALSE
MNGO,2015-01-01,NA,NA,FALSE
MNGO,2015-02-01,NA,NA,FALSE
MNGO,2015-03-01,NA,NA,FALSE
MNGO,2015-04-01,NA,NA,FALSE
MNGO,2015-05-01,NA,NA,FALSE
MNGO,2015-06-01,NA,NA,FALSE
MNGO,2015-07-01,NA,NA,FALSE
MNGO,2015-08-01,NA,NA,FALSE
MNGO,2015-09-01,NA,NA,FALSE
MNGO,2015-10-01,NA,NA,FALSE
MNGO,2015-11-01,NA,NA,FALSE
MNGO,2015-12-01,NA,NA,FALSE
MNGO,2016-01-01,NA,NA,FALSE
MNGO,2016-02-01,NA,NA,FALSE
MNGO,2016-03-01,NA,NA,FALSE
MNGO,2016-04-01,NA,NA,FALSE
MNGO,2016-05-01,NA,NA,FALSE
MNGO,2016-06-01,NA,NA,FALSE
MNGO,2016-07-01,NA,NA,FALSE
MNGO,2016-08-01,NA,NA,FALSE
MNGO,2016-09-01,NA,NA,FALSE
MNGO,2016-10-01,NA,NA,FALSE
MNGO,2016-11-01,NA,NA,FALSE
MNGO,2016-12-01,NA,NA,FALSE
MNGO,2017-01-01,NA,NA,FALSE
MNGO,2017-02-01,NA,NA,FALSE
MNGO,2017-03-01,NA,NA,FALSE
MNGO,2017-04-01,NA,NA,FALSE
MNGO,2017-05-01,NA,NA,FALSE
MNGO,2017-06-01,NA,NA,FALSE
MNGO,2017-07-01,NA,NA,FALSE
MNGO,2017-08-01,NA,NA,FALSE
MNGO,2017-09-01,NA,NA,FALSE
MNGO,2017-10-01,NA,NA,FALSE
MNGO,2017-11-01,NA,NA,FALSE
MNGO,2017-12-01,NA,NA,FALSE
MNGO,2018-01-01,NA,NA,FALSE
MNGO,2018-02-01,NA,NA,FALSE
MNGO,2018-03-01,NA,NA,FALSE
MNGO,2018-04-01,NA,NA,FALSE
MNGO,2018-05-01,NA,NA,FALSE
MNGO,2018-06-01,NA,NA,FALSE
MNGO,2018-07-01,NA,NA,FALSE
MNGO,2018-08-01,NA,NA,FALSE
MNGO,2018-09-01,NA,NA,FALSE
MNGO,2018-10-01,NA,NA,FALSE
MNGO,2018-11-01,NA,NA,FALSE
MNGO,2018-12-01,NA,NA,FALSE
MNGO,2019-01-01,NA,NA,FALSE
MNGO,2019-02-01,NA,NA,FALSE
MNGO,2019-03-01,NA,NA,FALSE
MNGO,2019-04-01,NA,NA,FALSE
MNGO,2019-05-01,NA,NA,FALSE
MNGO,2019-06-01,NA,NA,FALSE
MNGO,2019-07-01,NA,NA,FALSE
MNGO,2019-08-01,NA,NA,FALSE
MNGO,2019-09-01,NA,NA,FALSE
MNGO,2019-10-01,NA,NA,FALSE
MNGO,2019-11-01,NA,NA,FALSE
MNGO,2019-12-01,NA,NA,FALSE
MNGO,2020-01-01,NA,NA,FALSE
MNGO,2020-02-01,NA,NA,FALSE
MNGO,2020-03-01,NA,NA,FALSE
MNGO,2020-04-01,NA,NA,FALSE
MNGO,2020-05-01,NA,NA,FALSE
MNGO,2020-06-01,NA,NA,FALSE
MNGO,2020-07-01,NA,NA,FALSE
MNGO,2020-08-01,NA,NA,FALSE
MNGO,2020-09-01,NA,NA,FALSE
MNGO,2020-10-01,NA,NA,FALSE
MNGO,2020-11-01,NA,NA,FALSE
MNGO,2020-12-01,NA,NA,FALSE
MNGO,2021-01-01,40.800000000000004,8,TRUE
MNGO,2021-02-01,40.800000000000004,8,TRUE
MNGO,2021-03-01,40.800000000000004,8,TRUE
MNGO,2021-04-01,40.800000000000004,8,TRUE
MNGO,2021-05-01,40.800000000000004,8,TRUE
MNGO,2021-06-01,40.800000000000004,8,TRUE
MNGO,2021-07-01,40.800000000000004,8,TRUE
MNGO,2021-08-01,40.800000000000004,8,TRUE
MNGO,2021-09-01,40.800000000000004,8,TRUE
MNGO,2021-10-01,40.800000000000004,8,TRUE
MNGO,2021-11-01,40.80000000000001,12,TRUE
MNGO,2021-12-01,40.800000000000004,12,TRUE
MNGO,2022-01-01,40.80000000000001,12,FALSE
MNGO,2022-02-01,40.80000000000001,12,FALSE
MNGO,2022-03-01,40.80000000000001,12,FALSE
MNGO,2022-04-01,40.80000000000001,12,FALSE
MNGO,2022-05-01,40.800000000000004,13,FALSE
MNGO,2022-06-01,40.80000000000001,14,FALSE
MNGO,2022-07-01,40.800000000000004,14,FALSE
MNGO,2022-08-01,40.80000000000001,14,FALSE
MNGO,2022-09-01,40.80000000000001,14,FALSE
MNGO,2022-10-01,40.80000000000001,14,FALSE
MNGO,2022-11-01,40.80000000000001,13,FALSE
MNGO,2022-12-01,40.80000000000001,14,FALSE
MNGO,2023-01-01,40.800000000000004,11,FALSE
MNGO,2023-02-01,40.800000000000004,12,FALSE
MNGO,2023-03-01,40.800000000000004,11,FALSE
MNGO,2023-04-01,40.800000000000004,10,FALSE
MNGO,2023-05-01,40.800000000000004,10,FALSE
MNGO,2023-06-01,40.800000000000004,10,FALSE
MNGO,2023-07-01,40.80000000000001,11,FALSE
MNGO,2023-08-01,40.800000000000004,10,FALSE
MNGO,2023-09-01,40.800000000000004,10,FALSE
MNGO,2023-10-01,40.800000000000004,10,FALSE
MNGO,2023-11-01,40.800000000000004,10,FALSE
MNGO,2023-12-01,40.800000000000004,10,FALSE
NICOTEK,2013-01-01,11.22,8,TRUE
NICOTEK,2013-02-01,6.05792338275021,17,TRUE
NICOTEK,2013-03-01,6.057923382750209,17,TRUE
NICOTEK,2013-04-01,6.05792338275021,17,TRUE
NICOTEK,2013-05-01,6.05792338275021,17,TRUE
NICOTEK,2013-06-01,6.05792338275021,17,TRUE
NICOTEK,2013-07-01,5.696806190904987,21,TRUE
NICOTEK,2013-08-01,5.696806190904988,21,TRUE
NICOTEK,2013-09-01,5.696806190904988,21,TRUE
NICOTEK,2013-10-01,5.696806190904988,21,TRUE
NICOTEK,2013-11-01,5.696806190904988,21,TRUE
NICOTEK,2013-12-01,5.696806190904988,21,TRUE
NICOTEK,2014-01-01,5.696806190904988,21,FALSE
NICOTEK,2014-02-01,5.696806190904988,21,FALSE
NICOTEK,2014-03-01,5.696806190904988,21,FALSE
NICOTEK,2014-04-01,5.696806190904988,21,FALSE
NICOTEK,2014-05-01,5.696806190904988,21,FALSE
NICOTEK,2014-06-01,5.9081759587460505,20,FALSE
NICOTEK,2014-07-01,5.908175958746051,20,FALSE
NICOTEK,2014-08-01,5.696806190904988,21,FALSE
NICOTEK,2014-09-01,6.401372083708531,18,FALSE
NICOTEK,2014-10-01,6.141795175833542,19,FALSE
NICOTEK,2014-11-01,5.696806190904988,21,FALSE
NICOTEK,2014-12-01,5.696806190904988,21,FALSE
NICOTEK,2015-01-01,5.908175958746051,20,FALSE
NICOTEK,2015-02-01,6.691487451333519,17,FALSE
NICOTEK,2015-03-01,8.298280256641148,13,FALSE
NICOTEK,2015-04-01,7.387764333633492,15,FALSE
NICOTEK,2015-05-01,6.401372083708532,18,FALSE
NICOTEK,2015-06-01,6.401372083708531,18,FALSE
NICOTEK,2015-07-01,6.401372083708531,18,FALSE
NICOTEK,2015-08-01,5.908175958746051,20,FALSE
NICOTEK,2015-09-01,5.696806190904988,21,FALSE
NICOTEK,2015-10-01,5.696806190904988,21,FALSE
NICOTEK,2015-11-01,5.9081759587460505,20,FALSE
NICOTEK,2015-12-01,5.696806190904988,21,FALSE
NICOTEK,2016-01-01,5.696806190904988,21,FALSE
NICOTEK,2016-02-01,5.696806190904988,21,FALSE
NICOTEK,2016-03-01,5.696806190904988,21,FALSE
NICOTEK,2016-04-01,5.696806190904988,21,FALSE
NICOTEK,2016-05-01,5.908175958746051,20,FALSE
NICOTEK,2016-06-01,5.696806190904988,21,FALSE
NICOTEK,2016-07-01,6.141795175833542,19,FALSE
NICOTEK,2016-08-01,5.908175958746051,20,FALSE
NICOTEK,2016-09-01,5.908175958746051,20,FALSE
NICOTEK,2016-10-01,5.908175958746051,20,FALSE
NICOTEK,2016-11-01,5.696806190904988,21,FALSE
NICOTEK,2016-12-01,6.141795175833542,19,FALSE
NICOTEK,2017-01-01,5.183920992528023,21,FALSE
NICOTEK,2017-02-01,5.183920992528023,21,FALSE
NICOTEK,2017-03-01,5.5046518565040214,22,FALSE
NICOTEK,2017-04-01,5.329206594659661,23,FALSE
NICOTEK,2017-05-01,5.015079621689646,22,FALSE
NICOTEK,2017-06-01,4.671035794151058,21,FALSE
NICOTEK,2017-07-01,5.183920992528023,21,FALSE
NICOTEK,2017-08-01,4.671035794151058,21,FALSE
NICOTEK,2017-09-01,5.5046518565040214,22,FALSE
NICOTEK,2017-10-01,5.015079621689646,22,FALSE
NICOTEK,2017-11-01,5.015079621689646,22,FALSE
NICOTEK,2017-12-01,5.015079621689646,22,FALSE
NICOTEK,2018-01-01,5.168381771302331,24,FALSE
NICOTEK,2018-02-01,5.015079621689646,22,FALSE
NICOTEK,2018-03-01,5.369646500450237,20,FALSE
NICOTEK,2018-04-01,5.5046518565040214,22,FALSE
NICOTEK,2018-05-01,4.606273889389152,18,FALSE
NICOTEK,2018-06-01,4.089039561956431,19,FALSE
NICOTEK,2018-07-01,3.3515286672669826,15,FALSE
NICOTEK,2018-08-01,3.3701030398336584,17,FALSE
NICOTEK,2018-09-01,4.790795245583589,17,FALSE
NICOTEK,2018-10-01,3.6520581255627964,16,FALSE
NICOTEK,2018-11-01,2.4485553037124803,11,FALSE
NICOTEK,2018-12-01,2.716637857786053,14,FALSE
NICOTEK,2019-01-01,3.8220581255627963,12,FALSE
NICOTEK,2019-02-01,3.264509028403107,6,FALSE
NICOTEK,2019-03-01,4.406844242969984,11,FALSE
NICOTEK,2019-04-01,4.162058125562797,8,FALSE
NICOTEK,2019-05-01,2.666142963629981,9,FALSE
NICOTEK,2019-06-01,4.162058125562797,8,FALSE
NICOTEK,2019-07-01,3.8628750931762332,9,FALSE
NICOTEK,2019-08-01,6.854705417041864,6,FALSE
NICOTEK,2019-09-01,6.854705417041864,4,FALSE
NICOTEK,2019-10-01,NA,NA,FALSE
NICOTEK,2019-11-01,NA,NA,FALSE
NICOTEK,2019-12-01,NA,NA,FALSE
NICOTEK,2020-01-01,NA,NA,FALSE
NICOTEK,2020-02-01,NA,NA,FALSE
NICOTEK,2020-03-01,NA,NA,FALSE
NICOTEK,2020-04-01,NA,NA,FALSE
NICOTEK,2020-05-01,NA,NA,FALSE
NICOTEK,2020-06-01,NA,NA,FALSE
NICOTEK,2020-07-01,NA,NA,FALSE
NICOTEK,2020-08-01,NA,NA,FALSE
NICOTEK,2020-09-01,NA,NA,FALSE
NICOTEK,2020-10-01,NA,NA,FALSE
NICOTEK,2020-11-01,NA,NA,FALSE
NICOTEK,2020-12-01,NA,NA,FALSE
NICOTEK,2021-01-01,NA,NA,FALSE
NICOTEK,2021-02-01,NA,NA,FALSE
NICOTEK,2021-03-01,NA,NA,FALSE
NICOTEK,2021-04-01,NA,NA,FALSE
NICOTEK,2021-05-01,NA,NA,FALSE
NICOTEK,2021-06-01,NA,NA,FALSE
NICOTEK,2021-07-01,NA,NA,FALSE
NICOTEK,2021-08-01,NA,NA,FALSE
NICOTEK,2021-09-01,NA,NA,FALSE
NICOTEK,2021-10-01,NA,NA,FALSE
NICOTEK,2021-11-01,NA,NA,FALSE
NICOTEK,2021-12-01,NA,NA,FALSE
NICOTEK,2022-01-01,NA,NA,FALSE
NICOTEK,2022-02-01,NA,NA,FALSE
NICOTEK,2022-03-01,NA,NA,FALSE
NICOTEK,2022-04-01,NA,NA,FALSE
NICOTEK,2022-05-01,NA,NA,FALSE
NICOTEK,2022-06-01,NA,NA,FALSE
NICOTEK,2022-07-01,NA,NA,FALSE
NICOTEK,2022-08-01,NA,NA,FALSE
NICOTEK,2022-09-01,NA,NA,FALSE
NICOTEK,2022-10-01,NA,NA,FALSE
NICOTEK,2022-11-01,NA,NA,FALSE
NICOTEK,2022-12-01,NA,NA,FALSE
NICOTEK,2023-01-01,NA,NA,FALSE
NICOTEK,2023-02-01,NA,NA,FALSE
NICOTEK,2023-03-01,NA,NA,FALSE
NICOTEK,2023-04-01,NA,NA,FALSE
NICOTEK,2023-05-01,NA,NA,FALSE
NICOTEK,2023-06-01,NA,NA,FALSE
NICOTEK,2023-07-01,NA,NA,FALSE
NICOTEK,2023-08-01,NA,NA,FALSE
NICOTEK,2023-09-01,NA,NA,FALSE
NICOTEK,2023-10-01,NA,NA,FALSE
NICOTEK,2023-11-01,NA,NA,FALSE
NICOTEK,2023-12-01,NA,NA,FALSE
NJOY,2013-01-01,13.522694736842107,15,TRUE
NJOY,2013-02-01,14.313744360902257,14,TRUE
NJOY,2013-03-01,14.313744360902257,14,TRUE
NJOY,2013-04-01,14.313744360902257,14,TRUE
NJOY,2013-05-01,14.313744360902257,14,TRUE
NJOY,2013-06-01,14.313744360902257,14,TRUE
NJOY,2013-07-01,14.719494736842107,15,TRUE
NJOY,2013-08-01,17.36624561403509,18,TRUE
NJOY,2013-09-01,17.36624561403509,18,TRUE
NJOY,2013-10-01,17.36624561403509,18,TRUE
NJOY,2013-11-01,17.36624561403509,18,TRUE
NJOY,2013-12-01,16.051067669172934,21,TRUE
NJOY,2014-01-01,16.051067669172934,21,TRUE
NJOY,2014-02-01,16.051067669172934,21,TRUE
NJOY,2014-03-01,16.051067669172934,21,TRUE
NJOY,2014-04-01,16.051067669172934,21,TRUE
NJOY,2014-05-01,16.051067669172934,21,TRUE
NJOY,2014-06-01,16.051067669172934,21,TRUE
NJOY,2014-07-01,16.32791135734072,19,TRUE
NJOY,2014-08-01,15.567342279915007,35,TRUE
NJOY,2014-09-01,15.835731603937276,34,TRUE
NJOY,2014-10-01,15.98664903970967,32,TRUE
NJOY,2014-11-01,15.182635403718537,36,TRUE
NJOY,2014-12-01,15.101056565629293,35,TRUE
NJOY,2015-01-01,14.634770851343578,35,TRUE
NJOY,2015-02-01,14.95560225860204,33,TRUE
NJOY,2015-03-01,14.351524292607426,36,TRUE
NJOY,2015-04-01,14.836515839453497,34,TRUE
NJOY,2015-05-01,14.115910257519708,36,TRUE
NJOY,2015-06-01,14.14448718170608,36,TRUE
NJOY,2015-07-01,13.97448718170608,36,TRUE
NJOY,2015-08-01,15.147405946453093,41,TRUE
NJOY,2015-09-01,14.609338105614393,43,TRUE
NJOY,2015-10-01,15.402438463535471,40,TRUE
NJOY,2015-11-01,15.556919231767736,40,TRUE
NJOY,2015-12-01,15.106378988815095,41,TRUE
NJOY,2016-01-01,14.933926574334306,44,TRUE
NJOY,2016-02-01,15.388838463535473,40,TRUE
NJOY,2016-03-01,14.976608060509975,42,TRUE
NJOY,2016-04-01,14.670808587690917,43,TRUE
NJOY,2016-05-01,16.20077754785701,37,TRUE
NJOY,2016-06-01,15.639777427655302,41,TRUE
NJOY,2016-07-01,15.615971863346683,40,TRUE
NJOY,2016-08-01,15.220875458826416,42,TRUE
NJOY,2016-09-01,15.58169230862115,43,TRUE
NJOY,2016-10-01,14.990611967587087,45,TRUE
NJOY,2016-11-01,16.468429981300243,39,TRUE
NJOY,2016-12-01,15.201489512304974,44,TRUE
NJOY,2017-01-01,16.096108392516125,44,TRUE
NJOY,2017-02-01,17.450901610946733,43,TRUE
NJOY,2017-03-01,16.84226833817253,43,TRUE
NJOY,2017-04-01,16.977017483425215,44,TRUE
NJOY,2017-05-01,17.38496761238709,38,TRUE
NJOY,2017-06-01,17.202589744540703,42,TRUE
NJOY,2017-07-01,16.983,40,TRUE
NJOY,2017-08-01,17.688719231767738,40,TRUE
NJOY,2017-09-01,18.398835665243396,44,TRUE
NJOY,2017-10-01,18.932409006602672,41,TRUE
NJOY,2017-11-01,20.003333333333334,36,TRUE
NJOY,2017-12-01,19.330457787090474,41,TRUE
NJOY,2018-01-01,16.994804321992056,57,TRUE
NJOY,2018-02-01,16.994804321992056,57,TRUE
NJOY,2018-03-01,16.994804321992056,57,TRUE
NJOY,2018-04-01,17.674304737568214,52,TRUE
NJOY,2018-05-01,16.87550607637802,57,TRUE
NJOY,2018-06-01,18.838954474912438,49,TRUE
NJOY,2018-07-01,17.767182506120164,51,TRUE
NJOY,2018-08-01,17.687242384029194,53,TRUE
NJOY,2018-09-01,19.367182506120162,51,TRUE
NJOY,2018-10-01,19.755599359806446,48,TRUE
NJOY,2018-11-01,20.400381272639542,46,TRUE
NJOY,2018-12-01,20.79063829787234,47,TRUE
NJOY,2019-01-01,23.890666666666668,45,TRUE
NJOY,2019-02-01,22.61364835246346,49,TRUE
NJOY,2019-03-01,21.83976104831297,47,TRUE
NJOY,2019-04-01,24.994146341463416,41,TRUE
NJOY,2019-05-01,24.259,40,TRUE
NJOY,2019-06-01,23.12,43,TRUE
NJOY,2019-07-01,25.055384615384618,39,TRUE
NJOY,2019-08-01,25.714736842105264,38,TRUE
NJOY,2019-09-01,25.04666666666667,36,TRUE
NJOY,2019-10-01,25.993548387096777,31,TRUE
NJOY,2019-11-01,24.49837837837838,37,TRUE
NJOY,2019-12-01,24.82,38,TRUE
NJOY,2020-01-01,22.2408356652434,44,TRUE
NJOY,2020-02-01,27.442857142857143,28,TRUE
NJOY,2020-03-01,29.6,17,TRUE
NJOY,2020-04-01,30.440000000000005,17,TRUE
NJOY,2020-05-01,29.6,17,TRUE
NJOY,2020-06-01,30.222222222222225,18,TRUE
NJOY,2020-07-01,30.20631578947369,15,TRUE
NJOY,2020-08-01,27.65263157894737,17,TRUE
NJOY,2020-09-01,27.757894736842108,17,TRUE
NJOY,2020-10-01,27.84421052631579,20,TRUE
NJOY,2020-11-01,28.85526315789474,16,TRUE
NJOY,2020-12-01,28.85526315789474,16,TRUE
NJOY,2021-01-01,27.39123152760692,16,TRUE
NJOY,2021-02-01,27.17731362944738,15,TRUE
NJOY,2021-03-01,27.17731362944738,15,TRUE
NJOY,2021-04-01,27.603731527606918,16,TRUE
NJOY,2021-05-01,26.582609363781835,17,TRUE
NJOY,2021-06-01,27.177313629447383,15,TRUE
NJOY,2021-07-01,26.49873152760692,16,TRUE
NJOY,2021-08-01,27.33220580231726,18,TRUE
NJOY,2021-09-01,26.48957347406677,15,TRUE
NJOY,2021-10-01,26.48957347406677,15,TRUE
NJOY,2021-11-01,26.22531362944738,15,TRUE
NJOY,2021-12-01,26.49873152760692,16,TRUE
NJOY,2022-01-01,30.809230769230773,13,TRUE
NJOY,2022-02-01,31.67666666666667,12,TRUE
NJOY,2022-03-01,31.231428571428573,14,TRUE
NJOY,2022-04-01,31.231428571428573,14,TRUE
NJOY,2022-05-01,30.809230769230773,13,TRUE
NJOY,2022-06-01,30.84727272727273,11,TRUE
NJOY,2022-07-01,31.416000000000004,15,TRUE
NJOY,2022-08-01,30.532000000000004,10,TRUE
NJOY,2022-09-01,29.822857142857146,14,TRUE
NJOY,2022-10-01,30.024615384615387,13,TRUE
NJOY,2022-11-01,29.693333333333335,12,TRUE
NJOY,2022-12-01,28.45538461538462,13,TRUE
NJOY,2023-01-01,28.81308270676692,14,TRUE
NJOY,2023-02-01,29.036447368421058,16,TRUE
NJOY,2023-03-01,29.612210526315792,15,TRUE
NJOY,2023-04-01,29.128421052631584,17,TRUE
NJOY,2023-05-01,29.036447368421054,16,TRUE
NJOY,2023-06-01,29.036447368421058,16,TRUE
NJOY,2023-07-01,29.83308270676692,14,TRUE
NJOY,2023-08-01,30.555263157894743,12,TRUE
NJOY,2023-09-01,30.5587044534413,13,TRUE
NJOY,2023-10-01,30.5587044534413,13,TRUE
NJOY,2023-11-01,30.5587044534413,13,TRUE
NJOY,2023-12-01,29.833082706766923,14,TRUE
VUSE,2013-01-01,NA,NA,FALSE
VUSE,2013-02-01,NA,NA,FALSE
VUSE,2013-03-01,NA,NA,FALSE
VUSE,2013-04-01,NA,NA,FALSE
VUSE,2013-05-01,NA,NA,FALSE
VUSE,2013-06-01,NA,NA,FALSE
VUSE,2013-07-01,42.0512,5,FALSE
VUSE,2013-08-01,42.0512,5,FALSE
VUSE,2013-09-01,42.0512,5,FALSE
VUSE,2013-10-01,42.0512,5,FALSE
VUSE,2013-11-01,42.0512,5,FALSE
VUSE,2013-12-01,42.0512,5,FALSE
VUSE,2014-01-01,42.0512,5,FALSE
VUSE,2014-02-01,48.221714285714285,7,FALSE
VUSE,2014-03-01,48.221714285714285,7,FALSE
VUSE,2014-04-01,48.221714285714285,7,FALSE
VUSE,2014-05-01,48.22171428571429,7,FALSE
VUSE,2014-06-01,44.75911111111111,9,FALSE
VUSE,2014-07-01,44.75911111111111,9,FALSE
VUSE,2014-08-01,44.75911111111111,9,FALSE
VUSE,2014-09-01,44.75911111111111,9,FALSE
VUSE,2014-10-01,48.144,8,FALSE
VUSE,2014-11-01,44.75911111111111,9,FALSE
VUSE,2014-12-01,43.547200000000004,10,FALSE
VUSE,2015-01-01,42.976,12,FALSE
VUSE,2015-02-01,42.976,12,FALSE
VUSE,2015-03-01,38.8416,10,FALSE
VUSE,2015-04-01,38.8416,10,FALSE
VUSE,2015-05-01,38.8416,10,FALSE
VUSE,2015-06-01,38.8416,10,FALSE
VUSE,2015-07-01,36.08533333333333,9,FALSE
VUSE,2015-08-01,38.8416,10,FALSE
VUSE,2015-09-01,32.64,9,FALSE
VUSE,2015-10-01,35.7408,10,FALSE
VUSE,2015-11-01,35.7408,10,FALSE
VUSE,2015-12-01,32.64,9,FALSE
VUSE,2016-01-01,32.64,10,FALSE
VUSE,2016-02-01,32.64,9,FALSE
VUSE,2016-03-01,32.64,10,FALSE
VUSE,2016-04-01,32.64,10,FALSE
VUSE,2016-05-01,32.64,10,FALSE
VUSE,2016-06-01,32.64,9,FALSE
VUSE,2016-07-01,32.64,10,FALSE
VUSE,2016-08-01,32.64,9,FALSE
VUSE,2016-09-01,32.64,9,FALSE
VUSE,2016-10-01,32.64,9,FALSE
VUSE,2016-11-01,29.580000000000002,12,FALSE
VUSE,2016-12-01,29.580000000000002,12,FALSE
VUSE,2017-01-01,29.815384615384616,13,TRUE
VUSE,2017-02-01,29.815384615384616,13,TRUE
VUSE,2017-03-01,29.815384615384616,13,TRUE
VUSE,2017-04-01,30.192,15,TRUE
VUSE,2017-05-01,30.192,15,TRUE
VUSE,2017-06-01,30.192,15,TRUE
VUSE,2017-07-01,30.192,15,TRUE
VUSE,2017-08-01,30.192,15,TRUE
VUSE,2017-09-01,30.192,15,TRUE
VUSE,2017-10-01,30.192,15,TRUE
VUSE,2017-11-01,24.48,21,TRUE
VUSE,2017-12-01,24.294545454545457,22,TRUE
VUSE,2018-01-01,23.35448275862069,29,TRUE
VUSE,2018-02-01,23.35448275862069,29,TRUE
VUSE,2018-03-01,23.35448275862069,29,TRUE
VUSE,2018-04-01,23.35448275862069,29,TRUE
VUSE,2018-05-01,23.35448275862069,29,TRUE
VUSE,2018-06-01,23.35448275862069,29,TRUE
VUSE,2018-07-01,24.752000000000002,30,TRUE
VUSE,2018-08-01,25.927741935483873,31,TRUE
VUSE,2018-09-01,26.240000000000002,34,TRUE
VUSE,2018-10-01,26.07314285714286,35,TRUE
VUSE,2018-11-01,26.07314285714286,35,TRUE
VUSE,2018-12-01,26.07314285714286,35,TRUE
VUSE,2019-01-01,25.714736842105264,38,TRUE
VUSE,2019-02-01,25.714736842105264,38,TRUE
VUSE,2019-03-01,25.714736842105264,38,TRUE
VUSE,2019-04-01,25.714736842105264,38,TRUE
VUSE,2019-05-01,25.714736842105264,38,TRUE
VUSE,2019-06-01,25.613333333333337,39,TRUE
VUSE,2019-07-01,25.613333333333333,39,TRUE
VUSE,2019-08-01,25.539534883720933,43,TRUE
VUSE,2019-09-01,25.539534883720933,43,TRUE
VUSE,2019-10-01,25.370476190476193,42,TRUE
VUSE,2019-11-01,25.370476190476193,42,TRUE
VUSE,2019-12-01,25.539534883720933,43,TRUE
VUSE,2020-01-01,25.54857142857143,49,TRUE
VUSE,2020-02-01,25.533333333333335,51,TRUE
VUSE,2020-03-01,26.244761904761905,42,TRUE
VUSE,2020-04-01,26.328205128205127,39,TRUE
VUSE,2020-05-01,27.39684210526316,38,TRUE
VUSE,2020-06-01,27.14,34,TRUE
VUSE,2020-07-01,25.96,34,TRUE
VUSE,2020-08-01,26.614444444444445,36,TRUE
VUSE,2020-09-01,26.626250000000002,32,TRUE
VUSE,2020-10-01,26.626250000000002,32,TRUE
VUSE,2020-11-01,26.54,34,TRUE
VUSE,2020-12-01,26.75314285714286,35,TRUE
VUSE,2021-01-01,26.138536585365856,41,TRUE
VUSE,2021-02-01,25.68186046511628,43,TRUE
VUSE,2021-03-01,25.68186046511628,43,TRUE
VUSE,2021-04-01,25.68186046511628,43,TRUE
VUSE,2021-05-01,26.039024390243902,41,TRUE
VUSE,2021-06-01,25.80761904761905,42,TRUE
VUSE,2021-07-01,24.650000000000002,40,TRUE
VUSE,2021-08-01,24.990000000000002,40,TRUE
VUSE,2021-09-01,25.904761904761905,42,TRUE
VUSE,2021-10-01,24.796279069767444,43,TRUE
VUSE,2021-11-01,24.51578947368421,38,TRUE
VUSE,2021-12-01,25.840000000000003,40,TRUE
VUSE,2022-01-01,25.15089566020314,38,TRUE
VUSE,2022-02-01,24.93595207531023,41,TRUE
VUSE,2022-03-01,24.730810359231413,42,TRUE
VUSE,2022-04-01,24.94637290901673,43,TRUE
VUSE,2022-05-01,23.915968992248064,43,TRUE
VUSE,2022-06-01,24.348500797448168,44,TRUE
VUSE,2022-07-01,23.743333333333336,44,TRUE
VUSE,2022-08-01,23.743333333333336,44,TRUE
VUSE,2022-09-01,23.82108527131783,43,TRUE
VUSE,2022-10-01,23.573333333333334,38,TRUE
VUSE,2022-11-01,23.61866666666667,40,TRUE
VUSE,2022-12-01,23.54016260162602,41,TRUE
VUSE,2023-01-01,22.389,40,TRUE
VUSE,2023-02-01,22.970731707317075,41,TRUE
VUSE,2023-03-01,23.435121951219514,41,TRUE
VUSE,2023-04-01,23.58439024390244,41,TRUE
VUSE,2023-05-01,23.919,40,TRUE
VUSE,2023-06-01,24.31809523809524,42,TRUE
VUSE,2023-07-01,24.51317073170732,41,TRUE
VUSE,2023-08-01,24.662439024390245,41,TRUE
VUSE,2023-09-01,24.662439024390245,41,TRUE
VUSE,2023-10-01,24.662439024390245,41,TRUE
VUSE,2023-11-01,24.793846153846157,39,TRUE
VUSE,2023-12-01,24.81170731707317,41,TRUE
