month,entity,role,a,n_active_upcs
2013-01-01,21ST CENTURY SMOKE,incumbent,11.333333333333336,8
2013-02-01,21ST CENTURY SMOKE,incumbent,11.333333333333334,8
2013-03-01,21ST CENTURY SMOKE,incumbent,11.282962962962964,9
2013-04-01,21ST CENTURY SMOKE,incumbent,10.396444444444445,10
2013-05-01,21ST CENTURY SMOKE,incumbent,10.396444444444445,10
2013-06-01,21ST CENTURY SMOKE,incumbent,10.396444444444446,10
2013-07-01,21ST CENTURY SMOKE,incumbent,10.396444444444446,10
2013-08-01,21ST CENTURY SMOKE,incumbent,10.396444444444445,10
2013-09-01,21ST CENTURY SMOKE,incumbent,10.396444444444445,10
2013-10-01,21ST CENTURY SMOKE,incumbent,10.396444444444445,10
2013-11-01,21ST CENTURY SMOKE,incumbent,10.396444444444446,10
2013-12-01,21ST CENTURY SMOKE,incumbent,9.066666666666668,12
2014-01-01,21ST CENTURY SMOKE,incumbent,9.066666666666668,12
2014-02-01,21ST CENTURY SMOKE,incumbent,9.066666666666668,12
2014-03-01,21ST CENTURY SMOKE,incumbent,9.485128205128206,13
2014-04-01,21ST CENTURY SMOKE,incumbent,9.485128205128206,13
2014-05-01,21ST CENTURY SMOKE,incumbent,9.485128205128206,13
2014-06-01,21ST CENTURY SMOKE,incumbent,9.066666666666668,12
2014-07-01,21ST CENTURY SMOKE,incumbent,9.066666666666668,12
2014-08-01,21ST CENTURY SMOKE,incumbent,8.572121212121212,11
2014-09-01,21ST CENTURY SMOKE,incumbent,8.901818181818182,11
2014-10-01,21ST CENTURY SMOKE,incumbent,8.572121212121212,11
2014-11-01,21ST CENTURY SMOKE,incumbent,8.341333333333335,10
2014-12-01,21ST CENTURY SMOKE,incumbent,8.341333333333335,10
2015-01-01,21ST CENTURY SMOKE,incumbent,8.341333333333335,10
2015-02-01,21ST CENTURY SMOKE,incumbent,8.999506172839506,9
2015-03-01,21ST CENTURY SMOKE,incumbent,8.999506172839506,9
2015-04-01,21ST CENTURY SMOKE,incumbent,8.999506172839506,9
2015-05-01,21ST CENTURY SMOKE,incumbent,8.901818181818182,11
2015-06-01,21ST CENTURY SMOKE,incumbent,9.550222222222223,10
2015-07-01,21ST CENTURY SMOKE,incumbent,10.342716049382718,9
2015-08-01,21ST CENTURY SMOKE,incumbent,8.901818181818182,11
2015-09-01,21ST CENTURY SMOKE,incumbent,9.822222222222223,8
2015-10-01,21ST CENTURY SMOKE,incumbent,9.822222222222223,8
2015-11-01,21ST CENTURY SMOKE,incumbent,9.671111111111111,7
2015-12-01,21ST CENTURY SMOKE,incumbent,10.88,7
2016-01-01,21ST CENTURY SMOKE,incumbent,8.827615528170123,9
2016-02-01,21ST CENTURY SMOKE,incumbent,8.827615528170123,9
2016-03-01,21ST CENTURY SMOKE,incumbent,8.827615528170124,9
2016-04-01,21ST CENTURY SMOKE,incumbent,8.571067469191387,8
2016-05-01,21ST CENTURY SMOKE,incumbent,9.628845246969167,8
2016-06-01,21ST CENTURY SMOKE,incumbent,8.827615528170124,9
2016-07-01,21ST CENTURY SMOKE,incumbent,8.827615528170123,9
2016-08-01,21ST CENTURY SMOKE,incumbent,9.450108853679048,7
2016-09-01,21ST CENTURY SMOKE,incumbent,8.571067469191387,8
2016-10-01,21ST CENTURY SMOKE,incumbent,9.628845246969165,8
2016-11-01,21ST CENTURY SMOKE,incumbent,9.450108853679048,7
2016-12-01,21ST CENTURY SMOKE,incumbent,9.450108853679048,7
2017-01-01,21ST CENTURY SMOKE,incumbent,9.450108853679048,7
2017-02-01,21ST CENTURY SMOKE,incumbent,9.211793662625555,6
2017-03-01,21ST CENTURY SMOKE,incumbent,9.450108853679048,7
2017-04-01,21ST CENTURY SMOKE,incumbent,9.450108853679048,7
2017-05-01,21ST CENTURY SMOKE,incumbent,9.211793662625555,6
2017-06-01,21ST CENTURY SMOKE,incumbent,9.211793662625555,6
2017-07-01,21ST CENTURY SMOKE,incumbent,9.211793662625555,6
2017-08-01,21ST CENTURY SMOKE,incumbent,9.211793662625555,6
2017-09-01,21ST CENTURY SMOKE,incumbent,8.377690493938331,4
2017-10-01,21ST CENTURY SMOKE,incumbent,9.211793662625555,6
2017-11-01,21ST CENTURY SMOKE,incumbent,7.543587325251107,3
2017-12-01,21ST CENTURY SMOKE,incumbent,8.377690493938331,4
2018-01-01,21ST CENTURY SMOKE,incumbent,8.571067469191387,8
2018-02-01,21ST CENTURY SMOKE,incumbent,9.450108853679048,7
2018-03-01,21ST CENTURY SMOKE,incumbent,9.628845246969167,8
2018-04-01,21ST CENTURY SMOKE,incumbent,9.628845246969167,8
2018-05-01,21ST CENTURY SMOKE,incumbent,9.450108853679048,7
2018-06-01,21ST CENTURY SMOKE,incumbent,9.628845246969167,8
2018-07-01,21ST CENTURY SMOKE,incumbent,9.211793662625555,6
2018-08-01,21ST CENTURY SMOKE,incumbent,9.211793662625555,6
2018-09-01,21ST CENTURY SMOKE,incumbent,9.628845246969167,8
2018-10-01,21ST CENTURY SMOKE,incumbent,9.211793662625555,6
2018-11-01,21ST CENTURY SMOKE,incumbent,9.211793662625555,6
2018-12-01,21ST CENTURY SMOKE,incumbent,9.211793662625555,6
2019-01-01,21ST CENTURY SMOKE,incumbent,9.211793662625555,6
2019-02-01,21ST CENTURY SMOKE,incumbent,7.51328969141361,8
2019-03-01,21ST CENTURY SMOKE,incumbent,9.211793662625555,6
2019-04-01,21ST CENTURY SMOKE,incumbent,9.211793662625555,6
2019-05-01,21ST CENTURY SMOKE,incumbent,9.450108853679048,7
2019-06-01,21ST CENTURY SMOKE,incumbent,9.450108853679048,7
2019-07-01,21ST CENTURY SMOKE,incumbent,9.211793662625555,6
2019-08-01,21ST CENTURY SMOKE,incumbent,8.878152395150666,5
2019-09-01,21ST CENTURY SMOKE,incumbent,8.377690493938331,4
2019-10-01,21ST CENTURY SMOKE,incumbent,0.8707619757533208,1
2019-11-01,21ST CENTURY SMOKE,incumbent,0.8707619757533207,1
2019-12-01,21ST CENTURY SMOKE,incumbent,NA,NA
2020-01-01,21ST CENTURY SMOKE,incumbent,0.8707619757533208,1
2020-02-01,21ST CENTURY SMOKE,incumbent,0.8707619757533207,1
2020-03-01,21ST CENTURY SMOKE,incumbent,NA,NA
2020-04-01,21ST CENTURY SMOKE,incumbent,0.8707619757533207,1
2020-05-01,21ST CENTURY SMOKE,incumbent,NA,NA
2020-06-01,21ST CENTURY SMOKE,incumbent,NA,NA
2020-07-01,21ST CENTURY SMOKE,incumbent,0.8707619757533207,1
2020-08-01,21ST CENTURY SMOKE,incumbent,0.8707619757533207,1
2020-09-01,21ST CENTURY SMOKE,incumbent,NA,NA
2020-10-01,21ST CENTURY SMOKE,incumbent,NA,NA
2020-11-01,21ST CENTURY SMOKE,incumbent,NA,NA
2020-12-01,21ST CENTURY SMOKE,incumbent,NA,NA
2021-01-01,21ST CENTURY SMOKE,incumbent,NA,NA
2021-02-01,21ST CENTURY SMOKE,incumbent,NA,NA
2021-03-01,21ST CENTURY SMOKE,incumbent,NA,NA
2021-04-01,21ST CENTURY SMOKE,incumbent,NA,NA
2021-05-01,21ST CENTURY SMOKE,incumbent,NA,NA
2021-06-01,21ST CENTURY SMOKE,incumbent,NA,NA
2021-07-01,21ST CENTURY SMOKE,incumbent,NA,NA
2021-08-01,21ST CENTURY SMOKE,incumbent,NA,NA
2021-09-01,21ST CENTURY SMOKE,incumbent,NA,NA
2021-10-01,21ST CENTURY SMOKE,incumbent,NA,NA
2021-11-01,21ST CENTURY SMOKE,incumbent,NA,NA
2021-12-01,21ST CENTURY SMOKE,incumbent,NA,NA
2022-01-01,21ST CENTURY SMOKE,incumbent,NA,NA
2022-02-01,21ST CENTURY SMOKE,incumbent,NA,NA
2022-03-01,21ST CENTURY SMOKE,incumbent,NA,NA
2022-04-01,21ST CENTURY SMOKE,incumbent,NA,NA
2022-05-01,21ST CENTURY SMOKE,incumbent,NA,NA
2022-06-01,21ST CENTURY SMOKE,incumbent,NA,NA
2022-07-01,21ST CENTURY SMOKE,incumbent,NA,NA
2022-08-01,21ST CENTURY SMOKE,incumbent,NA,NA
2022-09-01,21ST CENTURY SMOKE,incumbent,NA,NA
2022-10-01,21ST CENTURY SMOKE,incumbent,NA,NA
2022-11-01,21ST CENTURY SMOKE,incumbent,NA,NA
2022-12-01,21ST CENTURY SMOKE,incumbent,NA,NA
2023-01-01,21ST CENTURY SMOKE,incumbent,NA,NA
2023-02-01,21ST CENTURY SMOKE,incumbent,NA,NA
2023-03-01,21ST CENTURY SMOKE,incumbent,NA,NA
2023-04-01,21ST CENTURY SMOKE,incumbent,NA,NA
2023-05-01,21ST CENTURY SMOKE,incumbent,NA,NA
2023-06-01,21ST CENTURY SMOKE,incumbent,NA,NA
2023-07-01,21ST CENTURY SMOKE,incumbent,NA,NA
2023-08-01,21ST CENTURY SMOKE,incumbent,NA,NA
2023-09-01,21ST CENTURY SMOKE,incumbent,NA,NA
2023-10-01,21ST CENTURY SMOKE,incumbent,NA,NA
2023-11-01,21ST CENTURY SMOKE,incumbent,NA,NA
2023-12-01,21ST CENTURY SMOKE,incumbent,NA,NA
2013-01-01,BLU,incumbent,14.646153846153847,13
2013-02-01,BLU,incumbent,14.646153846153847,13
2013-03-01,BLU,incumbent,14.646153846153847,13
2013-04-01,BLU,incumbent,14.998857142857144,14
2013-05-01,BLU,incumbent,14.998857142857144,14
2013-06-01,BLU,incumbent,14.998857142857144,14
2013-07-01,BLU,incumbent,14.272000000000002,17
2013-08-01,BLU,incumbent,14.272,17
2013-09-01,BLU,incumbent,14.272,17
2013-10-01,BLU,incumbent,14.272,17
2013-11-01,BLU,incumbent,14.272,17
2013-12-01,BLU,incumbent,14.272,17
2014-01-01,BLU,incumbent,14.204444444444446,18
2014-02-01,BLU,incumbent,13.460977777777778,18
2014-03-01,BLU,incumbent,13.611452631578949,19
2014-04-01,BLU,incumbent,13.611452631578949,19
2014-05-01,BLU,incumbent,14.204444444444446,18
2014-06-01,BLU,incumbent,13.74688,20
2014-07-01,BLU,incumbent,13.74688,20
2014-08-01,BLU,incumbent,13.611452631578949,19
2014-09-01,BLU,incumbent,13.611452631578949,19
2014-10-01,BLU,incumbent,14.315789473684212,19
2014-11-01,BLU,incumbent,14.664347826086958,23
2014-12-01,BLU,incumbent,14.796800000000001,25
2015-01-01,BLU,incumbent,14.589090909090912,22
2015-02-01,BLU,incumbent,14.733333333333336,24
2015-03-01,BLU,incumbent,14.796800000000003,25
2015-04-01,BLU,incumbent,14.664347826086958,23
2015-05-01,BLU,incumbent,14.664347826086958,23
2015-06-01,BLU,incumbent,14.664347826086958,23
2015-07-01,BLU,incumbent,14.664347826086958,23
2015-08-01,BLU,incumbent,14.261504000000002,25
2015-09-01,BLU,incumbent,14.506666666666668,21
2015-10-01,BLU,incumbent,14.506666666666668,21
2015-11-01,BLU,incumbent,14.315789473684212,19
2015-12-01,BLU,incumbent,14.50666666666667,21
2016-01-01,BLU,incumbent,14.589090909090912,22
2016-02-01,BLU,incumbent,14.416000000000002,20
2016-03-01,BLU,incumbent,14.416000000000002,20
2016-04-01,BLU,incumbent,14.664347826086958,23
2016-05-01,BLU,incumbent,14.416000000000002,20
2016-06-01,BLU,incumbent,14.664347826086958,23
2016-07-01,BLU,incumbent,14.900869565217393,23
2016-08-01,BLU,incumbent,14.900869565217393,23
2016-09-01,BLU,incumbent,14.836363636363638,22
2016-10-01,BLU,incumbent,14.589090909090912,22
2016-11-01,BLU,incumbent,14.960000000000003,20
2016-12-01,BLU,incumbent,15.083636363636366,22
2017-01-01,BLU,incumbent,15.232000000000001,20
2017-02-01,BLU,incumbent,15.083636363636366,22
2017-03-01,BLU,incumbent,15.283809523809525,21
2017-04-01,BLU,incumbent,15.083636363636366,22
2017-05-01,BLU,incumbent,15.137391304347828,23
2017-06-01,BLU,incumbent,15.186666666666667,24
2017-07-01,BLU,incumbent,15.330909090909092,22
2017-08-01,BLU,incumbent,15.137391304347828,23
2017-09-01,BLU,incumbent,14.96,24
2017-10-01,BLU,incumbent,15.330909090909092,22
2017-11-01,BLU,incumbent,15.461052631578948,19
2017-12-01,BLU,incumbent,15.174736842105265,19
2018-01-01,BLU,incumbent,13.362251851851854,27
2018-02-01,BLU,incumbent,13.428025806451615,31
2018-03-01,BLU,incumbent,13.428025806451615,31
2018-04-01,BLU,incumbent,13.428025806451613,31
2018-05-01,BLU,incumbent,13.512960000000001,30
2018-06-01,BLU,incumbent,13.428025806451615,31
2018-07-01,BLU,incumbent,13.428025806451615,31
2018-08-01,BLU,incumbent,13.428025806451615,31
2018-09-01,BLU,incumbent,13.230080000000001,35
2018-10-01,BLU,incumbent,13.207660606060607,33
2018-11-01,BLU,incumbent,13.2992,34
2018-12-01,BLU,incumbent,13.230080000000001,35
2019-01-01,BLU,incumbent,13.362158139534884,43
2019-02-01,BLU,incumbent,13.421257142857144,42
2019-03-01,BLU,incumbent,13.231563636363637,44
2019-04-01,BLU,incumbent,13.159739534883721,43
2019-05-01,BLU,incumbent,13.48152888888889,45
2019-06-01,BLU,incumbent,13.432266666666667,48
2019-07-01,BLU,incumbent,13.577227906976745,43
2019-08-01,BLU,incumbent,13.36064,45
2019-09-01,BLU,incumbent,13.278229787234043,47
2019-10-01,BLU,incumbent,13.384817777777778,45
2019-11-01,BLU,incumbent,13.330365217391305,46
2019-12-01,BLU,incumbent,13.330365217391305,46
2020-01-01,BLU,incumbent,13.624933333333335,48
2020-02-01,BLU,incumbent,14.040507317073171,41
2020-03-01,BLU,incumbent,15.1392,34
2020-04-01,BLU,incumbent,16.47931428571429,28
2020-05-01,BLU,incumbent,16.47931428571429,28
2020-06-01,BLU,incumbent,16.868533333333335,24
2020-07-01,BLU,incumbent,15.736832000000001,25
2020-08-01,BLU,incumbent,16.868533333333335,24
2020-09-01,BLU,incumbent,16.159165217391305,23
2020-10-01,BLU,incumbent,16.58490434782609,23
2020-11-01,BLU,incumbent,17.076419047619048,21
2020-12-01,BLU,incumbent,17.042036363636367,22
2021-01-01,BLU,incumbent,17.68,23
2021-02-01,BLU,incumbent,17.741818181818182,22
2021-03-01,BLU,incumbent,17.741818181818182,22
2021-04-01,BLU,incumbent,17.068,20
2021-05-01,BLU,incumbent,17.741818181818182,22
2021-06-01,BLU,incumbent,17.032380952380954,21
2021-07-01,BLU,incumbent,16.570240000000002,25
2021-08-01,BLU,incumbent,16.560615384615385,26
2021-09-01,BLU,incumbent,16.560615384615385,26
2021-10-01,BLU,incumbent,16.570240000000002,25
2021-11-01,BLU,incumbent,16.570240000000002,25
2021-12-01,BLU,incumbent,16.560615384615385,26
2022-01-01,BLU,incumbent,21.40827586206897,29
2022-02-01,BLU,incumbent,20.845517241379312,29
2022-03-01,BLU,incumbent,17.915384615384617,26
2022-04-01,BLU,incumbent,21.00714285714286,28
2022-05-01,BLU,incumbent,21.00714285714286,28
2022-06-01,BLU,incumbent,21.00714285714286,28
2022-07-01,BLU,incumbent,21.00714285714286,28
2022-08-01,BLU,incumbent,21.00714285714286,28
2022-09-01,BLU,incumbent,21.40827586206897,29
2022-10-01,BLU,incumbent,21.00714285714286,28
2022-11-01,BLU,incumbent,21.36769230769231,26
2022-12-01,BLU,incumbent,21.18074074074074,27
2023-01-01,BLU,incumbent,22.372000000000003,26
2023-02-01,BLU,incumbent,22.61408,25
2023-03-01,BLU,incumbent,23.161391304347827,23
2023-04-01,BLU,incumbent,23.47236363636364,22
2023-05-01,BLU,incumbent,23.161391304347827,23
2023-06-01,BLU,incumbent,23.47236363636364,22
2023-07-01,BLU,incumbent,22.876333333333335,24
2023-08-01,BLU,incumbent,23.16139130434783,23
2023-09-01,BLU,incumbent,23.161391304347827,23
2023-10-01,BLU,incumbent,23.47236363636364,22
2023-11-01,BLU,incumbent,23.47236363636364,22
2023-12-01,BLU,incumbent,23.47236363636364,22
2013-01-01,BREEZE,incumbent,NA,NA
2013-02-01,BREEZE,incumbent,NA,NA
2013-03-01,BREEZE,incumbent,NA,NA
2013-04-01,BREEZE,incumbent,NA,NA
2013-05-01,BREEZE,incumbent,NA,NA
2013-06-01,BREEZE,incumbent,NA,NA
2013-07-01,BREEZE,incumbent,NA,NA
2013-08-01,BREEZE,incumbent,NA,NA
2013-09-01,BREEZE,incumbent,NA,NA
2013-10-01,BREEZE,incumbent,NA,NA
2013-11-01,BREEZE,incumbent,NA,NA
2013-12-01,BREEZE,incumbent,NA,NA
2014-01-01,BREEZE,incumbent,NA,NA
2014-02-01,BREEZE,incumbent,NA,NA
2014-03-01,BREEZE,incumbent,NA,NA
2014-04-01,BREEZE,incumbent,NA,NA
2014-05-01,BREEZE,incumbent,NA,NA
2014-06-01,BREEZE,incumbent,NA,NA
2014-07-01,BREEZE,incumbent,NA,NA
2014-08-01,BREEZE,incumbent,NA,NA
2014-09-01,BREEZE,incumbent,NA,NA
2014-10-01,BREEZE,incumbent,NA,NA
2014-11-01,BREEZE,incumbent,NA,NA
2014-12-01,BREEZE,incumbent,NA,NA
2015-01-01,BREEZE,incumbent,NA,NA
2015-02-01,BREEZE,incumbent,NA,NA
2015-03-01,BREEZE,incumbent,NA,NA
2015-04-01,BREEZE,incumbent,NA,NA
2015-05-01,BREEZE,incumbent,NA,NA
2015-06-01,BREEZE,incumbent,NA,NA
2015-07-01,BREEZE,incumbent,NA,NA
2015-08-01,BREEZE,incumbent,NA,NA
2015-09-01,BREEZE,incumbent,NA,NA
2015-10-01,BREEZE,incumbent,NA,NA
2015-11-01,BREEZE,incumbent,NA,NA
2015-12-01,BREEZE,incumbent,NA,NA
2016-01-01,BREEZE,incumbent,NA,NA
2016-02-01,BREEZE,incumbent,NA,NA
2016-03-01,BREEZE,incumbent,NA,NA
2016-04-01,BREEZE,incumbent,NA,NA
2016-05-01,BREEZE,incumbent,NA,NA
2016-06-01,BREEZE,incumbent,NA,NA
2016-07-01,BREEZE,incumbent,NA,NA
2016-08-01,BREEZE,incumbent,NA,NA
2016-09-01,BREEZE,incumbent,NA,NA
2016-10-01,BREEZE,incumbent,NA,NA
2016-11-01,BREEZE,incumbent,NA,NA
2016-12-01,BREEZE,incumbent,NA,NA
2017-01-01,BREEZE,incumbent,NA,NA
2017-02-01,BREEZE,incumbent,NA,NA
2017-03-01,BREEZE,incumbent,NA,NA
2017-04-01,BREEZE,incumbent,NA,NA
2017-05-01,BREEZE,incumbent,NA,NA
2017-06-01,BREEZE,incumbent,NA,NA
2017-07-01,BREEZE,incumbent,NA,NA
2017-08-01,BREEZE,incumbent,NA,NA
2017-09-01,BREEZE,incumbent,NA,NA
2017-10-01,BREEZE,incumbent,NA,NA
2017-11-01,BREEZE,incumbent,NA,NA
2017-12-01,BREEZE,incumbent,NA,NA
2018-01-01,BREEZE,incumbent,NA,NA
2018-02-01,BREEZE,incumbent,NA,NA
2018-03-01,BREEZE,incumbent,NA,NA
2018-04-01,BREEZE,incumbent,NA,NA
2018-05-01,BREEZE,incumbent,NA,NA
2018-06-01,BREEZE,incumbent,NA,NA
2018-07-01,BREEZE,incumbent,NA,NA
2018-08-01,BREEZE,incumbent,NA,NA
2018-09-01,BREEZE,incumbent,NA,NA
2018-10-01,BREEZE,incumbent,NA,NA
2018-11-01,BREEZE,incumbent,NA,NA
2018-12-01,BREEZE,incumbent,NA,NA
2019-01-01,BREEZE,incumbent,NA,NA
2019-02-01,BREEZE,incumbent,NA,NA
2019-03-01,BREEZE,incumbent,NA,NA
2019-04-01,BREEZE,incumbent,NA,NA
2019-05-01,BREEZE,incumbent,NA,NA
2019-06-01,BREEZE,incumbent,NA,NA
2019-07-01,BREEZE,incumbent,NA,NA
2019-08-01,BREEZE,incumbent,NA,NA
2019-09-01,BREEZE,incumbent,NA,NA
2019-10-01,BREEZE,incumbent,NA,NA
2019-11-01,BREEZE,incumbent,NA,NA
2019-12-01,BREEZE,incumbent,NA,NA
2020-01-01,BREEZE,incumbent,NA,NA
2020-02-01,BREEZE,incumbent,NA,NA
2020-03-01,BREEZE,incumbent,NA,NA
2020-04-01,BREEZE,incumbent,NA,NA
2020-05-01,BREEZE,incumbent,NA,NA
2020-06-01,BREEZE,incumbent,NA,NA
2020-07-01,BREEZE,incumbent,NA,NA
2020-08-01,BREEZE,incumbent,NA,NA
2020-09-01,BREEZE,incumbent,NA,NA
2020-10-01,BREEZE,incumbent,NA,NA
2020-11-01,BREEZE,incumbent,NA,NA
2020-12-01,BREEZE,incumbent,NA,NA
2021-01-01,BREEZE,incumbent,NA,NA
2021-02-01,BREEZE,incumbent,NA,NA
2021-03-01,BREEZE,incumbent,NA,NA
2021-04-01,BREEZE,incumbent,NA,NA
2021-05-01,BREEZE,incumbent,NA,NA
2021-06-01,BREEZE,incumbent,NA,NA
2021-07-01,BREEZE,incumbent,NA,NA
2021-08-01,BREEZE,incumbent,NA,NA
2021-09-01,BREEZE,incumbent,NA,NA
2021-10-01,BREEZE,incumbent,NA,NA
2021-11-01,BREEZE,incumbent,NA,NA
2021-12-01,BREEZE,incumbent,NA,NA
2022-01-01,BREEZE,incumbent,NA,NA
2022-02-01,BREEZE,incumbent,NA,NA
2022-03-01,BREEZE,incumbent,NA,NA
2022-04-01,BREEZE,incumbent,NA,NA
2022-05-01,BREEZE,incumbent,NA,NA
2022-06-01,BREEZE,incumbent,NA,NA
2022-07-01,BREEZE,incumbent,NA,NA
2022-08-01,BREEZE,incumbent,NA,NA
2022-09-01,BREEZE,incumbent,NA,NA
2022-10-01,BREEZE,incumbent,NA,NA
2022-11-01,BREEZE,incumbent,NA,NA
2022-12-01,BREEZE,incumbent,NA,NA
2023-01-01,BREEZE,incumbent,NA,NA
2023-02-01,BREEZE,incumbent,NA,NA
2023-03-01,BREEZE,incumbent,NA,NA
2023-04-01,BREEZE,incumbent,NA,NA
2023-05-01,BREEZE,incumbent,NA,NA
2023-06-01,BREEZE,incumbent,34.00000000000001,18
2023-07-01,BREEZE,incumbent,34.00000000000001,20
2023-08-01,BREEZE,incumbent,34.00000000000001,20
2023-09-01,BREEZE,incumbent,34.00000000000001,20
2023-10-01,BREEZE,incumbent,34.00000000000001,20
2023-11-01,BREEZE,incumbent,34.00000000000001,20
2023-12-01,BREEZE,incumbent,34.00000000000001,20
2013-01-01,FINITI,incumbent,9.252317460317462,12
2013-02-01,FINITI,incumbent,9.744900432900433,22
2013-03-01,FINITI,incumbent,9.744900432900433,22
2013-04-01,FINITI,incumbent,9.744900432900433,22
2013-05-01,FINITI,incumbent,9.744900432900433,22
2013-06-01,FINITI,incumbent,10.703463844797179,27
2013-07-01,FINITI,incumbent,10.703463844797179,27
2013-08-01,FINITI,incumbent,10.903224958949098,29
2013-09-01,FINITI,incumbent,10.903224958949098,29
2013-10-01,FINITI,incumbent,10.902450793650795,30
2013-11-01,FINITI,incumbent,10.902450793650795,30
2013-12-01,FINITI,incumbent,10.902450793650795,30
2014-01-01,FINITI,incumbent,10.206476190476192,29
2014-02-01,FINITI,incumbent,10.206476190476192,29
2014-03-01,FINITI,incumbent,10.206476190476192,29
2014-04-01,FINITI,incumbent,10.206476190476192,29
2014-05-01,FINITI,incumbent,10.206476190476192,29
2014-06-01,FINITI,incumbent,10.206476190476192,29
2014-07-01,FINITI,incumbent,10.304544217687075,28
2014-08-01,FINITI,incumbent,10.590337662337664,33
2014-09-01,FINITI,incumbent,10.590337662337664,33
2014-10-01,FINITI,incumbent,10.590337662337664,33
2014-11-01,FINITI,incumbent,10.751285714285716,32
2014-12-01,FINITI,incumbent,10.857437788018434,31
2015-01-01,FINITI,incumbent,10.612810884353742,35
2015-02-01,FINITI,incumbent,10.257604010025064,38
2015-03-01,FINITI,incumbent,10.604952380952382,34
2015-04-01,FINITI,incumbent,10.243809523809524,34
2015-05-01,FINITI,incumbent,9.76210989010989,39
2015-06-01,FINITI,incumbent,9.785357753357754,39
2015-07-01,FINITI,incumbent,9.849787545787546,39
2015-08-01,FINITI,incumbent,10.01252258852259,39
2015-09-01,FINITI,incumbent,9.763936507936508,36
2015-10-01,FINITI,incumbent,9.707809523809525,36
2015-11-01,FINITI,incumbent,9.82974693877551,35
2015-12-01,FINITI,incumbent,9.707809523809525,36
2016-01-01,FINITI,incumbent,9.82974693877551,35
2016-02-01,FINITI,incumbent,9.82974693877551,35
2016-03-01,FINITI,incumbent,9.82974693877551,35
2016-04-01,FINITI,incumbent,9.82974693877551,35
2016-05-01,FINITI,incumbent,9.82974693877551,35
2016-06-01,FINITI,incumbent,9.82974693877551,35
2016-07-01,FINITI,incumbent,9.82974693877551,35
2016-08-01,FINITI,incumbent,9.958857142857143,34
2016-09-01,FINITI,incumbent,9.76609523809524,33
2016-10-01,FINITI,incumbent,9.76609523809524,33
2016-11-01,FINITI,incumbent,9.787952380952381,32
2016-12-01,FINITI,incumbent,9.787952380952381,32
2017-01-01,FINITI,incumbent,9.787952380952381,32
2017-02-01,FINITI,incumbent,9.896482539682541,30
2017-03-01,FINITI,incumbent,9.9282089093702,31
2017-04-01,FINITI,incumbent,9.9282089093702,31
2017-05-01,FINITI,incumbent,9.869714285714286,31
2017-06-01,FINITI,incumbent,9.826231292517008,28
2017-07-01,FINITI,incumbent,9.98868430335097,27
2017-08-01,FINITI,incumbent,10.214802721088436,28
2017-09-01,FINITI,incumbent,9.86256814449918,29
2017-10-01,FINITI,incumbent,9.954402930402932,26
2017-11-01,FINITI,incumbent,10.020517006802722,28
2017-12-01,FINITI,incumbent,10.316312380952382,25
2018-01-01,FINITI,incumbent,10.070194616977226,23
2018-02-01,FINITI,incumbent,10.115809523809524,22
2018-03-01,FINITI,incumbent,10.130057142857144,20
2018-04-01,FINITI,incumbent,10.284190476190478,13
2018-05-01,FINITI,incumbent,10.486718614718615,11
2018-06-01,FINITI,incumbent,10.486718614718615,11
2018-07-01,FINITI,incumbent,11.082057142857144,10
2018-08-01,FINITI,incumbent,10.72457142857143,9
2018-09-01,FINITI,incumbent,10.72457142857143,9
2018-10-01,FINITI,incumbent,10.72457142857143,9
2018-11-01,FINITI,incumbent,10.025142857142857,4
2018-12-01,FINITI,incumbent,10.31009523809524,6
2019-01-01,FINITI,incumbent,9.740190476190477,3
2019-02-01,FINITI,incumbent,10.196114285714287,5
2019-03-01,FINITI,incumbent,9.740190476190477,6
2019-04-01,FINITI,incumbent,6.484825396825397,3
2019-05-01,FINITI,incumbent,8.578176870748301,7
2019-06-01,FINITI,incumbent,11.70895238095238,9
2019-07-01,FINITI,incumbent,NA,NA
2019-08-01,FINITI,incumbent,13.600000000000001,2
2019-09-01,FINITI,incumbent,NA,NA
2019-10-01,FINITI,incumbent,NA,NA
2019-11-01,FINITI,incumbent,NA,NA
2019-12-01,FINITI,incumbent,NA,NA
2020-01-01,FINITI,incumbent,7.926857142857144,3
2020-02-01,FINITI,incumbent,NA,NA
2020-03-01,FINITI,incumbent,NA,NA
2020-04-01,FINITI,incumbent,NA,NA
2020-05-01,FINITI,incumbent,NA,NA
2020-06-01,FINITI,incumbent,NA,NA
2020-07-01,FINITI,incumbent,NA,NA
2020-08-01,FINITI,incumbent,NA,NA
2020-09-01,FINITI,incumbent,NA,NA
2020-10-01,FINITI,incumbent,NA,NA
2020-11-01,FINITI,incumbent,NA,NA
2020-12-01,FINITI,incumbent,NA,NA
2021-01-01,FINITI,incumbent,NA,NA
2021-02-01,FINITI,incumbent,NA,NA
2021-03-01,FINITI,incumbent,NA,NA
2021-04-01,FINITI,incumbent,NA,NA
2021-05-01,FINITI,incumbent,NA,NA
2021-06-01,FINITI,incumbent,NA,NA
2021-07-01,FINITI,incumbent,NA,NA
2021-08-01,FINITI,incumbent,NA,NA
2021-09-01,FINITI,incumbent,NA,NA
2021-10-01,FINITI,incumbent,NA,NA
2021-11-01,FINITI,incumbent,NA,NA
2021-12-01,FINITI,incumbent,NA,NA
2022-01-01,FINITI,incumbent,NA,NA
2022-02-01,FINITI,incumbent,NA,NA
2022-03-01,FINITI,incumbent,NA,NA
2022-04-01,FINITI,incumbent,NA,NA
2022-05-01,FINITI,incumbent,NA,NA
2022-06-01,FINITI,incumbent,NA,NA
2022-07-01,FINITI,incumbent,NA,NA
2022-08-01,FINITI,incumbent,NA,NA
2022-09-01,FINITI,incumbent,NA,NA
2022-10-01,FINITI,incumbent,NA,NA
2022-11-01,FINITI,incumbent,NA,NA
2022-12-01,FINITI,incumbent,NA,NA
2023-01-01,FINITI,incumbent,NA,NA
2023-02-01,FINITI,incumbent,NA,NA
2023-03-01,FINITI,incumbent,NA,NA
2023-04-01,FINITI,incumbent,NA,NA
2023-05-01,FINITI,incumbent,NA,NA
2023-06-01,FINITI,incumbent,NA,NA
2023-07-01,FINITI,incumbent,NA,NA
2023-08-01,FINITI,incumbent,NA,NA
2023-09-01,FINITI,incumbent,NA,NA
2023-10-01,FINITI,incumbent,NA,NA
2023-11-01,FINITI,incumbent,NA,NA
2023-12-01,FINITI,incumbent,NA,NA
2013-01-01,HYPPE,incumbent,NA,NA
2013-02-01,HYPPE,incumbent,NA,NA
2013-03-01,HYPPE,incumbent,NA,NA
2013-04-01,HYPPE,incumbent,NA,NA
2013-05-01,HYPPE,incumbent,NA,NA
2013-06-01,HYPPE,incumbent,NA,NA
2013-07-01,HYPPE,incumbent,NA,NA
2013-08-01,HYPPE,incumbent,NA,NA
2013-09-01,HYPPE,incumbent,NA,NA
2013-10-01,HYPPE,incumbent,NA,NA
2013-11-01,HYPPE,incumbent,NA,NA
2013-12-01,HYPPE,incumbent,NA,NA
2014-01-01,HYPPE,incumbent,NA,NA
2014-02-01,HYPPE,incumbent,NA,NA
2014-03-01,HYPPE,incumbent,NA,NA
2014-04-01,HYPPE,incumbent,NA,NA
2014-05-01,HYPPE,incumbent,NA,NA
2014-06-01,HYPPE,incumbent,NA,NA
2014-07-01,HYPPE,incumbent,NA,NA
2014-08-01,HYPPE,incumbent,NA,NA
2014-09-01,HYPPE,incumbent,NA,NA
2014-10-01,HYPPE,incumbent,NA,NA
2014-11-01,HYPPE,incumbent,NA,NA
2014-12-01,HYPPE,incumbent,NA,NA
2015-01-01,HYPPE,incumbent,NA,NA
2015-02-01,HYPPE,incumbent,NA,NA
2015-03-01,HYPPE,incumbent,NA,NA
2015-04-01,HYPPE,incumbent,NA,NA
2015-05-01,HYPPE,incumbent,NA,NA
2015-06-01,HYPPE,incumbent,NA,NA
2015-07-01,HYPPE,incumbent,NA,NA
2015-08-01,HYPPE,incumbent,NA,NA
2015-09-01,HYPPE,incumbent,NA,NA
2015-10-01,HYPPE,incumbent,NA,NA
2015-11-01,HYPPE,incumbent,NA,NA
2015-12-01,HYPPE,incumbent,NA,NA
2016-01-01,HYPPE,incumbent,NA,NA
2016-02-01,HYPPE,incumbent,NA,NA
2016-03-01,HYPPE,incumbent,NA,NA
2016-04-01,HYPPE,incumbent,NA,NA
2016-05-01,HYPPE,incumbent,NA,NA
2016-06-01,HYPPE,incumbent,NA,NA
2016-07-01,HYPPE,incumbent,NA,NA
2016-08-01,HYPPE,incumbent,NA,NA
2016-09-01,HYPPE,incumbent,NA,NA
2016-10-01,HYPPE,incumbent,NA,NA
2016-11-01,HYPPE,incumbent,NA,NA
2016-12-01,HYPPE,incumbent,NA,NA
2017-01-01,HYPPE,incumbent,NA,NA
2017-02-01,HYPPE,incumbent,NA,NA
2017-03-01,HYPPE,incumbent,NA,NA
2017-04-01,HYPPE,incumbent,NA,NA
2017-05-01,HYPPE,incumbent,NA,NA
2017-06-01,HYPPE,incumbent,NA,NA
2017-07-01,HYPPE,incumbent,NA,NA
2017-08-01,HYPPE,incumbent,NA,NA
2017-09-01,HYPPE,incumbent,NA,NA
2017-10-01,HYPPE,incumbent,NA,NA
2017-11-01,HYPPE,incumbent,NA,NA
2017-12-01,HYPPE,incumbent,NA,NA
2018-01-01,HYPPE,incumbent,NA,NA
2018-02-01,HYPPE,incumbent,NA,NA
2018-03-01,HYPPE,incumbent,NA,NA
2018-04-01,HYPPE,incumbent,NA,NA
2018-05-01,HYPPE,incumbent,NA,NA
2018-06-01,HYPPE,incumbent,NA,NA
2018-07-01,HYPPE,incumbent,NA,NA
2018-08-01,HYPPE,incumbent,NA,NA
2018-09-01,HYPPE,incumbent,NA,NA
2018-10-01,HYPPE,incumbent,NA,NA
2018-11-01,HYPPE,incumbent,NA,NA
2018-12-01,HYPPE,incumbent,NA,NA
2019-01-01,HYPPE,incumbent,NA,NA
2019-02-01,HYPPE,incumbent,NA,NA
2019-03-01,HYPPE,incumbent,NA,NA
2019-04-01,HYPPE,incumbent,NA,NA
2019-05-01,HYPPE,incumbent,NA,NA
2019-06-01,HYPPE,incumbent,NA,NA
2019-07-01,HYPPE,incumbent,NA,NA
2019-08-01,HYPPE,incumbent,NA,NA
2019-09-01,HYPPE,incumbent,NA,NA
2019-10-01,HYPPE,incumbent,NA,NA
2019-11-01,HYPPE,incumbent,NA,NA
2019-12-01,HYPPE,incumbent,NA,NA
2020-01-01,HYPPE,incumbent,NA,NA
2020-02-01,HYPPE,incumbent,NA,NA
2020-03-01,HYPPE,incumbent,NA,NA
2020-04-01,HYPPE,incumbent,NA,NA
2020-05-01,HYPPE,incumbent,NA,NA
2020-06-01,HYPPE,incumbent,NA,NA
2020-07-01,HYPPE,incumbent,NA,NA
2020-08-01,HYPPE,incumbent,NA,NA
2020-09-01,HYPPE,incumbent,NA,NA
2020-10-01,HYPPE,incumbent,NA,NA
2020-11-01,HYPPE,incumbent,NA,NA
2020-12-01,HYPPE,incumbent,NA,NA
2021-01-01,HYPPE,incumbent,NA,NA
2021-02-01,HYPPE,incumbent,NA,NA
2021-03-01,HYPPE,incumbent,NA,NA
2021-04-01,HYPPE,incumbent,NA,NA
2021-05-01,HYPPE,incumbent,NA,NA
2021-06-01,HYPPE,incumbent,NA,NA
2021-07-01,HYPPE,incumbent,34.00000000000001,16
2021-08-01,HYPPE,incumbent,34.00000000000001,16
2021-09-01,HYPPE,incumbent,34.00000000000001,16
2021-10-01,HYPPE,incumbent,34.00000000000001,16
2021-11-01,HYPPE,incumbent,34.00000000000001,16
2021-12-01,HYPPE,incumbent,34.00000000000001,16
2022-01-01,HYPPE,incumbent,34.00000000000001,16
2022-02-01,HYPPE,incumbent,34.00000000000001,16
2022-03-01,HYPPE,incumbent,34.00000000000001,16
2022-04-01,HYPPE,incumbent,34.00000000000001,16
2022-05-01,HYPPE,incumbent,34.00000000000001,16
2022-06-01,HYPPE,incumbent,34.00000000000001,16
2022-07-01,HYPPE,incumbent,34.00000000000001,16
2022-08-01,HYPPE,incumbent,34.00000000000001,17
2022-09-01,HYPPE,incumbent,34.00000000000001,17
2022-10-01,HYPPE,incumbent,34.00000000000001,17
2022-11-01,HYPPE,incumbent,34.00000000000001,17
2022-12-01,HYPPE,incumbent,34.00000000000001,17
2023-01-01,HYPPE,incumbent,34.00000000000001,16
2023-02-01,HYPPE,incumbent,34.00000000000001,16
2023-03-01,HYPPE,incumbent,34.00000000000001,16
2023-04-01,HYPPE,incumbent,34.00000000000001,16
2023-05-01,HYPPE,incumbent,34.00000000000001,16
2023-06-01,HYPPE,incumbent,34.00000000000001,17
2023-07-01,HYPPE,incumbent,34.00000000000001,17
2023-08-01,HYPPE,incumbent,34.00000000000001,23
2023-09-01,HYPPE,incumbent,34.00000000000001,24
2023-10-01,HYPPE,incumbent,34.00000000000001,24
2023-11-01,HYPPE,incumbent,34.00000000000001,24
2023-12-01,HYPPE,incumbent,34.00000000000001,24
2013-01-01,JUUL,incumbent,NA,NA
2013-02-01,JUUL,incumbent,NA,NA
2013-03-01,JUUL,incumbent,NA,NA
2013-04-01,JUUL,incumbent,NA,NA
2013-05-01,JUUL,incumbent,NA,NA
2013-06-01,JUUL,incumbent,NA,NA
2013-07-01,JUUL,incumbent,NA,NA
2013-08-01,JUUL,incumbent,NA,NA
2013-09-01,JUUL,incumbent,NA,NA
2013-10-01,JUUL,incumbent,NA,NA
2013-11-01,JUUL,incumbent,NA,NA
2013-12-01,JUUL,incumbent,NA,NA
2014-01-01,JUUL,incumbent,NA,NA
2014-02-01,JUUL,incumbent,NA,NA
2014-03-01,JUUL,incumbent,NA,NA
2014-04-01,JUUL,incumbent,NA,NA
2014-05-01,JUUL,incumbent,NA,NA
2014-06-01,JUUL,incumbent,NA,NA
2014-07-01,JUUL,incumbent,NA,NA
2014-08-01,JUUL,incumbent,NA,NA
2014-09-01,JUUL,incumbent,NA,NA
2014-10-01,JUUL,incumbent,NA,NA
2014-11-01,JUUL,incumbent,NA,NA
2014-12-01,JUUL,incumbent,NA,NA
2015-01-01,JUUL,incumbent,NA,NA
2015-02-01,JUUL,incumbent,NA,NA
2015-03-01,JUUL,incumbent,NA,NA
2015-04-01,JUUL,incumbent,NA,NA
2015-05-01,JUUL,incumbent,NA,NA
2015-06-01,JUUL,incumbent,NA,NA
2015-07-01,JUUL,incumbent,NA,NA
2015-08-01,JUUL,incumbent,NA,NA
2015-09-01,JUUL,incumbent,NA,NA
2015-10-01,JUUL,incumbent,NA,NA
2015-11-01,JUUL,incumbent,34,4
2015-12-01,JUUL,incumbent,34.00000000000001,4
2016-01-01,JUUL,incumbent,34,5
2016-02-01,JUUL,incumbent,34,5
2016-03-01,JUUL,incumbent,34,5
2016-04-01,JUUL,incumbent,34,5
2016-05-01,JUUL,incumbent,34.00000000000001,5
2016-06-01,JUUL,incumbent,34,5
2016-07-01,JUUL,incumbent,34,5
2016-08-01,JUUL,incumbent,34,5
2016-09-01,JUUL,incumbent,34.00000000000001,5
2016-10-01,JUUL,incumbent,34,5
2016-11-01,JUUL,incumbent,34,5
2016-12-01,JUUL,incumbent,34,5
2017-01-01,JUUL,incumbent,34.00000000000001,5
2017-02-01,JUUL,incumbent,34.00000000000001,5
2017-03-01,JUUL,incumbent,34,5
2017-04-01,JUUL,incumbent,34.00000000000001,5
2017-05-01,JUUL,incumbent,34,5
2017-06-01,JUUL,incumbent,34,5
2017-07-01,JUUL,incumbent,34.00000000000001,5
2017-08-01,JUUL,incumbent,34.00000000000001,5
2017-09-01,JUUL,incumbent,34,5
2017-10-01,JUUL,incumbent,34,6
2017-11-01,JUUL,incumbent,34,6
2017-12-01,JUUL,incumbent,34,6
2018-01-01,JUUL,incumbent,34.00000000000001,7
2018-02-01,JUUL,incumbent,34.00000000000001,8
2018-03-01,JUUL,incumbent,34,8
2018-04-01,JUUL,incumbent,34,9
2018-05-01,JUUL,incumbent,34,10
2018-06-01,JUUL,incumbent,34,16
2018-07-01,JUUL,incumbent,34,16
2018-08-01,JUUL,incumbent,34,15
2018-09-01,JUUL,incumbent,34.00000000000001,16
2018-10-01,JUUL,incumbent,34,15
2018-11-01,JUUL,incumbent,32.70476190476191,21
2018-12-01,JUUL,incumbent,32.70476190476191,21
2019-01-01,JUUL,incumbent,31.634782608695655,23
2019-02-01,JUUL,incumbent,31.634782608695655,23
2019-03-01,JUUL,incumbent,31.733333333333338,24
2019-04-01,JUUL,incumbent,31.733333333333338,24
2019-05-01,JUUL,incumbent,31.634782608695655,23
2019-06-01,JUUL,incumbent,31.733333333333334,24
2019-07-01,JUUL,incumbent,31.634782608695655,23
2019-08-01,JUUL,incumbent,31.634782608695655,23
2019-09-01,JUUL,incumbent,31.008000000000003,25
2019-10-01,JUUL,incumbent,31.008000000000003,25
2019-11-01,JUUL,incumbent,31.008000000000003,25
2019-12-01,JUUL,incumbent,31.008000000000006,25
2020-01-01,JUUL,incumbent,30.6,26
2020-02-01,JUUL,incumbent,30.6,26
2020-03-01,JUUL,incumbent,29.347368421052636,19
2020-04-01,JUUL,incumbent,29.347368421052636,19
2020-05-01,JUUL,incumbent,29.347368421052636,19
2020-06-01,JUUL,incumbent,29.347368421052636,19
2020-07-01,JUUL,incumbent,29.347368421052636,19
2020-08-01,JUUL,incumbent,29.347368421052636,19
2020-09-01,JUUL,incumbent,29.347368421052632,19
2020-10-01,JUUL,incumbent,29.347368421052636,19
2020-11-01,JUUL,incumbent,29.088888888888892,18
2020-12-01,JUUL,incumbent,29.088888888888892,18
2021-01-01,JUUL,incumbent,41.77242784836239,18
2021-02-01,JUUL,incumbent,42.22962948650135,17
2021-03-01,JUUL,incumbent,42.74398132940769,16
2021-04-01,JUUL,incumbent,44.233580084701536,15
2021-05-01,JUUL,incumbent,43.029629486501356,17
2021-06-01,JUUL,incumbent,42.22962948650136,17
2021-07-01,JUUL,incumbent,41.429629486501355,17
2021-08-01,JUUL,incumbent,41.429629486501355,17
2021-09-01,JUUL,incumbent,42.74398132940769,16
2021-10-01,JUUL,incumbent,41.01687229280684,18
2021-11-01,JUUL,incumbent,41.01687229280683,18
2021-12-01,JUUL,incumbent,41.01687229280684,18
2022-01-01,JUUL,incumbent,40.90993506180414,18
2022-02-01,JUUL,incumbent,39.53894155562373,20
2022-03-01,JUUL,incumbent,39.8304647953934,19
2022-04-01,JUUL,incumbent,39.53894155562373,20
2022-05-01,JUUL,incumbent,39.8304647953934,19
2022-06-01,JUUL,incumbent,41.665490617359694,18
2022-07-01,JUUL,incumbent,41.665490617359694,18
2022-08-01,JUUL,incumbent,42.11640183014556,17
2022-09-01,JUUL,incumbent,43.47367694452966,16
2022-10-01,JUUL,incumbent,42.11640183014556,17
2022-11-01,JUUL,incumbent,45.01192207416497,15
2022-12-01,JUUL,incumbent,35.848112550355445,15
2023-01-01,JUUL,incumbent,40.4520015103612,17
2023-02-01,JUUL,incumbent,40.4520015103612,17
2023-03-01,JUUL,incumbent,33.99839284607278,16
2023-04-01,JUUL,incumbent,34.848392846072784,16
2023-05-01,JUUL,incumbent,26.1951623356496,14
2023-06-01,JUUL,incumbent,35.00300091700502,14
2023-07-01,JUUL,incumbent,41.73448456106537,16
2023-08-01,JUUL,incumbent,35.00300091700501,14
2023-09-01,JUUL,incumbent,34.848392846072784,16
2023-10-01,JUUL,incumbent,27.161022724924532,12
2023-11-01,JUUL,incumbent,35.098038951109444,15
2023-12-01,JUUL,incumbent,28.88408590975078,13
2013-01-01,LOGIC,incumbent,13.600000000000003,2
2013-02-01,LOGIC,incumbent,13.600000000000005,2
2013-03-01,LOGIC,incumbent,7.925517241379312,4
2013-04-01,LOGIC,incumbent,6.2841379310344845,6
2013-05-01,LOGIC,incumbent,8.722758620689657,9
2013-06-01,LOGIC,incumbent,9.733166144200629,11
2013-07-01,LOGIC,incumbent,9.733166144200629,11
2013-08-01,LOGIC,incumbent,9.733166144200629,11
2013-09-01,LOGIC,incumbent,9.733166144200629,11
2013-10-01,LOGIC,incumbent,9.733166144200627,11
2013-11-01,LOGIC,incumbent,9.733166144200627,11
2013-12-01,LOGIC,incumbent,9.733166144200627,11
2014-01-01,LOGIC,incumbent,9.733166144200629,11
2014-02-01,LOGIC,incumbent,9.733166144200627,11
2014-03-01,LOGIC,incumbent,9.733166144200627,11
2014-04-01,LOGIC,incumbent,9.733166144200627,11
2014-05-01,LOGIC,incumbent,9.733166144200629,11
2014-06-01,LOGIC,incumbent,9.733166144200629,11
2014-07-01,LOGIC,incumbent,9.733166144200629,11
2014-08-01,LOGIC,incumbent,9.346482758620692,10
2014-09-01,LOGIC,incumbent,9.733166144200627,11
2014-10-01,LOGIC,incumbent,8.873869731800767,9
2014-11-01,LOGIC,incumbent,9.733166144200629,11
2014-12-01,LOGIC,incumbent,9.346482758620692,10
2015-01-01,LOGIC,incumbent,9.225958620689656,10
2015-02-01,LOGIC,incumbent,8.815509578544061,9
2015-03-01,LOGIC,incumbent,12.728686118479223,13
2015-04-01,LOGIC,incumbent,12.728686118479224,13
2015-05-01,LOGIC,incumbent,12.074075533661741,14
2015-06-01,LOGIC,incumbent,12.728686118479223,13
2015-07-01,LOGIC,incumbent,12.074075533661743,14
2015-08-01,LOGIC,incumbent,12.074075533661741,14
2015-09-01,LOGIC,incumbent,12.074075533661741,14
2015-10-01,LOGIC,incumbent,15.446040671971708,26
2015-11-01,LOGIC,incumbent,15.508466338259444,28
2015-12-01,LOGIC,incumbent,15.508466338259444,28
2016-01-01,LOGIC,incumbent,14.883960591133006,28
2016-02-01,LOGIC,incumbent,14.883960591133008,28
2016-03-01,LOGIC,incumbent,14.957715296198057,39
2016-04-01,LOGIC,incumbent,15.07177011494253,42
2016-05-01,LOGIC,incumbent,15.005914995990379,43
2016-06-01,LOGIC,incumbent,14.693032800672835,41
2016-07-01,LOGIC,incumbent,14.403535390199638,38
2016-08-01,LOGIC,incumbent,13.618616509926856,33
2016-09-01,LOGIC,incumbent,12.764880636604776,39
2016-10-01,LOGIC,incumbent,13.169924306139615,41
2016-11-01,LOGIC,incumbent,13.236010610079576,39
2016-12-01,LOGIC,incumbent,13.026419098143236,39
2017-01-01,LOGIC,incumbent,12.77869328493648,38
2017-02-01,LOGIC,incumbent,12.77869328493648,38
2017-03-01,LOGIC,incumbent,12.865678160919542,36
2017-04-01,LOGIC,incumbent,12.613893416927901,33
2017-05-01,LOGIC,incumbent,12.625577586206898,32
2017-06-01,LOGIC,incumbent,12.30437617554859,33
2017-07-01,LOGIC,incumbent,12.96750166852058,31
2017-08-01,LOGIC,incumbent,12.48248275862069,34
2017-09-01,LOGIC,incumbent,13.088663993584603,43
2017-10-01,LOGIC,incumbent,13.294790697674419,43
2017-11-01,LOGIC,incumbent,13.32621052631579,38
2017-12-01,LOGIC,incumbent,13.40297435897436,39
2018-01-01,LOGIC,incumbent,13.747900000000001,40
2018-02-01,LOGIC,incumbent,13.711121951219512,41
2018-03-01,LOGIC,incumbent,13.355567567567569,37
2018-04-01,LOGIC,incumbent,13.386555555555557,36
2018-05-01,LOGIC,incumbent,13.273222222222223,36
2018-06-01,LOGIC,incumbent,13.273222222222223,36
2018-07-01,LOGIC,incumbent,13.243515151515153,33
2018-08-01,LOGIC,incumbent,13.334000000000001,34
2018-09-01,LOGIC,incumbent,13.218842105263159,38
2018-10-01,LOGIC,incumbent,13.019875,32
2018-11-01,LOGIC,incumbent,12.582266666666667,30
2018-12-01,LOGIC,incumbent,12.536933333333334,30
2019-01-01,LOGIC,incumbent,12.268769230769232,26
2019-02-01,LOGIC,incumbent,12.43312,25
2019-03-01,LOGIC,incumbent,12.461,28
2019-04-01,LOGIC,incumbent,12.791846153846155,26
2019-05-01,LOGIC,incumbent,12.418814814814816,27
2019-06-01,LOGIC,incumbent,12.190307692307693,26
2019-07-01,LOGIC,incumbent,10.8154,20
2019-08-01,LOGIC,incumbent,11.174666666666667,21
2019-09-01,LOGIC,incumbent,11.428533333333334,15
2019-10-01,LOGIC,incumbent,11.677111111111111,18
2019-11-01,LOGIC,incumbent,11.595619047619047,21
2019-12-01,LOGIC,incumbent,11.90309090909091,22
2020-01-01,LOGIC,incumbent,11.90309090909091,22
2020-02-01,LOGIC,incumbent,12.18657142857143,14
2020-03-01,LOGIC,incumbent,11.327666666666667,12
2020-04-01,LOGIC,incumbent,11.870533333333334,10
2020-05-01,LOGIC,incumbent,11.149481481481482,9
2020-06-01,LOGIC,incumbent,11.523166666666668,8
2020-07-01,LOGIC,incumbent,11.523166666666667,8
2020-08-01,LOGIC,incumbent,11.523166666666667,8
2020-09-01,LOGIC,incumbent,11.523166666666668,8
2020-10-01,LOGIC,incumbent,11.523166666666668,8
2020-11-01,LOGIC,incumbent,11.523166666666668,8
2020-12-01,LOGIC,incumbent,11.523166666666667,8
2021-01-01,LOGIC,incumbent,20.060000000000002,9
2021-02-01,LOGIC,incumbent,14.492500000000001,8
2021-03-01,LOGIC,incumbent,14.4925,8
2021-04-01,LOGIC,incumbent,14.492500000000001,8
2021-05-01,LOGIC,incumbent,14.4925,8
2021-06-01,LOGIC,incumbent,14.492500000000001,8
2021-07-01,LOGIC,incumbent,14.492500000000001,8
2021-08-01,LOGIC,incumbent,14.814285714285717,7
2021-09-01,LOGIC,incumbent,14.814285714285715,7
2021-10-01,LOGIC,incumbent,14.492500000000001,8
2021-11-01,LOGIC,incumbent,14.492500000000001,8
2021-12-01,LOGIC,incumbent,14.492500000000001,8
2022-01-01,LOGIC,incumbent,13.732222222222223,6
2022-02-01,LOGIC,incumbent,13.732222222222223,6
2022-03-01,LOGIC,incumbent,13.732222222222223,6
2022-04-01,LOGIC,incumbent,13.519047619047619,7
2022-05-01,LOGIC,incumbent,13.732222222222223,6
2022-06-01,LOGIC,incumbent,13.732222222222223,6
2022-07-01,LOGIC,incumbent,13.732222222222223,6
2022-08-01,LOGIC,incumbent,13.732222222222223,6
2022-09-01,LOGIC,incumbent,13.732222222222223,6
2022-10-01,LOGIC,incumbent,13.732222222222223,6
2022-11-01,LOGIC,incumbent,13.732222222222223,6
2022-12-01,LOGIC,incumbent,13.732222222222223,6
2023-01-01,LOGIC,incumbent,13.732222222222223,6
2023-02-01,LOGIC,incumbent,13.732222222222223,6
2023-03-01,LOGIC,incumbent,13.732222222222223,6
2023-04-01,LOGIC,incumbent,13.732222222222223,6
2023-05-01,LOGIC,incumbent,13.732222222222223,6
2023-06-01,LOGIC,incumbent,13.732222222222223,6
2023-07-01,LOGIC,incumbent,13.732222222222223,6
2023-08-01,LOGIC,incumbent,13.732222222222223,6
2023-09-01,LOGIC,incumbent,13.732222222222223,6
2023-10-01,LOGIC,incumbent,13.732222222222223,6
2023-11-01,LOGIC,incumbent,13.732222222222223,6
2023-12-01,LOGIC,incumbent,13.732222222222223,6
2013-01-01,MARKTEN,incumbent,NA,NA
2013-02-01,MARKTEN,incumbent,NA,NA
2013-03-01,MARKTEN,incumbent,NA,NA
2013-04-01,MARKTEN,incumbent,NA,NA
2013-05-01,MARKTEN,incumbent,NA,NA
2013-06-01,MARKTEN,incumbent,NA,NA
2013-07-01,MARKTEN,incumbent,NA,NA
2013-08-01,MARKTEN,incumbent,29.749999999999996,4
2013-09-01,MARKTEN,incumbent,29.75,4
2013-10-01,MARKTEN,incumbent,29.75,4
2013-11-01,MARKTEN,incumbent,29.75,4
2013-12-01,MARKTEN,incumbent,29.75,4
2014-01-01,MARKTEN,incumbent,31.2375,8
2014-02-01,MARKTEN,incumbent,31.237499999999997,8
2014-03-01,MARKTEN,incumbent,31.2375,8
2014-04-01,MARKTEN,incumbent,29.75,10
2014-05-01,MARKTEN,incumbent,29.75,10
2014-06-01,MARKTEN,incumbent,28.758333333333333,12
2014-07-01,MARKTEN,incumbent,28.758333333333333,12
2014-08-01,MARKTEN,incumbent,28.758333333333333,12
2014-09-01,MARKTEN,incumbent,28.758333333333333,12
2014-10-01,MARKTEN,incumbent,28.758333333333333,12
2014-11-01,MARKTEN,incumbent,26.775,6
2014-12-01,MARKTEN,incumbent,23.800000000000004,5
2015-01-01,MARKTEN,incumbent,21.533333333333335,6
2015-02-01,MARKTEN,incumbent,21.857142857142858,7
2015-03-01,MARKTEN,incumbent,21.533333333333335,6
2015-04-01,MARKTEN,incumbent,21.533333333333335,6
2015-05-01,MARKTEN,incumbent,21.533333333333335,6
2015-06-01,MARKTEN,incumbent,21.533333333333335,6
2015-07-01,MARKTEN,incumbent,21.533333333333335,6
2015-08-01,MARKTEN,incumbent,21.533333333333335,6
2015-09-01,MARKTEN,incumbent,21.533333333333335,6
2015-10-01,MARKTEN,incumbent,21.476666666666667,12
2015-11-01,MARKTEN,incumbent,21.476666666666667,12
2015-12-01,MARKTEN,incumbent,21.476666666666667,12
2016-01-01,MARKTEN,incumbent,21.47666666666667,12
2016-02-01,MARKTEN,incumbent,21.476666666666667,12
2016-03-01,MARKTEN,incumbent,21.476666666666667,12
2016-04-01,MARKTEN,incumbent,21.476666666666667,12
2016-05-01,MARKTEN,incumbent,21.476666666666667,12
2016-06-01,MARKTEN,incumbent,21.476666666666667,12
2016-07-01,MARKTEN,incumbent,21.47666666666667,12
2016-08-01,MARKTEN,incumbent,21.265454545454546,11
2016-09-01,MARKTEN,incumbent,20.702222222222222,9
2016-10-01,MARKTEN,incumbent,21.265454545454546,11
2016-11-01,MARKTEN,incumbent,21.265454545454546,11
2016-12-01,MARKTEN,incumbent,20.702222222222225,9
2017-01-01,MARKTEN,incumbent,21.080000000000002,9
2017-02-01,MARKTEN,incumbent,22.19272727272727,11
2017-03-01,MARKTEN,incumbent,22.192727272727275,11
2017-04-01,MARKTEN,incumbent,22.192727272727275,11
2017-05-01,MARKTEN,incumbent,22.192727272727275,11
2017-06-01,MARKTEN,incumbent,22.192727272727275,11
2017-07-01,MARKTEN,incumbent,22.8225,12
2017-08-01,MARKTEN,incumbent,22.192727272727275,11
2017-09-01,MARKTEN,incumbent,22.192727272727275,11
2017-10-01,MARKTEN,incumbent,22.712,10
2017-11-01,MARKTEN,incumbent,23.346666666666668,9
2017-12-01,MARKTEN,incumbent,23.346666666666668,9
2018-01-01,MARKTEN,incumbent,22.8225,12
2018-02-01,MARKTEN,incumbent,22.8225,12
2018-03-01,MARKTEN,incumbent,22.8225,12
2018-04-01,MARKTEN,incumbent,22.8225,12
2018-05-01,MARKTEN,incumbent,22.89769230769231,13
2018-06-01,MARKTEN,incumbent,22.8225,12
2018-07-01,MARKTEN,incumbent,23.351818181818185,11
2018-08-01,MARKTEN,incumbent,23.987000000000002,10
2018-09-01,MARKTEN,incumbent,23.35181818181818,11
2018-10-01,MARKTEN,incumbent,23.35181818181818,11
2018-11-01,MARKTEN,incumbent,23.987000000000002,10
2018-12-01,MARKTEN,incumbent,23.35181818181818,11
2019-01-01,MARKTEN,incumbent,23.00838383838384,11
2019-02-01,MARKTEN,incumbent,23.00838383838384,11
2019-03-01,MARKTEN,incumbent,23.00838383838384,11
2019-04-01,MARKTEN,incumbent,23.00838383838384,11
2019-05-01,MARKTEN,incumbent,23.987000000000002,10
2019-06-01,MARKTEN,incumbent,22.8225,12
2019-07-01,MARKTEN,incumbent,23.351818181818185,11
2019-08-01,MARKTEN,incumbent,22.967000000000002,10
2019-09-01,MARKTEN,incumbent,22.865000000000002,8
2019-10-01,MARKTEN,incumbent,21.930000000000003,4
2019-11-01,MARKTEN,incumbent,23.686666666666667,6
2019-12-01,MARKTEN,incumbent,23.686666666666667,6
2020-01-01,MARKTEN,incumbent,23.686666666666667,6
2020-02-01,MARKTEN,incumbent,21.30666666666667,3
2020-03-01,MARKTEN,incumbent,NA,NA
2020-04-01,MARKTEN,incumbent,16.32,1
2020-05-01,MARKTEN,incumbent,16.320000000000004,1
2020-06-01,MARKTEN,incumbent,NA,NA
2020-07-01,MARKTEN,incumbent,NA,NA
2020-08-01,MARKTEN,incumbent,NA,NA
2020-09-01,MARKTEN,incumbent,NA,NA
2020-10-01,MARKTEN,incumbent,NA,NA
2020-11-01,MARKTEN,incumbent,NA,NA
2020-12-01,MARKTEN,incumbent,NA,NA
2021-01-01,MARKTEN,incumbent,NA,NA
2021-02-01,MARKTEN,incumbent,NA,NA
2021-03-01,MARKTEN,incumbent,NA,NA
2021-04-01,MARKTEN,incumbent,NA,NA
2021-05-01,MARKTEN,incumbent,NA,NA
2021-06-01,MARKTEN,incumbent,NA,NA
2021-07-01,MARKTEN,incumbent,NA,NA
2021-08-01,MARKTEN,incumbent,NA,NA
2021-09-01,MARKTEN,incumbent,NA,NA
2021-10-01,MARKTEN,incumbent,NA,NA
2021-11-01,MARKTEN,incumbent,NA,NA
2021-12-01,MARKTEN,incumbent,NA,NA
2022-01-01,MARKTEN,incumbent,NA,NA
2022-02-01,MARKTEN,incumbent,NA,NA
2022-03-01,MARKTEN,incumbent,NA,NA
2022-04-01,MARKTEN,incumbent,NA,NA
2022-05-01,MARKTEN,incumbent,NA,NA
2022-06-01,MARKTEN,incumbent,NA,NA
2022-07-01,MARKTEN,incumbent,NA,NA
2022-08-01,MARKTEN,incumbent,NA,NA
2022-09-01,MARKTEN,incumbent,NA,NA
2022-10-01,MARKTEN,incumbent,NA,NA
2022-11-01,MARKTEN,incumbent,NA,NA
2022-12-01,MARKTEN,incumbent,NA,NA
2023-01-01,MARKTEN,incumbent,NA,NA
2023-02-01,MARKTEN,incumbent,NA,NA
2023-03-01,MARKTEN,incumbent,NA,NA
2023-04-01,MARKTEN,incumbent,NA,NA
2023-05-01,MARKTEN,incumbent,NA,NA
2023-06-01,MARKTEN,incumbent,NA,NA
2023-07-01,MARKTEN,incumbent,NA,NA
2023-08-01,MARKTEN,incumbent,NA,NA
2023-09-01,MARKTEN,incumbent,NA,NA
2023-10-01,MARKTEN,incumbent,NA,NA
2023-11-01,MARKTEN,incumbent,NA,NA
2023-12-01,MARKTEN,incumbent,NA,NA
2013-01-01,MISTIC,incumbent,10.626133333333332,9
2013-02-01,MISTIC,incumbent,10.626133333333334,9
2013-03-01,MISTIC,incumbent,10.626133333333334,9
2013-04-01,MISTIC,incumbent,10.626133333333334,9
2013-05-01,MISTIC,incumbent,10.626133333333334,9
2013-06-01,MISTIC,incumbent,11.10848,15
2013-07-01,MISTIC,incumbent,11.1792,16
2013-08-01,MISTIC,incumbent,11.1792,16
2013-09-01,MISTIC,incumbent,11.10848,15
2013-10-01,MISTIC,incumbent,11.10848,15
2013-11-01,MISTIC,incumbent,11.10848,15
2013-12-01,MISTIC,incumbent,11.10848,15
2014-01-01,MISTIC,incumbent,10.9536,17
2014-02-01,MISTIC,incumbent,10.9536,17
2014-03-01,MISTIC,incumbent,10.732342857142857,21
2014-04-01,MISTIC,incumbent,11.600800000000001,24
2014-05-01,MISTIC,incumbent,12.129257142857144,28
2014-06-01,MISTIC,incumbent,11.952768,25
2014-07-01,MISTIC,incumbent,12.370560000000001,25
2014-08-01,MISTIC,incumbent,12.63393103448276,29
2014-09-01,MISTIC,incumbent,12.836307692307694,26
2014-10-01,MISTIC,incumbent,12.57848888888889,27
2014-11-01,MISTIC,incumbent,12.319127272727274,33
2014-12-01,MISTIC,incumbent,12.3879,32
2015-01-01,MISTIC,incumbent,12.254836363636365,33
2015-02-01,MISTIC,incumbent,12.2553,32
2015-03-01,MISTIC,incumbent,12.254836363636365,33
2015-04-01,MISTIC,incumbent,12.586800000000002,32
2015-05-01,MISTIC,incumbent,12.597987096774196,31
2015-06-01,MISTIC,incumbent,12.255300000000002,32
2015-07-01,MISTIC,incumbent,12.597987096774194,31
2015-08-01,MISTIC,incumbent,12.224700000000002,32
2015-09-01,MISTIC,incumbent,10.560757894736843,38
2015-10-01,MISTIC,incumbent,10.379520000000001,40
2015-11-01,MISTIC,incumbent,10.331815384615386,39
2015-12-01,MISTIC,incumbent,10.603815384615386,39
2016-01-01,MISTIC,incumbent,10.16872,40
2016-02-01,MISTIC,incumbent,10.16872,40
2016-03-01,MISTIC,incumbent,10.16872,40
2016-04-01,MISTIC,incumbent,10.16872,40
2016-05-01,MISTIC,incumbent,10.16872,40
2016-06-01,MISTIC,incumbent,10.16872,40
2016-07-01,MISTIC,incumbent,10.219239024390244,41
2016-08-01,MISTIC,incumbent,10.16872,40
2016-09-01,MISTIC,incumbent,9.051234042553192,47
2016-10-01,MISTIC,incumbent,8.893266666666667,48
2016-11-01,MISTIC,incumbent,8.659060869565218,46
2016-12-01,MISTIC,incumbent,8.893266666666667,48
2017-01-01,MISTIC,incumbent,8.926229787234043,47
2017-02-01,MISTIC,incumbent,8.926229787234043,47
2017-03-01,MISTIC,incumbent,8.648466666666668,48
2017-04-01,MISTIC,incumbent,8.501942857142858,49
2017-05-01,MISTIC,incumbent,8.509066666666667,48
2017-06-01,MISTIC,incumbent,8.501942857142858,49
2017-07-01,MISTIC,incumbent,8.478784000000001,50
2017-08-01,MISTIC,incumbent,8.478784000000001,50
2017-09-01,MISTIC,incumbent,8.501942857142858,49
2017-10-01,MISTIC,incumbent,8.080765217391304,46
2017-11-01,MISTIC,incumbent,8.481454545454547,44
2017-12-01,MISTIC,incumbent,8.481669565217391,46
2018-01-01,MISTIC,incumbent,8.563466666666667,48
2018-02-01,MISTIC,incumbent,8.478784000000001,50
2018-03-01,MISTIC,incumbent,8.683733333333334,51
2018-04-01,MISTIC,incumbent,8.721763265306123,49
2018-05-01,MISTIC,incumbent,8.590666666666667,48
2018-06-01,MISTIC,incumbent,8.531008,50
2018-07-01,MISTIC,incumbent,8.752612765957448,47
2018-08-01,MISTIC,incumbent,8.502604255319149,47
2018-09-01,MISTIC,incumbent,8.530382978723406,47
2018-10-01,MISTIC,incumbent,9.122753488372094,43
2018-11-01,MISTIC,incumbent,9.048533333333333,42
2018-12-01,MISTIC,incumbent,8.930254545454545,44
2019-01-01,MISTIC,incumbent,8.990960000000001,40
2019-02-01,MISTIC,incumbent,9.068480000000001,40
2019-03-01,MISTIC,incumbent,8.753219047619048,42
2019-04-01,MISTIC,incumbent,8.869989743589745,39
2019-05-01,MISTIC,incumbent,8.96304761904762,42
2019-06-01,MISTIC,incumbent,8.714417021276596,47
2019-07-01,MISTIC,incumbent,8.713325714285714,35
2019-08-01,MISTIC,incumbent,9.080389189189189,37
2019-09-01,MISTIC,incumbent,8.65289696969697,33
2019-10-01,MISTIC,incumbent,8.810080000000001,20
2019-11-01,MISTIC,incumbent,9.9756,24
2019-12-01,MISTIC,incumbent,9.189714285714286,28
2020-01-01,MISTIC,incumbent,8.9998,32
2020-02-01,MISTIC,incumbent,5.44,7
2020-03-01,MISTIC,incumbent,NA,NA
2020-04-01,MISTIC,incumbent,NA,NA
2020-05-01,MISTIC,incumbent,NA,NA
2020-06-01,MISTIC,incumbent,NA,NA
2020-07-01,MISTIC,incumbent,NA,NA
2020-08-01,MISTIC,incumbent,NA,NA
2020-09-01,MISTIC,incumbent,NA,NA
2020-10-01,MISTIC,incumbent,16.32,1
2020-11-01,MISTIC,incumbent,16.32,2
2020-12-01,MISTIC,incumbent,NA,NA
2021-01-01,MISTIC,incumbent,NA,NA
2021-02-01,MISTIC,incumbent,NA,NA
2021-03-01,MISTIC,incumbent,NA,NA
2021-04-01,MISTIC,incumbent,NA,NA
2021-05-01,MISTIC,incumbent,NA,NA
2021-06-01,MISTIC,incumbent,NA,NA
2021-07-01,MISTIC,incumbent,NA,NA
2021-08-01,MISTIC,incumbent,NA,NA
2021-09-01,MISTIC,incumbent,NA,NA
2021-10-01,MISTIC,incumbent,NA,NA
2021-11-01,MISTIC,incumbent,NA,NA
2021-12-01,MISTIC,incumbent,NA,NA
2022-01-01,MISTIC,incumbent,NA,NA
2022-02-01,MISTIC,incumbent,NA,NA
2022-03-01,MISTIC,incumbent,NA,NA
2022-04-01,MISTIC,incumbent,NA,NA
2022-05-01,MISTIC,incumbent,NA,NA
2022-06-01,MISTIC,incumbent,NA,NA
2022-07-01,MISTIC,incumbent,NA,NA
2022-08-01,MISTIC,incumbent,NA,NA
2022-09-01,MISTIC,incumbent,NA,NA
2022-10-01,MISTIC,incumbent,NA,NA
2022-11-01,MISTIC,incumbent,NA,NA
2022-12-01,MISTIC,incumbent,NA,NA
2023-01-01,MISTIC,incumbent,NA,NA
2023-02-01,MISTIC,incumbent,NA,NA
2023-03-01,MISTIC,incumbent,NA,NA
2023-04-01,MISTIC,incumbent,NA,NA
2023-05-01,MISTIC,incumbent,NA,NA
2023-06-01,MISTIC,incumbent,NA,NA
2023-07-01,MISTIC,incumbent,NA,NA
2023-08-01,MISTIC,incumbent,NA,NA
2023-09-01,MISTIC,incumbent,NA,NA
2023-10-01,MISTIC,incumbent,NA,NA
2023-11-01,MISTIC,incumbent,NA,NA
2023-12-01,MISTIC,incumbent,NA,NA
2013-01-01,MNGO,incumbent,NA,NA
2013-02-01,MNGO,incumbent,NA,NA
2013-03-01,MNGO,incumbent,NA,NA
2013-04-01,MNGO,incumbent,NA,NA
2013-05-01,MNGO,incumbent,NA,NA
2013-06-01,MNGO,incumbent,NA,NA
2013-07-01,MNGO,incumbent,NA,NA
2013-08-01,MNGO,incumbent,NA,NA
2013-09-01,MNGO,incumbent,NA,NA
2013-10-01,MNGO,incumbent,NA,NA
2013-11-01,MNGO,incumbent,NA,NA
2013-12-01,MNGO,incumbent,NA,NA
2014-01-01,MNGO,incumbent,NA,NA
2014-02-01,MNGO,incumbent,NA,NA
2014-03-01,MNGO,incumbent,NA,NA
2014-04-01,MNGO,incumbent,NA,NA
2014-05-01,MNGO,incumbent,NA,NA
2014-06-01,MNGO,incumbent,NA,NA
2014-07-01,MNGO,incumbent,NA,NA
2014-08-01,MNGO,incumbent,NA,NA
2014-09-01,MNGO,incumbent,NA,NA
2014-10-01,MNGO,incumbent,NA,NA
2014-11-01,MNGO,incumbent,NA,NA
2014-12-01,MNGO,incumbent,NA,NA
2015-01-01,MNGO,incumbent,NA,NA
2015-02-01,MNGO,incumbent,NA,NA
2015-03-01,MNGO,incumbent,NA,NA
2015-04-01,MNGO,incumbent,NA,NA
2015-05-01,MNGO,incumbent,NA,NA
2015-06-01,MNGO,incumbent,NA,NA
2015-07-01,MNGO,incumbent,NA,NA
2015-08-01,MNGO,incumbent,NA,NA
2015-09-01,MNGO,incumbent,NA,NA
2015-10-01,MNGO,incumbent,NA,NA
2015-11-01,MNGO,incumbent,NA,NA
2015-12-01,MNGO,incumbent,NA,NA
2016-01-01,MNGO,incumbent,NA,NA
2016-02-01,MNGO,incumbent,NA,NA
2016-03-01,MNGO,incumbent,NA,NA
2016-04-01,MNGO,incumbent,NA,NA
2016-05-01,MNGO,incumbent,NA,NA
2016-06-01,MNGO,incumbent,NA,NA
2016-07-01,MNGO,incumbent,NA,NA
2016-08-01,MNGO,incumbent,NA,NA
2016-09-01,MNGO,incumbent,NA,NA
2016-10-01,MNGO,incumbent,NA,NA
2016-11-01,MNGO,incumbent,NA,NA
2016-12-01,MNGO,incumbent,NA,NA
2017-01-01,MNGO,incumbent,NA,NA
2017-02-01,MNGO,incumbent,NA,NA
2017-03-01,MNGO,incumbent,NA,NA
2017-04-01,MNGO,incumbent,NA,NA
2017-05-01,MNGO,incumbent,NA,NA
2017-06-01,MNGO,incumbent,NA,NA
2017-07-01,MNGO,incumbent,NA,NA
2017-08-01,MNGO,incumbent,NA,NA
2017-09-01,MNGO,incumbent,NA,NA
2017-10-01,MNGO,incumbent,NA,NA
2017-11-01,MNGO,incumbent,NA,NA
2017-12-01,MNGO,incumbent,NA,NA
2018-01-01,MNGO,incumbent,NA,NA
2018-02-01,MNGO,incumbent,NA,NA
2018-03-01,MNGO,incumbent,NA,NA
2018-04-01,MNGO,incumbent,NA,NA
2018-05-01,MNGO,incumbent,NA,NA
2018-06-01,MNGO,incumbent,NA,NA
2018-07-01,MNGO,incumbent,NA,NA
2018-08-01,MNGO,incumbent,NA,NA
2018-09-01,MNGO,incumbent,NA,NA
2018-10-01,MNGO,incumbent,NA,NA
2018-11-01,MNGO,incumbent,NA,NA
2018-12-01,MNGO,incumbent,NA,NA
2019-01-01,MNGO,incumbent,NA,NA
2019-02-01,MNGO,incumbent,NA,NA
2019-03-01,MNGO,incumbent,NA,NA
2019-04-01,MNGO,incumbent,NA,NA
2019-05-01,MNGO,incumbent,NA,NA
2019-06-01,MNGO,incumbent,NA,NA
2019-07-01,MNGO,incumbent,NA,NA
2019-08-01,MNGO,incumbent,NA,NA
2019-09-01,MNGO,incumbent,NA,NA
2019-10-01,MNGO,incumbent,NA,NA
2019-11-01,MNGO,incumbent,NA,NA
2019-12-01,MNGO,incumbent,NA,NA
2020-01-01,MNGO,incumbent,NA,NA
2020-02-01,MNGO,incumbent,NA,NA
2020-03-01,MNGO,incumbent,NA,NA
2020-04-01,MNGO,incumbent,NA,NA
2020-05-01,MNGO,incumbent,NA,NA
2020-06-01,MNGO,incumbent,NA,NA
2020-07-01,MNGO,incumbent,NA,NA
2020-08-01,MNGO,incumbent,NA,NA
2020-09-01,MNGO,incumbent,NA,NA
2020-10-01,MNGO,incumbent,NA,NA
2020-11-01,MNGO,incumbent,NA,NA
2020-12-01,MNGO,incumbent,NA,NA
2021-01-01,MNGO,incumbent,40.800000000000004,8
2021-02-01,MNGO,incumbent,40.800000000000004,8
2021-03-01,MNGO,incumbent,40.800000000000004,8
2021-04-01,MNGO,incumbent,40.800000000000004,8
2021-05-01,MNGO,incumbent,40.800000000000004,8
2021-06-01,MNGO,incumbent,40.800000000000004,8
2021-07-01,MNGO,incumbent,40.800000000000004,8
2021-08-01,MNGO,incumbent,40.800000000000004,8
2021-09-01,MNGO,incumbent,40.800000000000004,8
2021-10-01,MNGO,incumbent,40.800000000000004,8
2021-11-01,MNGO,incumbent,40.80000000000001,12
2021-12-01,MNGO,incumbent,40.800000000000004,12
2022-01-01,MNGO,incumbent,40.80000000000001,12
2022-02-01,MNGO,incumbent,40.80000000000001,12
2022-03-01,MNGO,incumbent,40.80000000000001,12
2022-04-01,MNGO,incumbent,40.80000000000001,12
2022-05-01,MNGO,incumbent,40.800000000000004,13
2022-06-01,MNGO,incumbent,40.80000000000001,14
2022-07-01,MNGO,incumbent,40.800000000000004,14
2022-08-01,MNGO,incumbent,40.80000000000001,14
2022-09-01,MNGO,incumbent,40.80000000000001,14
2022-10-01,MNGO,incumbent,40.80000000000001,14
2022-11-01,MNGO,incumbent,40.80000000000001,13
2022-12-01,MNGO,incumbent,40.80000000000001,14
2023-01-01,MNGO,incumbent,40.800000000000004,11
2023-02-01,MNGO,incumbent,40.800000000000004,12
2023-03-01,MNGO,incumbent,40.800000000000004,11
2023-04-01,MNGO,incumbent,40.800000000000004,10
2023-05-01,MNGO,incumbent,40.800000000000004,10
2023-06-01,MNGO,incumbent,40.800000000000004,10
2023-07-01,MNGO,incumbent,40.80000000000001,11
2023-08-01,MNGO,incumbent,40.800000000000004,10
2023-09-01,MNGO,incumbent,40.800000000000004,10
2023-10-01,MNGO,incumbent,40.800000000000004,10
2023-11-01,MNGO,incumbent,40.800000000000004,10
2023-12-01,MNGO,incumbent,40.800000000000004,10
2013-01-01,NICOTEK,incumbent,11.22,8
2013-02-01,NICOTEK,incumbent,6.05792338275021,17
2013-03-01,NICOTEK,incumbent,6.057923382750209,17
2013-04-01,NICOTEK,incumbent,6.05792338275021,17
2013-05-01,NICOTEK,incumbent,6.05792338275021,17
2013-06-01,NICOTEK,incumbent,6.05792338275021,17
2013-07-01,NICOTEK,incumbent,5.696806190904987,21
2013-08-01,NICOTEK,incumbent,5.696806190904988,21
2013-09-01,NICOTEK,incumbent,5.696806190904988,21
2013-10-01,NICOTEK,incumbent,5.696806190904988,21
2013-11-01,NICOTEK,incumbent,5.696806190904988,21
2013-12-01,NICOTEK,incumbent,5.696806190904988,21
2014-01-01,NICOTEK,incumbent,5.696806190904988,21
2014-02-01,NICOTEK,incumbent,5.696806190904988,21
2014-03-01,NICOTEK,incumbent,5.696806190904988,21
2014-04-01,NICOTEK,incumbent,5.696806190904988,21
2014-05-01,NICOTEK,incumbent,5.696806190904988,21
2014-06-01,NICOTEK,incumbent,5.9081759587460505,20
2014-07-01,NICOTEK,incumbent,5.908175958746051,20
2014-08-01,NICOTEK,incumbent,5.696806190904988,21
2014-09-01,NICOTEK,incumbent,6.401372083708531,18
2014-10-01,NICOTEK,incumbent,6.141795175833542,19
2014-11-01,NICOTEK,incumbent,5.696806190904988,21
2014-12-01,NICOTEK,incumbent,5.696806190904988,21
2015-01-01,NICOTEK,incumbent,5.908175958746051,20
2015-02-01,NICOTEK,incumbent,6.691487451333519,17
2015-03-01,NICOTEK,incumbent,8.298280256641148,13
2015-04-01,NICOTEK,incumbent,7.387764333633492,15
2015-05-01,NICOTEK,incumbent,6.401372083708532,18
2015-06-01,NICOTEK,incumbent,6.401372083708531,18
2015-07-01,NICOTEK,incumbent,6.401372083708531,18
2015-08-01,NICOTEK,incumbent,5.908175958746051,20
2015-09-01,NICOTEK,incumbent,5.696806190904988,21
2015-10-01,NICOTEK,incumbent,5.696806190904988,21
2015-11-01,NICOTEK,incumbent,5.9081759587460505,20
2015-12-01,NICOTEK,incumbent,5.696806190904988,21
2016-01-01,NICOTEK,incumbent,5.696806190904988,21
2016-02-01,NICOTEK,incumbent,5.696806190904988,21
2016-03-01,NICOTEK,incumbent,5.696806190904988,21
2016-04-01,NICOTEK,incumbent,5.696806190904988,21
2016-05-01,NICOTEK,incumbent,5.908175958746051,20
2016-06-01,NICOTEK,incumbent,5.696806190904988,21
2016-07-01,NICOTEK,incumbent,6.141795175833542,19
2016-08-01,NICOTEK,incumbent,5.908175958746051,20
2016-09-01,NICOTEK,incumbent,5.908175958746051,20
2016-10-01,NICOTEK,incumbent,5.908175958746051,20
2016-11-01,NICOTEK,incumbent,5.696806190904988,21
2016-12-01,NICOTEK,incumbent,6.141795175833542,19
2017-01-01,NICOTEK,incumbent,5.183920992528023,21
2017-02-01,NICOTEK,incumbent,5.183920992528023,21
2017-03-01,NICOTEK,incumbent,5.5046518565040214,22
2017-04-01,NICOTEK,incumbent,5.329206594659661,23
2017-05-01,NICOTEK,incumbent,5.015079621689646,22
2017-06-01,NICOTEK,incumbent,4.671035794151058,21
2017-07-01,NICOTEK,incumbent,5.183920992528023,21
2017-08-01,NICOTEK,incumbent,4.671035794151058,21
2017-09-01,NICOTEK,incumbent,5.5046518565040214,22
2017-10-01,NICOTEK,incumbent,5.015079621689646,22
2017-11-01,NICOTEK,incumbent,5.015079621689646,22
2017-12-01,NICOTEK,incumbent,5.015079621689646,22
2018-01-01,NICOTEK,incumbent,5.168381771302331,24
2018-02-01,NICOTEK,incumbent,5.015079621689646,22
2018-03-01,NICOTEK,incumbent,5.369646500450237,20
2018-04-01,NICOTEK,incumbent,5.5046518565040214,22
2018-05-01,NICOTEK,incumbent,4.606273889389152,18
2018-06-01,NICOTEK,incumbent,4.089039561956431,19
2018-07-01,NICOTEK,incumbent,3.3515286672669826,15
2018-08-01,NICOTEK,incumbent,3.3701030398336584,17
2018-09-01,NICOTEK,incumbent,4.790795245583589,17
2018-10-01,NICOTEK,incumbent,3.6520581255627964,16
2018-11-01,NICOTEK,incumbent,2.4485553037124803,11
2018-12-01,NICOTEK,incumbent,2.716637857786053,14
2019-01-01,NICOTEK,incumbent,3.8220581255627963,12
2019-02-01,NICOTEK,incumbent,3.264509028403107,6
2019-03-01,NICOTEK,incumbent,4.406844242969984,11
2019-04-01,NICOTEK,incumbent,4.162058125562797,8
2019-05-01,NICOTEK,incumbent,2.666142963629981,9
2019-06-01,NICOTEK,incumbent,4.162058125562797,8
2019-07-01,NICOTEK,incumbent,3.8628750931762332,9
2019-08-01,NICOTEK,incumbent,6.854705417041864,6
2019-09-01,NICOTEK,incumbent,6.854705417041864,4
2019-10-01,NICOTEK,incumbent,NA,NA
2019-11-01,NICOTEK,incumbent,NA,NA
2019-12-01,NICOTEK,incumbent,NA,NA
2020-01-01,NICOTEK,incumbent,NA,NA
2020-02-01,NICOTEK,incumbent,NA,NA
2020-03-01,NICOTEK,incumbent,NA,NA
2020-04-01,NICOTEK,incumbent,NA,NA
2020-05-01,NICOTEK,incumbent,NA,NA
2020-06-01,NICOTEK,incumbent,NA,NA
2020-07-01,NICOTEK,incumbent,NA,NA
2020-08-01,NICOTEK,incumbent,NA,NA
2020-09-01,NICOTEK,incumbent,NA,NA
2020-10-01,NICOTEK,incumbent,NA,NA
2020-11-01,NICOTEK,incumbent,NA,NA
2020-12-01,NICOTEK,incumbent,NA,NA
2021-01-01,NICOTEK,incumbent,NA,NA
2021-02-01,NICOTEK,incumbent,NA,NA
2021-03-01,NICOTEK,incumbent,NA,NA
2021-04-01,NICOTEK,incumbent,NA,NA
2021-05-01,NICOTEK,incumbent,NA,NA
2021-06-01,NICOTEK,incumbent,NA,NA
2021-07-01,NICOTEK,incumbent,NA,NA
2021-08-01,NICOTEK,incumbent,NA,NA
2021-09-01,NICOTEK,incumbent,NA,NA
2021-10-01,NICOTEK,incumbent,NA,NA
2021-11-01,NICOTEK,incumbent,NA,NA
2021-12-01,NICOTEK,incumbent,NA,NA
2022-01-01,NICOTEK,incumbent,NA,NA
2022-02-01,NICOTEK,incumbent,NA,NA
2022-03-01,NICOTEK,incumbent,NA,NA
2022-04-01,NICOTEK,incumbent,NA,NA
2022-05-01,NICOTEK,incumbent,NA,NA
2022-06-01,NICOTEK,incumbent,NA,NA
2022-07-01,NICOTEK,incumbent,NA,NA
2022-08-01,NICOTEK,incumbent,NA,NA
2022-09-01,NICOTEK,incumbent,NA,NA
2022-10-01,NICOTEK,incumbent,NA,NA
2022-11-01,NICOTEK,incumbent,NA,NA
2022-12-01,NICOTEK,incumbent,NA,NA
2023-01-01,NICOTEK,incumbent,NA,NA
2023-02-01,NICOTEK,incumbent,NA,NA
2023-03-01,NICOTEK,incumbent,NA,NA
2023-04-01,NICOTEK,incumbent,NA,NA
2023-05-01,NICOTEK,incumbent,NA,NA
2023-06-01,NICOTEK,incumbent,NA,NA
2023-07-01,NICOTEK,incumbent,NA,NA
2023-08-01,NICOTEK,incumbent,NA,NA
2023-09-01,NICOTEK,incumbent,NA,NA
2023-10-01,NICOTEK,incumbent,NA,NA
2023-11-01,NICOTEK,incumbent,NA,NA
2023-12-01,NICOTEK,incumbent,NA,NA
2013-01-01,NJOY,incumbent,13.522694736842107,15
2013-02-01,NJOY,incumbent,14.313744360902257,14
2013-03-01,NJOY,incumbent,14.313744360902257,14
2013-04-01,NJOY,incumbent,14.313744360902257,14
2013-05-01,NJOY,incumbent,14.313744360902257,14
2013-06-01,NJOY,incumbent,14.313744360902257,14
2013-07-01,NJOY,incumbent,14.719494736842107,15
2013-08-01,NJOY,incumbent,17.36624561403509,18
2013-09-01,NJOY,incumbent,17.36624561403509,18
2013-10-01,NJOY,incumbent,17.36624561403509,18
2013-11-01,NJOY,incumbent,17.36624561403509,18
2013-12-01,NJOY,incumbent,16.051067669172934,21
2014-01-01,NJOY,incumbent,16.051067669172934,21
2014-02-01,NJOY,incumbent,16.051067669172934,21
2014-03-01,NJOY,incumbent,16.051067669172934,21
2014-04-01,NJOY,incumbent,16.051067669172934,21
2014-05-01,NJOY,incumbent,16.051067669172934,21
2014-06-01,NJOY,incumbent,16.051067669172934,21
2014-07-01,NJOY,incumbent,16.32791135734072,19
2014-08-01,NJOY,incumbent,15.567342279915007,35
2014-09-01,NJOY,incumbent,15.835731603937276,34
2014-10-01,NJOY,incumbent,15.98664903970967,32
2014-11-01,NJOY,incumbent,15.182635403718537,36
2014-12-01,NJOY,incumbent,15.101056565629293,35
2015-01-01,NJOY,incumbent,14.634770851343578,35
2015-02-01,NJOY,incumbent,14.95560225860204,33
2015-03-01,NJOY,incumbent,14.351524292607426,36
2015-04-01,NJOY,incumbent,14.836515839453497,34
2015-05-01,NJOY,incumbent,14.115910257519708,36
2015-06-01,NJOY,incumbent,14.14448718170608,36
2015-07-01,NJOY,incumbent,13.97448718170608,36
2015-08-01,NJOY,incumbent,15.147405946453093,41
2015-09-01,NJOY,incumbent,14.609338105614393,43
2015-10-01,NJOY,incumbent,15.402438463535471,40
2015-11-01,NJOY,incumbent,15.556919231767736,40
2015-12-01,NJOY,incumbent,15.106378988815095,41
2016-01-01,NJOY,incumbent,14.933926574334306,44
2016-02-01,NJOY,incumbent,15.388838463535473,40
2016-03-01,NJOY,incumbent,14.976608060509975,42
2016-04-01,NJOY,incumbent,14.670808587690917,43
2016-05-01,NJOY,incumbent,16.20077754785701,37
2016-06-01,NJOY,incumbent,15.639777427655302,41
2016-07-01,NJOY,incumbent,15.615971863346683,40
2016-08-01,NJOY,incumbent,15.220875458826416,42
2016-09-01,NJOY,incumbent,15.58169230862115,43
2016-10-01,NJOY,incumbent,14.990611967587087,45
2016-11-01,NJOY,incumbent,16.468429981300243,39
2016-12-01,NJOY,incumbent,15.201489512304974,44
2017-01-01,NJOY,incumbent,16.096108392516125,44
2017-02-01,NJOY,incumbent,17.450901610946733,43
2017-03-01,NJOY,incumbent,16.84226833817253,43
2017-04-01,NJOY,incumbent,16.977017483425215,44
2017-05-01,NJOY,incumbent,17.38496761238709,38
2017-06-01,NJOY,incumbent,17.202589744540703,42
2017-07-01,NJOY,incumbent,16.983,40
2017-08-01,NJOY,incumbent,17.688719231767738,40
2017-09-01,NJOY,incumbent,18.398835665243396,44
2017-10-01,NJOY,incumbent,18.932409006602672,41
2017-11-01,NJOY,incumbent,20.003333333333334,36
2017-12-01,NJOY,incumbent,19.330457787090474,41
2018-01-01,NJOY,incumbent,16.994804321992056,57
2018-02-01,NJOY,incumbent,16.994804321992056,57
2018-03-01,NJOY,incumbent,16.994804321992056,57
2018-04-01,NJOY,incumbent,17.674304737568214,52
2018-05-01,NJOY,incumbent,16.87550607637802,57
2018-06-01,NJOY,incumbent,18.838954474912438,49
2018-07-01,NJOY,incumbent,17.767182506120164,51
2018-08-01,NJOY,incumbent,17.687242384029194,53
2018-09-01,NJOY,incumbent,19.367182506120162,51
2018-10-01,NJOY,incumbent,19.755599359806446,48
2018-11-01,NJOY,incumbent,20.400381272639542,46
2018-12-01,NJOY,incumbent,20.79063829787234,47
2019-01-01,NJOY,incumbent,23.890666666666668,45
2019-02-01,NJOY,incumbent,22.61364835246346,49
2019-03-01,NJOY,incumbent,21.83976104831297,47
2019-04-01,NJOY,incumbent,24.994146341463416,41
2019-05-01,NJOY,incumbent,24.259,40
2019-06-01,NJOY,incumbent,23.12,43
2019-07-01,NJOY,incumbent,25.055384615384618,39
2019-08-01,NJOY,incumbent,25.714736842105264,38
2019-09-01,NJOY,incumbent,25.04666666666667,36
2019-10-01,NJOY,incumbent,25.993548387096777,31
2019-11-01,NJOY,incumbent,24.49837837837838,37
2019-12-01,NJOY,incumbent,24.82,38
2020-01-01,NJOY,incumbent,22.2408356652434,44
2020-02-01,NJOY,incumbent,27.442857142857143,28
2020-03-01,NJOY,incumbent,29.6,17
2020-04-01,NJOY,incumbent,30.440000000000005,17
2020-05-01,NJOY,incumbent,29.6,17
2020-06-01,NJOY,incumbent,30.222222222222225,18
2020-07-01,NJOY,incumbent,30.20631578947369,15
2020-08-01,NJOY,incumbent,27.65263157894737,17
2020-09-01,NJOY,incumbent,27.757894736842108,17
2020-10-01,NJOY,incumbent,27.84421052631579,20
2020-11-01,NJOY,incumbent,28.85526315789474,16
2020-12-01,NJOY,incumbent,28.85526315789474,16
2021-01-01,NJOY,incumbent,27.39123152760692,16
2021-02-01,NJOY,incumbent,27.17731362944738,15
2021-03-01,NJOY,incumbent,27.17731362944738,15
2021-04-01,NJOY,incumbent,27.603731527606918,16
2021-05-01,NJOY,incumbent,26.582609363781835,17
2021-06-01,NJOY,incumbent,27.177313629447383,15
2021-07-01,NJOY,incumbent,26.49873152760692,16
2021-08-01,NJOY,incumbent,27.33220580231726,18
2021-09-01,NJOY,incumbent,26.48957347406677,15
2021-10-01,NJOY,incumbent,26.48957347406677,15
2021-11-01,NJOY,incumbent,26.22531362944738,15
2021-12-01,NJOY,incumbent,26.49873152760692,16
2022-01-01,NJOY,incumbent,30.809230769230773,13
2022-02-01,NJOY,incumbent,31.67666666666667,12
2022-03-01,NJOY,incumbent,31.231428571428573,14
2022-04-01,NJOY,incumbent,31.231428571428573,14
2022-05-01,NJOY,incumbent,30.809230769230773,13
2022-06-01,NJOY,incumbent,30.84727272727273,11
2022-07-01,NJOY,incumbent,31.416000000000004,15
2022-08-01,NJOY,incumbent,30.532000000000004,10
2022-09-01,NJOY,incumbent,29.822857142857146,14
2022-10-01,NJOY,incumbent,30.024615384615387,13
2022-11-01,NJOY,incumbent,29.693333333333335,12
2022-12-01,NJOY,incumbent,28.45538461538462,13
2023-01-01,NJOY,incumbent,28.81308270676692,14
2023-02-01,NJOY,incumbent,29.036447368421058,16
2023-03-01,NJOY,incumbent,29.612210526315792,15
2023-04-01,NJOY,incumbent,29.128421052631584,17
2023-05-01,NJOY,incumbent,29.036447368421054,16
2023-06-01,NJOY,incumbent,29.036447368421058,16
2023-07-01,NJOY,incumbent,29.83308270676692,14
2023-08-01,NJOY,incumbent,30.555263157894743,12
2023-09-01,NJOY,incumbent,30.5587044534413,13
2023-10-01,NJOY,incumbent,30.5587044534413,13
2023-11-01,NJOY,incumbent,30.5587044534413,13
2023-12-01,NJOY,incumbent,29.833082706766923,14
2013-01-01,VUSE,incumbent,NA,NA
2013-02-01,VUSE,incumbent,NA,NA
2013-03-01,VUSE,incumbent,NA,NA
2013-04-01,VUSE,incumbent,NA,NA
2013-05-01,VUSE,incumbent,NA,NA
2013-06-01,VUSE,incumbent,NA,NA
2013-07-01,VUSE,incumbent,42.0512,5
2013-08-01,VUSE,incumbent,42.0512,5
2013-09-01,VUSE,incumbent,42.0512,5
2013-10-01,VUSE,incumbent,42.0512,5
2013-11-01,VUSE,incumbent,42.0512,5
2013-12-01,VUSE,incumbent,42.0512,5
2014-01-01,VUSE,incumbent,42.0512,5
2014-02-01,VUSE,incumbent,48.221714285714285,7
2014-03-01,VUSE,incumbent,48.221714285714285,7
2014-04-01,VUSE,incumbent,48.221714285714285,7
2014-05-01,VUSE,incumbent,48.22171428571429,7
2014-06-01,VUSE,incumbent,44.75911111111111,9
2014-07-01,VUSE,incumbent,44.75911111111111,9
2014-08-01,VUSE,incumbent,44.75911111111111,9
2014-09-01,VUSE,incumbent,44.75911111111111,9
2014-10-01,VUSE,incumbent,48.144,8
2014-11-01,VUSE,incumbent,44.75911111111111,9
2014-12-01,VUSE,incumbent,43.547200000000004,10
2015-01-01,VUSE,incumbent,42.976,12
2015-02-01,VUSE,incumbent,42.976,12
2015-03-01,VUSE,incumbent,38.8416,10
2015-04-01,VUSE,incumbent,38.8416,10
2015-05-01,VUSE,incumbent,38.8416,10
2015-06-01,VUSE,incumbent,38.8416,10
2015-07-01,VUSE,incumbent,36.08533333333333,9
2015-08-01,VUSE,incumbent,38.8416,10
2015-09-01,VUSE,incumbent,32.64,9
2015-10-01,VUSE,incumbent,35.7408,10
2015-11-01,VUSE,incumbent,35.7408,10
2015-12-01,VUSE,incumbent,32.64,9
2016-01-01,VUSE,incumbent,32.64,10
2016-02-01,VUSE,incumbent,32.64,9
2016-03-01,VUSE,incumbent,32.64,10
2016-04-01,VUSE,incumbent,32.64,10
2016-05-01,VUSE,incumbent,32.64,10
2016-06-01,VUSE,incumbent,32.64,9
2016-07-01,VUSE,incumbent,32.64,10
2016-08-01,VUSE,incumbent,32.64,9
2016-09-01,VUSE,incumbent,32.64,9
2016-10-01,VUSE,incumbent,32.64,9
2016-11-01,VUSE,incumbent,29.580000000000002,12
2016-12-01,VUSE,incumbent,29.580000000000002,12
2017-01-01,VUSE,incumbent,29.815384615384616,13
2017-02-01,VUSE,incumbent,29.815384615384616,13
2017-03-01,VUSE,incumbent,29.815384615384616,13
2017-04-01,VUSE,incumbent,30.192,15
2017-05-01,VUSE,incumbent,30.192,15
2017-06-01,VUSE,incumbent,30.192,15
2017-07-01,VUSE,incumbent,30.192,15
2017-08-01,VUSE,incumbent,30.192,15
2017-09-01,VUSE,incumbent,30.192,15
2017-10-01,VUSE,incumbent,30.192,15
2017-11-01,VUSE,incumbent,24.48,21
2017-12-01,VUSE,incumbent,24.294545454545457,22
2018-01-01,VUSE,incumbent,23.35448275862069,29
2018-02-01,VUSE,incumbent,23.35448275862069,29
2018-03-01,VUSE,incumbent,23.35448275862069,29
2018-04-01,VUSE,incumbent,23.35448275862069,29
2018-05-01,VUSE,incumbent,23.35448275862069,29
2018-06-01,VUSE,incumbent,23.35448275862069,29
2018-07-01,VUSE,incumbent,24.752000000000002,30
2018-08-01,VUSE,incumbent,25.927741935483873,31
2018-09-01,VUSE,incumbent,26.240000000000002,34
2018-10-01,VUSE,incumbent,26.07314285714286,35
2018-11-01,VUSE,incumbent,26.07314285714286,35
2018-12-01,VUSE,incumbent,26.07314285714286,35
2019-01-01,VUSE,incumbent,25.714736842105264,38
2019-02-01,VUSE,incumbent,25.714736842105264,38
2019-03-01,VUSE,incumbent,25.714736842105264,38
2019-04-01,VUSE,incumbent,25.714736842105264,38
2019-05-01,VUSE,incumbent,25.714736842105264,38
2019-06-01,VUSE,incumbent,25.613333333333337,39
2019-07-01,VUSE,incumbent,25.613333333333333,39
2019-08-01,VUSE,incumbent,25.539534883720933,43
2019-09-01,VUSE,incumbent,25.539534883720933,43
2019-10-01,VUSE,incumbent,25.370476190476193,42
2019-11-01,VUSE,incumbent,25.370476190476193,42
2019-12-01,VUSE,incumbent,25.539534883720933,43
2020-01-01,VUSE,incumbent,25.54857142857143,49
2020-02-01,VUSE,incumbent,25.533333333333335,51
2020-03-01,VUSE,incumbent,26.244761904761905,42
2020-04-01,VUSE,incumbent,26.328205128205127,39
2020-05-01,VUSE,incumbent,27.39684210526316,38
2020-06-01,VUSE,incumbent,27.14,34
2020-07-01,VUSE,incumbent,25.96,34
2020-08-01,VUSE,incumbent,26.614444444444445,36
2020-09-01,VUSE,incumbent,26.626250000000002,32
2020-10-01,VUSE,incumbent,26.626250000000002,32
2020-11-01,VUSE,incumbent,26.54,34
2020-12-01,VUSE,incumbent,26.75314285714286,35
2021-01-01,VUSE,incumbent,26.138536585365856,41
2021-02-01,VUSE,incumbent,25.68186046511628,43
2021-03-01,VUSE,incumbent,25.68186046511628,43
2021-04-01,VUSE,incumbent,25.68186046511628,43
2021-05-01,VUSE,incumbent,26.039024390243902,41
2021-06-01,VUSE,incumbent,25.80761904761905,42
2021-07-01,VUSE,incumbent,24.650000000000002,40
2021-08-01,VUSE,incumbent,24.990000000000002,40
2021-09-01,VUSE,incumbent,25.904761904761905,42
2021-10-01,VUSE,incumbent,24.796279069767444,43
2021-11-01,VUSE,incumbent,24.51578947368421,38
2021-12-01,VUSE,incumbent,25.840000000000003,40
2022-01-01,VUSE,incumbent,25.15089566020314,38
2022-02-01,VUSE,incumbent,24.93595207531023,41
2022-03-01,VUSE,incumbent,24.730810359231413,42
2022-04-01,VUSE,incumbent,24.94637290901673,43
2022-05-01,VUSE,incumbent,23.915968992248064,43
2022-06-01,VUSE,incumbent,24.348500797448168,44
2022-07-01,VUSE,incumbent,23.743333333333336,44
2022-08-01,VUSE,incumbent,23.743333333333336,44
2022-09-01,VUSE,incumbent,23.82108527131783,43
2022-10-01,VUSE,incumbent,23.573333333333334,38
2022-11-01,VUSE,incumbent,23.61866666666667,40
2022-12-01,VUSE,incumbent,23.54016260162602,41
2023-01-01,VUSE,incumbent,22.389,40
2023-02-01,VUSE,incumbent,22.970731707317075,41
2023-03-01,VUSE,incumbent,23.435121951219514,41
2023-04-01,VUSE,incumbent,23.58439024390244,41
2023-05-01,VUSE,incumbent,23.919,40
2023-06-01,VUSE,incumbent,24.31809523809524,42
2023-07-01,VUSE,incumbent,24.51317073170732,41
2023-08-01,VUSE,incumbent,24.662439024390245,41
2023-09-01,VUSE,incumbent,24.662439024390245,41
2023-10-01,VUSE,incumbent,24.662439024390245,41
2023-11-01,VUSE,incumbent,24.793846153846157,39
2023-12-01,VUSE,incumbent,24.81170731707317,41
2013-01-01,FRINGE,fringe,12.019809523809526,21
2013-02-01,FRINGE,fringe,12.019809523809526,21
2013-03-01,FRINGE,fringe,11.170350824587707,23
2013-04-01,FRINGE,fringe,9.9909170189099,31
2013-05-01,FRINGE,fringe,10.098743645320198,35
2013-06-01,FRINGE,fringe,10.565583565663978,47
2013-07-01,FRINGE,fringe,13.152629960429623,61
2013-08-01,FRINGE,fringe,14.11548275862069,68
2013-09-01,FRINGE,fringe,13.97868275862069,68
2013-10-01,FRINGE,fringe,13.97868275862069,68
2013-11-01,FRINGE,fringe,13.97868275862069,68
2013-12-01,FRINGE,fringe,13.97868275862069,68
2014-01-01,FRINGE,fringe,13.111201876133473,84
2014-02-01,FRINGE,fringe,14.263704158083858,86
2014-03-01,FRINGE,fringe,14.935419972672861,88
2014-04-01,FRINGE,fringe,15.269430984215862,89
2014-05-01,FRINGE,fringe,14.523160050476754,90
2014-06-01,FRINGE,fringe,15.30697038305482,88
2014-07-01,FRINGE,fringe,15.281678580998024,89
2014-08-01,FRINGE,fringe,15.415255962826967,93
2014-09-01,FRINGE,fringe,16.148642024007724,85
2014-10-01,FRINGE,fringe,15.692422279491465,89
2014-11-01,FRINGE,fringe,14.486563910155516,83
2014-12-01,FRINGE,fringe,14.34050358285774,85
2015-01-01,FRINGE,fringe,14.194134003770005,92
2015-02-01,FRINGE,fringe,15.145741881747757,84
2015-03-01,FRINGE,fringe,14.044941701545222,80
2015-04-01,FRINGE,fringe,12.966605241032482,86
2015-05-01,FRINGE,fringe,12.82170400852444,96
2015-06-01,FRINGE,fringe,13.254435476805215,91
2015-07-01,FRINGE,fringe,12.860276412262495,89
2015-08-01,FRINGE,fringe,12.882206071195347,94
2015-09-01,FRINGE,fringe,12.02264629474385,90
2015-10-01,FRINGE,fringe,13.203144573915502,97
2015-11-01,FRINGE,fringe,13.805242081838967,94
2015-12-01,FRINGE,fringe,13.196390954232413,96
2016-01-01,FRINGE,fringe,13.349274381975215,104
2016-02-01,FRINGE,fringe,13.1464240639084,103
2016-03-01,FRINGE,fringe,13.207202953403787,104
2016-04-01,FRINGE,fringe,13.269125866959719,103
2016-05-01,FRINGE,fringe,13.484579343724382,98
2016-06-01,FRINGE,fringe,12.97631964296851,100
2016-07-01,FRINGE,fringe,13.729870025771406,102
2016-08-01,FRINGE,fringe,13.82512170475411,93
2016-09-01,FRINGE,fringe,13.637496931494741,85
2016-10-01,FRINGE,fringe,13.900049638415314,87
2016-11-01,FRINGE,fringe,14.11589102027851,89
2016-12-01,FRINGE,fringe,14.211408526602995,83
2017-01-01,FRINGE,fringe,10.49137102826251,110
2017-02-01,FRINGE,fringe,11.000067344730407,107
2017-03-01,FRINGE,fringe,10.765366830618785,109
2017-04-01,FRINGE,fringe,10.63125756222442,108
2017-05-01,FRINGE,fringe,10.527408685317454,105
2017-06-01,FRINGE,fringe,10.457872452916659,100
2017-07-01,FRINGE,fringe,10.815152829742093,98
2017-08-01,FRINGE,fringe,10.56667245291666,100
2017-09-01,FRINGE,fringe,10.679952268989718,97
2017-10-01,FRINGE,fringe,10.79313916396881,98
2017-11-01,FRINGE,fringe,10.732604052405174,94
2017-12-01,FRINGE,fringe,10.928563330063927,94
2018-01-01,FRINGE,fringe,7.993345151429494,211
2018-02-01,FRINGE,fringe,8.034405606091363,209
2018-03-01,FRINGE,fringe,8.35559912840736,196
2018-04-01,FRINGE,fringe,8.38183886587282,187
2018-05-01,FRINGE,fringe,8.255717621999324,175
2018-06-01,FRINGE,fringe,8.142152293004287,180
2018-07-01,FRINGE,fringe,8.295853562294857,163
2018-08-01,FRINGE,fringe,8.138449003523398,166
2018-09-01,FRINGE,fringe,8.435837584292676,173
2018-10-01,FRINGE,fringe,8.234060158852076,157
2018-11-01,FRINGE,fringe,8.076592014717253,140
2018-12-01,FRINGE,fringe,8.002855977770608,150
2019-01-01,FRINGE,fringe,8.626709870167923,120
2019-02-01,FRINGE,fringe,8.667348927838853,118
2019-03-01,FRINGE,fringe,8.494173726250049,123
2019-04-01,FRINGE,fringe,8.705866098759628,113
2019-05-01,FRINGE,fringe,8.459907760039119,129
2019-06-01,FRINGE,fringe,8.740926409687987,137
2019-07-01,FRINGE,fringe,8.228814455127875,107
2019-08-01,FRINGE,fringe,8.489464057721417,103
2019-09-01,FRINGE,fringe,8.256079809736908,86
2019-10-01,FRINGE,fringe,9.223372956176144,46
2019-11-01,FRINGE,fringe,10.731636468316614,49
2019-12-01,FRINGE,fringe,10.414900418403567,55
2020-01-01,FRINGE,fringe,9.534681055695314,62
2020-02-01,FRINGE,fringe,8.331507502608263,35
2020-03-01,FRINGE,fringe,10.301642105263157,13
2020-04-01,FRINGE,fringe,10.328947608480846,17
2020-05-01,FRINGE,fringe,10.335350270067266,17
2020-06-01,FRINGE,fringe,10.301642105263157,13
2020-07-01,FRINGE,fringe,8.546957736851208,16
2020-08-01,FRINGE,fringe,9.62800781029817,14
2020-09-01,FRINGE,fringe,9.961309661946471,16
2020-10-01,FRINGE,fringe,10.081396972742903,15
2020-11-01,FRINGE,fringe,10.47130966194647,16
2020-12-01,FRINGE,fringe,10.301642105263157,13
2021-01-01,FRINGE,fringe,33.473728942077415,115
2021-02-01,FRINGE,fringe,32.89337622615501,117
2021-03-01,FRINGE,fringe,32.89337622615501,117
2021-04-01,FRINGE,fringe,32.594432238465096,124
2021-05-01,FRINGE,fringe,30.66648953410203,134
2021-06-01,FRINGE,fringe,29.797689850274534,149
2021-07-01,FRINGE,fringe,30.730654364540875,184
2021-08-01,FRINGE,fringe,30.771714325881625,186
2021-09-01,FRINGE,fringe,30.827270968012105,189
2021-10-01,FRINGE,fringe,30.246841466712546,193
2021-11-01,FRINGE,fringe,30.19757862431476,193
2021-12-01,FRINGE,fringe,29.438073224699423,203
2022-01-01,FRINGE,fringe,38.06924097489883,199
2022-02-01,FRINGE,fringe,37.75765317417997,202
2022-03-01,FRINGE,fringe,35.97499899212417,211
2022-04-01,FRINGE,fringe,36.064464907639135,214
2022-05-01,FRINGE,fringe,36.263942501696164,214
2022-06-01,FRINGE,fringe,36.08072935200964,224
2022-07-01,FRINGE,fringe,35.868836479772156,221
2022-08-01,FRINGE,fringe,35.57636559953504,223
2022-09-01,FRINGE,fringe,34.440265781581324,237
2022-10-01,FRINGE,fringe,34.11444512605872,249
2022-11-01,FRINGE,fringe,31.77556733345533,243
2022-12-01,FRINGE,fringe,30.42021268379187,253
2023-01-01,FRINGE,fringe,28.980088822092835,257
2023-02-01,FRINGE,fringe,28.171974100096755,253
2023-03-01,FRINGE,fringe,27.908489983211222,251
2023-04-01,FRINGE,fringe,28.465174805133948,244
2023-05-01,FRINGE,fringe,28.71960590024706,234
2023-06-01,FRINGE,fringe,28.202290600263712,222
2023-07-01,FRINGE,fringe,27.436540318285132,235
2023-08-01,FRINGE,fringe,26.756579024876572,232
2023-09-01,FRINGE,fringe,26.261906573908796,243
2023-10-01,FRINGE,fringe,26.580760570372767,241
2023-11-01,FRINGE,fringe,26.07575761944274,246
2023-12-01,FRINGE,fringe,26.390762281625708,245
