row_id,upc,prefix8,brand_filled,product_line,product_descr,imputed_num_cartridges,imputed_mL_per_cartridge,imputed_total_mL,imputed_nic_mg_per_ml,total_units,candidate_row_id,candidate_upc,candidate_brand,candidate_product_line,candidate_product_descr,candidate_assessment,candidate_confidence,candidate_verified_device_type,candidate_verified_mL_per_cartridge,candidate_verified_num_cartridges,candidate_verified_total_mL,candidate_verified_nic_pct,candidate_verified_nic_mg_per_ml,product_similarity_score,upc_distance,action,candidate_source_url,candidate_notes
49,081068701775,08106870,NJOY,NJOY E-CG LIQUID MN,NJOY E-CG LIQUID MN,1,10,10,10,96566,336,081068701413,NJOY,NJOY ONE JOY E-CG MN,NJOY ONE JOY E-CG MN,PARTIAL,Low,Disposable,,,,4.5,45,0.604,362,HINT_ONLY_WEAK_OR_DIFFERENT_DESCRIPTION,https://www.njoy-llc.com/?src=logo,"Matched to NJOY one-use/disposable product family; official NJOY source confirms Daily disposable products at 4.5% and 6.0%, but exact mL/SKU not verified."
56,081068701686,08106870,NJOY,NJOY E-CGCM GOLD TOB RFL,NJOY E-CGCM GOLD TOB RFL,2,1,2,30,83411,584,081068701492,NJOY,NJOY POD CLASSIC TOB 5%,NJOY POD CLASSIC TOB 5%,PARTIAL,High,Closed pod,1.9,2,3.8,5,58,0.434,194,HINT_ONLY_WEAK_OR_DIFFERENT_DESCRIPTION,https://www.directionsforme.org/product/225293;https://www.ncdor.gov/taxes-forms/other-taxes-and-fees/vapor-product-and-consumable-product-certification-and-directory/vapor-certification-directory,"DirectionsForMe and NC directory verify NJOY Ace Classic Tobacco 5% pods: 2 x 1.9 mL, 5% by weight, 58 mg/mL."
67,088796901129,08879690,BLU,BLU,BLU SMOKING ALTERNATIVE PRODUCT TOBACCO 2 COUNT,2,1.5,3,24.8,64800,433,088796900501,BLU,BLU,BLU SMOKING ALTERNATIVE PRODUCT ELECTRONIC CIGARETTE MENTHOL CARTOON 1 COUNT,PARTIAL,Medium,Disposable,1,1,1,2.4,24,0.488,628,HINT_ONLY_WEAK_OR_DIFFERENT_DESCRIPTION,https://support-us.blu.com/hc/en-us/articles/360011600480-Why-am-I-limited-on-how-much-product-I-can-purchase-every-30-days;https://support-us.blu.com/hc/en-us/articles/360011705519-What-are-the-nicotine-levels-and-ingredients-in-the-disposables,"Matched to blu disposable/one-count e-cigarette family. Official support says blu disposables are approx. 1 mL, one device per pack, and available in 2.4% and 4.5% strengths; 2.4% used where row estimate/product family indicates 24 mg/mL."
93,081068701485,08106870,NJOY,ELCT CGRTT CARTRIDGE,ELCT CGRTT CARTRIDGE,1,3.8,3.8,12.6,36140,336,081068701413,NJOY,NJOY ONE JOY E-CG MN,NJOY ONE JOY E-CG MN,PARTIAL,Low,Disposable,,,,4.5,45,0.176,72,HINT_ONLY_WEAK_OR_DIFFERENT_DESCRIPTION,https://www.njoy-llc.com/?src=logo,"Matched to NJOY one-use/disposable product family; official NJOY source confirms Daily disposable products at 4.5% and 6.0%, but exact mL/SKU not verified."
96,084920501522,08492050,VUSE,ELCT CGRTT CARTRIDGE,ELCT CGRTT CARTRIDGE,3,1.63,4.9,20.8,33315,6,084920501667,VUSE,ELCT CGRTT CARTRIDGE,ELCT CGRTT CARTRIDGE,PARTIAL,High,Closed pod,0.5,2,1,4.8,48,1.0,145,PROPAGATED_EXACT_DESCRIPTION_MATCH,https://lighterusa.com/products/vuse-solo-cartridges-2-pack,"Vuse Solo cartridge retail source verifies 2 sealed cartridges per pack, 0.5 mL each, 4.8% / 48 mg nicotine."
99,081505802212,08150580,LOGIC,LOGIC LQD ECGT,LOGIC LQD ECGT,1,3,3,18,32811,295,081505802030,LOGIC,LOGIC E-CGC TOB,LOGIC E-CGC TOB,PARTIAL,Low,Closed pod,,5,,2.4,24,0.487,182,HINT_ONLY_WEAK_OR_DIFFERENT_DESCRIPTION,https://www.themagicmist.com/Logic-ecig-Compatible-Cartridges-p/logic-compatible-cartridges.htm,Only partially verified from compatible-cartridge source: compatible pack has 5 carts and Platinum 2.4% maps to 24 mg/mL. Original mL not verified.
102,081068701690,08106870,NJOY,NJOY E-CGCM VANILLA BEAN RFL,NJOY E-CGCM VANILLA BEAN RFL,2,1,2,30,29822,336,081068701413,NJOY,NJOY ONE JOY E-CG MN,NJOY ONE JOY E-CG MN,PARTIAL,Low,Disposable,,,,4.5,45,0.374,277,HINT_ONLY_WEAK_OR_DIFFERENT_DESCRIPTION,https://www.njoy-llc.com/?src=logo,"Matched to NJOY one-use/disposable product family; official NJOY source confirms Daily disposable products at 4.5% and 6.0%, but exact mL/SKU not verified."
105,081990502560,08199050,NJOY,ELCT CGRTT LIQUID POD,ELCT CGRTT LIQUID POD,1,2.6,2.6,50,28698,35,081990502787,NJOY,ELCT CGRTT LIQUID POD,ELCT CGRTT LIQUID POD,PARTIAL,Low,Closed pod,1.9,1,1.9,5,58,1.0,227,PROPAGATED_EXACT_DESCRIPTION_MATCH,https://www.njoy-llc.com/?src=logo;https://www.ncdor.gov/taxes-forms/other-taxes-and-fees/vapor-product-and-consumable-product-certification-and-directory/vapor-certification-directory,"Likely NJOY Ace pod family based on pod product family and 5% imputation, but row text lacks flavor/count detail; source confirms Ace pod family/strengths, exact SKU not fully verified."
108,081505802006,08150580,LOGIC,LOGIC POWER E-CGC CHERRY,LOGIC POWER E-CGC CHERRY,3,0.45,1.35,24,26888,389,081505802046,LOGIC,LOGIC POWER E-CG CHERRY,LOGIC POWER E-CG CHERRY,PARTIAL,Medium,Closed pod,1.2,1,1.2,2.7,27,0.854,40,HINT_ONLY_WEAK_OR_DIFFERENT_DESCRIPTION,https://directionsforme.org/product/230436,Matched to LOGIC Power device/starter family; cartridge source verifies 1.2 mL and 27 mg/mL. One included cartridge inferred from one-count product context.
110,081990502793,08199050,NJOY,ELCT CGRTT LIQUID POD,ELCT CGRTT LIQUID POD,1,2.6,2.6,50,26376,35,081990502787,NJOY,ELCT CGRTT LIQUID POD,ELCT CGRTT LIQUID POD,PARTIAL,Low,Closed pod,1.9,1,1.9,5,58,1.0,6,PROPAGATED_EXACT_DESCRIPTION_MATCH,https://www.njoy-llc.com/?src=logo;https://www.ncdor.gov/taxes-forms/other-taxes-and-fees/vapor-product-and-consumable-product-certification-and-directory/vapor-certification-directory,"Likely NJOY Ace pod family based on pod product family and 5% imputation, but row text lacks flavor/count detail; source confirms Ace pod family/strengths, exact SKU not fully verified."
112,081990502791,08199050,NJOY,ELCT CGRTT LIQUID POD,ELCT CGRTT LIQUID POD,1,2.6,2.6,50,24022,35,081990502787,NJOY,ELCT CGRTT LIQUID POD,ELCT CGRTT LIQUID POD,PARTIAL,Low,Closed pod,1.9,1,1.9,5,58,1.0,4,PROPAGATED_EXACT_DESCRIPTION_MATCH,https://www.njoy-llc.com/?src=logo;https://www.ncdor.gov/taxes-forms/other-taxes-and-fees/vapor-product-and-consumable-product-certification-and-directory/vapor-certification-directory,"Likely NJOY Ace pod family based on pod product family and 5% imputation, but row text lacks flavor/count detail; source confirms Ace pod family/strengths, exact SKU not fully verified."
116,085570400861,08557040,MISTIC,MISTIC ECGT RFL,MISTIC ECGT RFL,1,10,10,24,22502,48,085570400720,MISTIC,MISTIC E-CGC RFL,MISTIC E-CGC RFL,PARTIAL,Medium,Closed pod,,3,,1.8,18,0.704,141,HINT_ONLY_WEAK_OR_DIFFERENT_DESCRIPTION,https://www.globenewswire.com/news-release/2016/08/04/861701/0/en/Mistic-E-Cigs-Adds-New-Flavors-to-Mistic-and-HAUS-Brands.html,"Mistic release says cartridges are sold in 3-, 5-, and 10-pack refills and contain 1.8% nicotine by volume. Exact mL per cartridge not found."
117,085570400702,08557040,MISTIC,MISTIC E-CG MN,MISTIC E-CG MN,1,5,5,18,22289,125,085570400542,MISTIC,MISTIC 2.0 E-CG MN,MISTIC 2.0 E-CG MN,PARTIAL,High,Closed pod,10,1,10,0.4,4,0.794,160,HINT_ONLY_WEAK_OR_DIFFERENT_DESCRIPTION,https://www.globenewswire.com/news-release/2016/07/26/858889/0/en/Mistic-E-Cigs-Introduces-Next-Big-Thing-in-Vaping-Sub-Ohm-POD-MOD.html;https://geardiary.com/2017/04/08/mistic2-0-pod-mod-pre-filled-vape/,Mistic 2.0 sources verify prefilled 10 mL pods with 4 mg/mL nicotine; kit initially included two 10 mL pods but replacement/product rows here are treated as one pod/device when row is 1 count.
118,081649401348,08164940,NICOTEK,N-M-C E-CG,N-M-C E-CG,1,10,9.995843,24,21896,236,081649401299,NICOTEK,NCTK MTR MNGT E-CG,NCTK MTR MNGT E-CG,PARTIAL,Low,Disposable,,,,,,0.493,49,HINT_ONLY_WEAK_OR_DIFFERENT_DESCRIPTION,https://www.prnewswire.com/news-releases/metro-seven---the-next-big-leap-in-disposable-electronic-cigarettes-146951905.html,PRNewswire source verifies Metro Seven/Nicotek one-time-use disposable product family and up to 300 puffs. mL/nicotine not verified.
119,081068701692,08106870,NJOY,NJOY E-CGCM POMEGRANATE RFL,NJOY E-CGCM POMEGRANATE RFL,2,1,2,30,21812,336,081068701413,NJOY,NJOY ONE JOY E-CG MN,NJOY ONE JOY E-CG MN,PARTIAL,Low,Disposable,,,,4.5,45,0.401,279,HINT_ONLY_WEAK_OR_DIFFERENT_DESCRIPTION,https://www.njoy-llc.com/?src=logo,"Matched to NJOY one-use/disposable product family; official NJOY source confirms Daily disposable products at 4.5% and 6.0%, but exact mL/SKU not verified."
121,081068701542,08106870,NJOY,NJOY E-CG MN KING,NJOY E-CG MN KING,5,1,5,37.5,20990,336,081068701413,NJOY,NJOY ONE JOY E-CG MN,NJOY ONE JOY E-CG MN,PARTIAL,Low,Disposable,,,,4.5,45,0.655,129,HINT_ONLY_WEAK_OR_DIFFERENT_DESCRIPTION,https://www.njoy-llc.com/?src=logo,"Matched to NJOY one-use/disposable product family; official NJOY source confirms Daily disposable products at 4.5% and 6.0%, but exact mL/SKU not verified."
131,081990502556,08199050,NJOY,ELCT CGRTT LIQUID POD,ELCT CGRTT LIQUID POD,1,2.6,2.6,50,18934,35,081990502787,NJOY,ELCT CGRTT LIQUID POD,ELCT CGRTT LIQUID POD,PARTIAL,Low,Closed pod,1.9,1,1.9,5,58,1.0,231,PROPAGATED_EXACT_DESCRIPTION_MATCH,https://www.njoy-llc.com/?src=logo;https://www.ncdor.gov/taxes-forms/other-taxes-and-fees/vapor-product-and-consumable-product-certification-and-directory/vapor-certification-directory,"Likely NJOY Ace pod family based on pod product family and 5% imputation, but row text lacks flavor/count detail; source confirms Ace pod family/strengths, exact SKU not fully verified."
142,081002599277,08100259,IGNITE,IGNITE,IGNITE SMOKING ALTERNATIVE PRODUCT ELECTRONIC CIGARETTE LIQUID PO BANANA ICE BOX 1 COUNT,1,1.2,1.2,25,17064,248,081002599614,IGNITE,IGNITE V15,IGNITE V15 SMOKING ALTERNATIVE PRODUCT ELECTRONIC CIGARETTE LIQUID PO BANANA ICE BOX 1 COUNT,PARTIAL,High,Disposable,5.1,1,5.1,5,50,0.919,337,HINT_ONLY_WEAK_OR_DIFFERENT_DESCRIPTION,https://mx.ignite.co/products/v15-vape-desechable-tobacco,Official IGNITE V15 source verifies disposable device with 5.1 mL capacity and 5% nicotine.
150,081068701787,08106870,NJOY,NJOY E-CG LIQUID BLD-ORNGE,NJOY E-CG LIQUID BLD-ORNGE,1,10,10,8,15758,336,081068701413,NJOY,NJOY ONE JOY E-CG MN,NJOY ONE JOY E-CG MN,PARTIAL,Low,Disposable,,,,4.5,45,0.465,374,HINT_ONLY_WEAK_OR_DIFFERENT_DESCRIPTION,https://www.njoy-llc.com/?src=logo,"Matched to NJOY one-use/disposable product family; official NJOY source confirms Daily disposable products at 4.5% and 6.0%, but exact mL/SKU not verified."
153,081990502559,08199050,NJOY,ELCT CGRTT LIQUID POD,ELCT CGRTT LIQUID POD,1,2.6,2.6,50,15592,35,081990502787,NJOY,ELCT CGRTT LIQUID POD,ELCT CGRTT LIQUID POD,PARTIAL,Low,Closed pod,1.9,1,1.9,5,58,1.0,228,PROPAGATED_EXACT_DESCRIPTION_MATCH,https://www.njoy-llc.com/?src=logo;https://www.ncdor.gov/taxes-forms/other-taxes-and-fees/vapor-product-and-consumable-product-certification-and-directory/vapor-certification-directory,"Likely NJOY Ace pod family based on pod product family and 5% imputation, but row text lacks flavor/count detail; source confirms Ace pod family/strengths, exact SKU not fully verified."
155,081068701811,08106870,NJOY,NJOY E-CG LIQUID PEACH TEA,NJOY E-CG LIQUID PEACH TEA,1,5.53,5.527495,11.8,15100,311,081068701410,NJOY,NJOY ONE JOY E-CG,NJOY ONE JOY E-CG,PARTIAL,Low,Disposable,,,,4.5,45,0.436,401,HINT_ONLY_WEAK_OR_DIFFERENT_DESCRIPTION,https://www.njoy-llc.com/?src=logo,"Matched to NJOY one-use/disposable product family; official NJOY source confirms Daily disposable products at 4.5% and 6.0%, but exact mL/SKU not verified."
157,081068701791,08106870,NJOY,NJOY E-CG LIQUID VNLA-BN,NJOY E-CG LIQUID VNLA-BN,1,10,10,10,14940,311,081068701410,NJOY,NJOY ONE JOY E-CG,NJOY ONE JOY E-CG,PARTIAL,Low,Disposable,,,,4.5,45,0.45,381,HINT_ONLY_WEAK_OR_DIFFERENT_DESCRIPTION,https://www.njoy-llc.com/?src=logo,"Matched to NJOY one-use/disposable product family; official NJOY source confirms Daily disposable products at 4.5% and 6.0%, but exact mL/SKU not verified."
163,081990502567,08199050,NJOY,ELCT CGRTT LIQUID POD,ELCT CGRTT LIQUID POD,1,2.6,2.6,50,14213,35,081990502787,NJOY,ELCT CGRTT LIQUID POD,ELCT CGRTT LIQUID POD,PARTIAL,Low,Closed pod,1.9,1,1.9,5,58,1.0,220,PROPAGATED_EXACT_DESCRIPTION_MATCH,https://www.njoy-llc.com/?src=logo;https://www.ncdor.gov/taxes-forms/other-taxes-and-fees/vapor-product-and-consumable-product-certification-and-directory/vapor-certification-directory,"Likely NJOY Ace pod family based on pod product family and 5% imputation, but row text lacks flavor/count detail; source confirms Ace pod family/strengths, exact SKU not fully verified."
172,081002599278,08100259,IGNITE,IGNITE,IGNITE SMOKING ALTERNATIVE PRODUCT ELECTRONIC CIGARETTE LIQUID PO SOUR APPLE ICE BOX 1 COUNT,1,1.2,1.2,25,13438,248,081002599614,IGNITE,IGNITE V15,IGNITE V15 SMOKING ALTERNATIVE PRODUCT ELECTRONIC CIGARETTE LIQUID PO BANANA ICE BOX 1 COUNT,PARTIAL,High,Disposable,5.1,1,5.1,5,50,0.757,336,HINT_ONLY_WEAK_OR_DIFFERENT_DESCRIPTION,https://mx.ignite.co/products/v15-vape-desechable-tobacco,Official IGNITE V15 source verifies disposable device with 5.1 mL capacity and 5% nicotine.
175,081990502557,08199050,NJOY,ELCT CGRTT LIQUID POD,ELCT CGRTT LIQUID POD,1,2.6,2.6,50,12848,35,081990502787,NJOY,ELCT CGRTT LIQUID POD,ELCT CGRTT LIQUID POD,PARTIAL,Low,Closed pod,1.9,1,1.9,5,58,1.0,230,PROPAGATED_EXACT_DESCRIPTION_MATCH,https://www.njoy-llc.com/?src=logo;https://www.ncdor.gov/taxes-forms/other-taxes-and-fees/vapor-product-and-consumable-product-certification-and-directory/vapor-certification-directory,"Likely NJOY Ace pod family based on pod product family and 5% imputation, but row text lacks flavor/count detail; source confirms Ace pod family/strengths, exact SKU not fully verified."
177,081068701795,08106870,NJOY,NJOY E-CG LIQUID DBL-ESPRSO,NJOY E-CG LIQUID DBL-ESPRSO,1,10,10,10,12688,311,081068701410,NJOY,NJOY ONE JOY E-CG,NJOY ONE JOY E-CG,PARTIAL,Low,Disposable,,,,4.5,45,0.417,385,HINT_ONLY_WEAK_OR_DIFFERENT_DESCRIPTION,https://www.njoy-llc.com/?src=logo,"Matched to NJOY one-use/disposable product family; official NJOY source confirms Daily disposable products at 4.5% and 6.0%, but exact mL/SKU not verified."
183,081990502568,08199050,NJOY,ELCT CGRTT LIQUID POD,ELCT CGRTT LIQUID POD,1,2.6,2.6,50,11659,35,081990502787,NJOY,ELCT CGRTT LIQUID POD,ELCT CGRTT LIQUID POD,PARTIAL,Low,Closed pod,1.9,1,1.9,5,58,1.0,219,PROPAGATED_EXACT_DESCRIPTION_MATCH,https://www.njoy-llc.com/?src=logo;https://www.ncdor.gov/taxes-forms/other-taxes-and-fees/vapor-product-and-consumable-product-certification-and-directory/vapor-certification-directory,"Likely NJOY Ace pod family based on pod product family and 5% imputation, but row text lacks flavor/count detail; source confirms Ace pod family/strengths, exact SKU not fully verified."
185,081068701585,08106870,NJOY,NJOY E-CG KING 1CT=,NJOY E-CG KING 1CT=,2,2.5,5,45,11506,311,081068701410,NJOY,NJOY ONE JOY E-CG,NJOY ONE JOY E-CG,PARTIAL,Low,Disposable,,,,4.5,45,0.521,175,HINT_ONLY_WEAK_OR_DIFFERENT_DESCRIPTION,https://www.njoy-llc.com/?src=logo,"Matched to NJOY one-use/disposable product family; official NJOY source confirms Daily disposable products at 4.5% and 6.0%, but exact mL/SKU not verified."
190,081505802213,08150580,LOGIC,LOGIC LQD ECTA,LOGIC LQD ECTA,3,1,3,18,10907,295,081505802030,LOGIC,LOGIC E-CGC TOB,LOGIC E-CGC TOB,PARTIAL,Low,Closed pod,,5,,2.4,24,0.447,183,HINT_ONLY_WEAK_OR_DIFFERENT_DESCRIPTION,https://www.themagicmist.com/Logic-ecig-Compatible-Cartridges-p/logic-compatible-cartridges.htm,Only partially verified from compatible-cartridge source: compatible pack has 5 carts and Platinum 2.4% maps to 24 mg/mL. Original mL not verified.
193,009710000229,00971000,MARKTEN,ELCT VAPOR CGRTT CARTRIDGE,ELCT VAPOR CGRTT CARTRIDGE,2,1.8,3.6,50,10513,618,009710000234,MARKTEN,MARKTEN EVCC,MARKTEN EVCC,PARTIAL,Medium,Closed pod,,2,,,,0.185,5,HINT_ONLY_WEAK_OR_DIFFERENT_DESCRIPTION,https://www.gopuff.com/p/markten-elite-hazelnut-cream-e-vapor-pods-2ct/p9395,Retail source verifies MarkTen Elite e-vapor pods as 2ct. mL and nicotine not verified in the source found.
195,081068701587,08106870,NJOY,NJOY E-CG MN KING 1CT=,NJOY E-CG MN KING 1CT=,2,2.5,5,45,10357,336,081068701413,NJOY,NJOY ONE JOY E-CG MN,NJOY ONE JOY E-CG MN,PARTIAL,Low,Disposable,,,,4.5,45,0.586,174,HINT_ONLY_WEAK_OR_DIFFERENT_DESCRIPTION,https://www.njoy-llc.com/?src=logo,"Matched to NJOY one-use/disposable product family; official NJOY source confirms Daily disposable products at 4.5% and 6.0%, but exact mL/SKU not verified."
196,088796901157,08879690,BLU,BLU,BLU SMOKING ALTERNATIVE PRODUCT 1 COUNT,2,1.5,3,24.8,10353,433,088796900501,BLU,BLU,BLU SMOKING ALTERNATIVE PRODUCT ELECTRONIC CIGARETTE MENTHOL CARTOON 1 COUNT,PARTIAL,Medium,Disposable,1,1,1,2.4,24,0.62,656,HINT_ONLY_WEAK_OR_DIFFERENT_DESCRIPTION,https://support-us.blu.com/hc/en-us/articles/360011600480-Why-am-I-limited-on-how-much-product-I-can-purchase-every-30-days;https://support-us.blu.com/hc/en-us/articles/360011705519-What-are-the-nicotine-levels-and-ingredients-in-the-disposables,"Matched to blu disposable/one-count e-cigarette family. Official support says blu disposables are approx. 1 mL, one device per pack, and available in 2.4% and 4.5% strengths; 2.4% used where row estimate/product family indicates 24 mg/mL."
198,085570400838,08557040,MISTIC,MISTIC E-CGC RFL,MISTIC E-CGC RFL,1,10,10,24,10186,48,085570400720,MISTIC,MISTIC E-CGC RFL,MISTIC E-CGC RFL,PARTIAL,Medium,Closed pod,,3,,1.8,18,1.0,118,PROPAGATED_EXACT_DESCRIPTION_MATCH,https://www.globenewswire.com/news-release/2016/08/04/861701/0/en/Mistic-E-Cigs-Adds-New-Flavors-to-Mistic-and-HAUS-Brands.html,"Mistic release says cartridges are sold in 3-, 5-, and 10-pack refills and contain 1.8% nicotine by volume. Exact mL per cartridge not found."
206,081068701586,08106870,NJOY,NJOY E-CG KING 1CT=,NJOY E-CG KING 1CT=,2,2.5,5,45,9368,311,081068701410,NJOY,NJOY ONE JOY E-CG,NJOY ONE JOY E-CG,PARTIAL,Low,Disposable,,,,4.5,45,0.521,176,HINT_ONLY_WEAK_OR_DIFFERENT_DESCRIPTION,https://www.njoy-llc.com/?src=logo,"Matched to NJOY one-use/disposable product family; official NJOY source confirms Daily disposable products at 4.5% and 6.0%, but exact mL/SKU not verified."
214,088796900577,08879690,BLU,ELCT CGRTT,ELCT CGRTT,1,5,5,19.2,8507,259,088796900873,BLU,ELCT CGRTT LIQUID POD,ELCT CGRTT LIQUID POD,PARTIAL,High,Closed pod,1.5,2,3,,,0.594,296,HINT_ONLY_WEAK_OR_DIFFERENT_DESCRIPTION,https://support-us.blu.com/hc/en-us/articles/360011600480-Why-am-I-limited-on-how-much-product-I-can-purchase-every-30-days,Official blu support says myblu liquidpods are approx. 1.5 mL per pod and two liquidpods are included in each pack. Nicotine strength not verified from row text.
233,009710000114,00971000,MARKTEN,MARKTEN E-CG/ECC,MARKTEN E-CG/ECC,1,1.6,1.6,35,6904,618,009710000234,MARKTEN,MARKTEN EVCC,MARKTEN EVCC,PARTIAL,Medium,Closed pod,,2,,,,0.556,120,HINT_ONLY_WEAK_OR_DIFFERENT_DESCRIPTION,https://www.gopuff.com/p/markten-elite-hazelnut-cream-e-vapor-pods-2ct/p9395,Retail source verifies MarkTen Elite e-vapor pods as 2ct. mL and nicotine not verified in the source found.
238,081649401297,08164940,NICOTEK,NTK MR CK SK E-CG,NTK MR CK SK E-CG,1,10,9.995843,24,6322,218,081649401155,NICOTEK,NCTK MTR SVN E-CG MN,NCTK MTR SVN E-CG MN,PARTIAL,Low,Disposable,,,,,,0.506,142,HINT_ONLY_WEAK_OR_DIFFERENT_DESCRIPTION,https://www.prnewswire.com/news-releases/metro-seven---the-next-big-leap-in-disposable-electronic-cigarettes-146951905.html,PRNewswire source verifies Metro Seven/Nicotek one-time-use disposable product family and up to 300 puffs. mL/nicotine not verified.
240,081649401298,08164940,NICOTEK,NTK MR CK SK E-CG MN,NTK MR CK SK E-CG MN,1,10,9.995843,24,6149,218,081649401155,NICOTEK,NCTK MTR SVN E-CG MN,NCTK MTR SVN E-CG MN,PARTIAL,Low,Disposable,,,,,,0.603,143,HINT_ONLY_WEAK_OR_DIFFERENT_DESCRIPTION,https://www.prnewswire.com/news-releases/metro-seven---the-next-big-leap-in-disposable-electronic-cigarettes-146951905.html,PRNewswire source verifies Metro Seven/Nicotek one-time-use disposable product family and up to 300 puffs. mL/nicotine not verified.
243,081649401295,08164940,NICOTEK,N-M-C E-CG,N-M-C E-CG,1,10,9.995843,24,6004,236,081649401299,NICOTEK,NCTK MTR MNGT E-CG,NCTK MTR MNGT E-CG,PARTIAL,Low,Disposable,,,,,,0.493,4,HINT_ONLY_WEAK_OR_DIFFERENT_DESCRIPTION,https://www.prnewswire.com/news-releases/metro-seven---the-next-big-leap-in-disposable-electronic-cigarettes-146951905.html,PRNewswire source verifies Metro Seven/Nicotek one-time-use disposable product family and up to 300 puffs. mL/nicotine not verified.
244,085570400418,08557040,MISTIC,MISTIC E-CG,MISTIC E-CG,1,1,1,18,5937,137,085570400541,MISTIC,MISTIC 2.0 E-CG,MISTIC 2.0 E-CG,PARTIAL,High,Closed pod,10,1,10,0.4,4,0.751,123,HINT_ONLY_WEAK_OR_DIFFERENT_DESCRIPTION,https://www.globenewswire.com/news-release/2016/07/26/858889/0/en/Mistic-E-Cigs-Introduces-Next-Big-Thing-in-Vaping-Sub-Ohm-POD-MOD.html;https://geardiary.com/2017/04/08/mistic2-0-pod-mod-pre-filled-vape/,Mistic 2.0 sources verify prefilled 10 mL pods with 4 mg/mL nicotine; kit initially included two 10 mL pods but replacement/product rows here are treated as one pod/device when row is 1 count.
245,081649401296,08164940,NICOTEK,N-M-C E-CG MN,N-M-C E-CG MN,1,10,9.995843,24,5820,218,081649401155,NICOTEK,NCTK MTR SVN E-CG MN,NCTK MTR SVN E-CG MN,PARTIAL,Low,Disposable,,,,,,0.575,141,HINT_ONLY_WEAK_OR_DIFFERENT_DESCRIPTION,https://www.prnewswire.com/news-releases/metro-seven---the-next-big-leap-in-disposable-electronic-cigarettes-146951905.html,PRNewswire source verifies Metro Seven/Nicotek one-time-use disposable product family and up to 300 puffs. mL/nicotine not verified.
251,085570400488,08557040,MISTIC,MISTIC E-CGC RFL,MISTIC E-CGC RFL,1,7.5,7.5,20,5486,52,085570400719,MISTIC,MISTIC E-CGC RFL,MISTIC E-CGC RFL,PARTIAL,Medium,Closed pod,,3,,1.8,18,1.0,231,PROPAGATED_EXACT_DESCRIPTION_MATCH,https://www.globenewswire.com/news-release/2016/08/04/861701/0/en/Mistic-E-Cigs-Adds-New-Flavors-to-Mistic-and-HAUS-Brands.html,"Mistic release says cartridges are sold in 3-, 5-, and 10-pack refills and contain 1.8% nicotine by volume. Exact mL per cartridge not found."
255,009710000107,00971000,MARKTEN,MARKTEN E-CGC,MARKTEN E-CGC,4,0.4,1.6,35,5190,618,009710000234,MARKTEN,MARKTEN EVCC,MARKTEN EVCC,PARTIAL,Medium,Closed pod,,2,,,,0.631,127,HINT_ONLY_WEAK_OR_DIFFERENT_DESCRIPTION,https://www.gopuff.com/p/markten-elite-hazelnut-cream-e-vapor-pods-2ct/p9395,Retail source verifies MarkTen Elite e-vapor pods as 2ct. mL and nicotine not verified in the source found.
271,085570400420,08557040,MISTIC,MISTIC E-CG MN,MISTIC E-CG MN,1,7.5,7.5,20,4430,125,085570400542,MISTIC,MISTIC 2.0 E-CG MN,MISTIC 2.0 E-CG MN,PARTIAL,High,Closed pod,10,1,10,0.4,4,0.794,122,HINT_ONLY_WEAK_OR_DIFFERENT_DESCRIPTION,https://www.globenewswire.com/news-release/2016/07/26/858889/0/en/Mistic-E-Cigs-Introduces-Next-Big-Thing-in-Vaping-Sub-Ohm-POD-MOD.html;https://geardiary.com/2017/04/08/mistic2-0-pod-mod-pre-filled-vape/,Mistic 2.0 sources verify prefilled 10 mL pods with 4 mg/mL nicotine; kit initially included two 10 mL pods but replacement/product rows here are treated as one pod/device when row is 1 count.
272,081068701288,08106870,NJOY,NJOY E-CG NO,NJOY E-CG NO,1,5,5,18,4348,294,081068701408,NJOY,NJOY ONE JOY E-CG,NJOY ONE JOY E-CG,PARTIAL,Low,Disposable,,,,4.5,45,0.64,120,HINT_ONLY_WEAK_OR_DIFFERENT_DESCRIPTION,https://www.njoy-llc.com/?src=logo,"Matched to NJOY one-use/disposable product family; official NJOY source confirms Daily disposable products at 4.5% and 6.0%, but exact mL/SKU not verified."
275,009710000116,00971000,MARKTEN,MARKTEN E-CG MN/ECC,MARKTEN E-CG MN/ECC,1,1.6,1.6,35,4029,618,009710000234,MARKTEN,MARKTEN EVCC,MARKTEN EVCC,PARTIAL,Medium,Closed pod,,2,,,,0.498,118,HINT_ONLY_WEAK_OR_DIFFERENT_DESCRIPTION,https://www.gopuff.com/p/markten-elite-hazelnut-cream-e-vapor-pods-2ct/p9395,Retail source verifies MarkTen Elite e-vapor pods as 2ct. mL and nicotine not verified in the source found.
279,081068701329,08106870,NJOY,NJOY E-CG MN NO,NJOY E-CG MN NO,1,10,10,45,3909,317,081068701409,NJOY,NJOY ONE JOY E-CG MN,NJOY ONE JOY E-CG MN,PARTIAL,Low,Disposable,,,,4.5,45,0.695,80,HINT_ONLY_WEAK_OR_DIFFERENT_DESCRIPTION,https://www.njoy-llc.com/?src=logo,"Matched to NJOY one-use/disposable product family; official NJOY source confirms Daily disposable products at 4.5% and 6.0%, but exact mL/SKU not verified."
281,081002599579,08100259,IGNITE,IGNITE V8,IGNITE V8 SMOKING ALTERNATIVE PRODUCT ELECTRONIC CIGARETTE LIQUID PO ICY MINT BOX 1 COUNT,1,2.6,2.6,25,3878,248,081002599614,IGNITE,IGNITE V15,IGNITE V15 SMOKING ALTERNATIVE PRODUCT ELECTRONIC CIGARETTE LIQUID PO BANANA ICE BOX 1 COUNT,PARTIAL,High,Disposable,5.1,1,5.1,5,50,0.701,35,HINT_ONLY_WEAK_OR_DIFFERENT_DESCRIPTION,https://mx.ignite.co/products/v15-vape-desechable-tobacco,Official IGNITE V15 source verifies disposable device with 5.1 mL capacity and 5% nicotine.
282,081990502790,08199050,NJOY,ELCT CGRTT LIQUID POD,ELCT CGRTT LIQUID POD,1,2.6,2.6,50,3852,35,081990502787,NJOY,ELCT CGRTT LIQUID POD,ELCT CGRTT LIQUID POD,PARTIAL,Low,Closed pod,1.9,1,1.9,5,58,1.0,3,PROPAGATED_EXACT_DESCRIPTION_MATCH,https://www.njoy-llc.com/?src=logo;https://www.ncdor.gov/taxes-forms/other-taxes-and-fees/vapor-product-and-consumable-product-certification-and-directory/vapor-certification-directory,"Likely NJOY Ace pod family based on pod product family and 5% imputation, but row text lacks flavor/count detail; source confirms Ace pod family/strengths, exact SKU not fully verified."
286,081990502792,08199050,NJOY,ELCT CGRTT LIQUID POD,ELCT CGRTT LIQUID POD,1,2.6,2.6,50,3461,35,081990502787,NJOY,ELCT CGRTT LIQUID POD,ELCT CGRTT LIQUID POD,PARTIAL,Low,Closed pod,1.9,1,1.9,5,58,1.0,5,PROPAGATED_EXACT_DESCRIPTION_MATCH,https://www.njoy-llc.com/?src=logo;https://www.ncdor.gov/taxes-forms/other-taxes-and-fees/vapor-product-and-consumable-product-certification-and-directory/vapor-certification-directory,"Likely NJOY Ace pod family based on pod product family and 5% imputation, but row text lacks flavor/count detail; source confirms Ace pod family/strengths, exact SKU not fully verified."
287,081002599711,08100259,IGNITE,IGNITE V8,IGNITE V8 SMOKING ALTERNATIVE PRODUCT ELECTRONIC CIGARETTE LIQUID PO MANGO BOX 1 COUNT,1,2.6,2.6,25,3304,248,081002599614,IGNITE,IGNITE V15,IGNITE V15 SMOKING ALTERNATIVE PRODUCT ELECTRONIC CIGARETTE LIQUID PO BANANA ICE BOX 1 COUNT,PARTIAL,High,Disposable,5.1,1,5.1,5,50,0.727,97,HINT_ONLY_WEAK_OR_DIFFERENT_DESCRIPTION,https://mx.ignite.co/products/v15-vape-desechable-tobacco,Official IGNITE V15 source verifies disposable device with 5.1 mL capacity and 5% nicotine.
288,009710000109,00971000,MARKTEN,MARKTEN E-CGC MN,MARKTEN E-CGC MN,4,0.4,1.6,35,3231,618,009710000234,MARKTEN,MARKTEN EVCC,MARKTEN EVCC,PARTIAL,Medium,Closed pod,,2,,,,0.556,125,HINT_ONLY_WEAK_OR_DIFFERENT_DESCRIPTION,https://www.gopuff.com/p/markten-elite-hazelnut-cream-e-vapor-pods-2ct/p9395,Retail source verifies MarkTen Elite e-vapor pods as 2ct. mL and nicotine not verified in the source found.
297,085570400487,08557040,MISTIC,MISTIC E-CGC RFL,MISTIC E-CGC RFL,1,7.5,7.5,20,2893,52,085570400719,MISTIC,MISTIC E-CGC RFL,MISTIC E-CGC RFL,PARTIAL,Medium,Closed pod,,3,,1.8,18,1.0,232,PROPAGATED_EXACT_DESCRIPTION_MATCH,https://www.globenewswire.com/news-release/2016/08/04/861701/0/en/Mistic-E-Cigs-Adds-New-Flavors-to-Mistic-and-HAUS-Brands.html,"Mistic release says cartridges are sold in 3-, 5-, and 10-pack refills and contain 1.8% nicotine by volume. Exact mL per cartridge not found."
308,081002599206,08100259,IGNITE,IGNITE,IGNITE SMOKING ALTERNATIVE PRODUCT ELECTRONIC CIGARETTE LIQUID PO TOBACCO BOX 1 COUNT,1,1.2,1.2,25,2538,248,081002599614,IGNITE,IGNITE V15,IGNITE V15 SMOKING ALTERNATIVE PRODUCT ELECTRONIC CIGARETTE LIQUID PO BANANA ICE BOX 1 COUNT,PARTIAL,High,Disposable,5.1,1,5.1,5,50,0.742,408,HINT_ONLY_WEAK_OR_DIFFERENT_DESCRIPTION,https://mx.ignite.co/products/v15-vape-desechable-tobacco,Official IGNITE V15 source verifies disposable device with 5.1 mL capacity and 5% nicotine.
321,081990502794,08199050,NJOY,ELCT CGRTT LIQUID POD,ELCT CGRTT LIQUID POD,1,2.6,2.6,50,2105,35,081990502787,NJOY,ELCT CGRTT LIQUID POD,ELCT CGRTT LIQUID POD,PARTIAL,Low,Closed pod,1.9,1,1.9,5,58,1.0,7,PROPAGATED_EXACT_DESCRIPTION_MATCH,https://www.njoy-llc.com/?src=logo;https://www.ncdor.gov/taxes-forms/other-taxes-and-fees/vapor-product-and-consumable-product-certification-and-directory/vapor-certification-directory,"Likely NJOY Ace pod family based on pod product family and 5% imputation, but row text lacks flavor/count detail; source confirms Ace pod family/strengths, exact SKU not fully verified."
327,081649401430,08164940,NICOTEK,NBL-NCL E-CG LIQUID TOB,NBL-NCL E-CG LIQUID TOB,1,10,9.995843,24,2013,158,081649401154,NICOTEK,NICOTEK METRO E-CG,NICOTEK METRO E-CG,PARTIAL,Low,Disposable,,,,,,0.343,276,HINT_ONLY_WEAK_OR_DIFFERENT_DESCRIPTION,https://www.prnewswire.com/news-releases/metro-seven---the-next-big-leap-in-disposable-electronic-cigarettes-146951905.html,PRNewswire source verifies Metro Seven/Nicotek one-time-use disposable product family and up to 300 puffs. mL/nicotine not verified.
331,084920500055,08492050,VUSE,VUSE DVCC AST 2'S/BT&ECCR&L&T,VUSE DVCC AST 2'S/BT&ECCR&L&T,2,1.5,3,48,1882,202,084920500053,VUSE,VUSE DVC MN/BT&ECCR,VUSE DVC MN/BT&ECCR,PARTIAL,Medium,Closed pod,0.5,1,0.5,4.8,48,0.538,2,HINT_ONLY_WEAK_OR_DIFFERENT_DESCRIPTION,https://cenic-mp.ahc.umn.edu/index.php?product_id=88&route=product%2Fproduct;https://lighterusa.com/products/vuse-solo-cartridges-2-pack,Matched to Vuse Solo starter/device family; source verifies Solo kit includes one cartridge and Solo cartridge spec is 0.5 mL and 4.8% / 48 mg.
337,009710000102,00971000,MARKTEN,MARKTEN E-CGC,MARKTEN E-CGC,4,0.4,1.6,35,1822,618,009710000234,MARKTEN,MARKTEN EVCC,MARKTEN EVCC,PARTIAL,Medium,Closed pod,,2,,,,0.631,132,HINT_ONLY_WEAK_OR_DIFFERENT_DESCRIPTION,https://www.gopuff.com/p/markten-elite-hazelnut-cream-e-vapor-pods-2ct/p9395,Retail source verifies MarkTen Elite e-vapor pods as 2ct. mL and nicotine not verified in the source found.
339,009710000101,00971000,MARKTEN,MARKTEN E-CG,MARKTEN E-CG,1,1.6,1.6,35,1784,618,009710000234,MARKTEN,MARKTEN EVCC,MARKTEN EVCC,PARTIAL,Medium,Closed pod,,2,,,,0.604,133,HINT_ONLY_WEAK_OR_DIFFERENT_DESCRIPTION,https://www.gopuff.com/p/markten-elite-hazelnut-cream-e-vapor-pods-2ct/p9395,Retail source verifies MarkTen Elite e-vapor pods as 2ct. mL and nicotine not verified in the source found.
341,081002599209,08100259,IGNITE,IGNITE,IGNITE SMOKING ALTERNATIVE PRODUCT ELECTRONIC CIGARETTE LIQUID PO TOBACCO BOX 1 COUNT,1,1.2,1.2,25,1660,248,081002599614,IGNITE,IGNITE V15,IGNITE V15 SMOKING ALTERNATIVE PRODUCT ELECTRONIC CIGARETTE LIQUID PO BANANA ICE BOX 1 COUNT,PARTIAL,High,Disposable,5.1,1,5.1,5,50,0.742,405,HINT_ONLY_WEAK_OR_DIFFERENT_DESCRIPTION,https://mx.ignite.co/products/v15-vape-desechable-tobacco,Official IGNITE V15 source verifies disposable device with 5.1 mL capacity and 5% nicotine.
342,081990502870,08199050,GLAS,,GLAS SMOKING ALTERNATIVE PRODUCT BANDED 3 COUNT,3,0.43,1.3,63.5,1594,60,081990502355,GLAS,GLAS,GLAS SMOKING ALTERNATIVE PRODUCT ELECTRONIC CIGARETTE LIQUID PO SAPPHIRE BOX 2 COUNT,CONFIRMS,High,Closed pod,1.3,2,2.6,5,50,0.437,515,HINT_ONLY_WEAK_OR_DIFFERENT_DESCRIPTION,https://glas.com/collections/pods;https://glas.com/pages/pod-basics-issues,Official GLAS pages verify each pack contains two 1.3 mL pods with 5% nicotine by weight. Converted 5% to 50 mg/mL per requested convention.
344,081068701240,08106870,NJOY,NJOY E-CGC NO RFL,NJOY E-CGC NO RFL,5,1,5,24,1543,294,081068701408,NJOY,NJOY ONE JOY E-CG,NJOY ONE JOY E-CG,PARTIAL,Low,Disposable,,,,4.5,45,0.477,168,HINT_ONLY_WEAK_OR_DIFFERENT_DESCRIPTION,https://www.njoy-llc.com/?src=logo,"Matched to NJOY one-use/disposable product family; official NJOY source confirms Daily disposable products at 4.5% and 6.0%, but exact mL/SKU not verified."
346,081649401440,08164940,NICOTEK,NBL-NCL E-CG LIQUID TOB,NBL-NCL E-CG LIQUID TOB,1,10,9.995843,16,1459,158,081649401154,NICOTEK,NICOTEK METRO E-CG,NICOTEK METRO E-CG,PARTIAL,Low,Disposable,,,,,,0.343,286,HINT_ONLY_WEAK_OR_DIFFERENT_DESCRIPTION,https://www.prnewswire.com/news-releases/metro-seven---the-next-big-leap-in-disposable-electronic-cigarettes-146951905.html,PRNewswire source verifies Metro Seven/Nicotek one-time-use disposable product family and up to 300 puffs. mL/nicotine not verified.
350,081002599212,08100259,IGNITE,IGNITE,IGNITE SMOKING ALTERNATIVE PRODUCT BLOOD ORANGE 1 COUNT,1,1.2,1.2,80.2,1362,248,081002599614,IGNITE,IGNITE V15,IGNITE V15 SMOKING ALTERNATIVE PRODUCT ELECTRONIC CIGARETTE LIQUID PO BANANA ICE BOX 1 COUNT,PARTIAL,High,Disposable,5.1,1,5.1,5,50,0.511,402,HINT_ONLY_WEAK_OR_DIFFERENT_DESCRIPTION,https://mx.ignite.co/products/v15-vape-desechable-tobacco,Official IGNITE V15 source verifies disposable device with 5.1 mL capacity and 5% nicotine.
351,081649401433,08164940,NICOTEK,NBL-NCL E-CG LIQUID WM,NBL-NCL E-CG LIQUID WM,1,10,9.995843,24,1306,218,081649401155,NICOTEK,NCTK MTR SVN E-CG MN,NCTK MTR SVN E-CG MN,PARTIAL,Low,Disposable,,,,,,0.359,278,HINT_ONLY_WEAK_OR_DIFFERENT_DESCRIPTION,https://www.prnewswire.com/news-releases/metro-seven---the-next-big-leap-in-disposable-electronic-cigarettes-146951905.html,PRNewswire source verifies Metro Seven/Nicotek one-time-use disposable product family and up to 300 puffs. mL/nicotine not verified.
360,081649401432,08164940,NICOTEK,NL-NBL E-CG LIQUID CHERRY,NL-NBL E-CG LIQUID CHERRY,1,10,9.995843,24,1063,236,081649401299,NICOTEK,NCTK MTR MNGT E-CG,NCTK MTR MNGT E-CG,PARTIAL,Low,Disposable,,,,,,0.334,133,HINT_ONLY_WEAK_OR_DIFFERENT_DESCRIPTION,https://www.prnewswire.com/news-releases/metro-seven---the-next-big-leap-in-disposable-electronic-cigarettes-146951905.html,PRNewswire source verifies Metro Seven/Nicotek one-time-use disposable product family and up to 300 puffs. mL/nicotine not verified.
362,081649401441,08164940,NICOTEK,NL-NBL E-CG LIQUID MN,NL-NBL E-CG LIQUID MN,1,10,9.995843,16,1013,218,081649401155,NICOTEK,NCTK MTR SVN E-CG MN,NCTK MTR SVN E-CG MN,PARTIAL,Low,Disposable,,,,,,0.462,286,HINT_ONLY_WEAK_OR_DIFFERENT_DESCRIPTION,https://www.prnewswire.com/news-releases/metro-seven---the-next-big-leap-in-disposable-electronic-cigarettes-146951905.html,PRNewswire source verifies Metro Seven/Nicotek one-time-use disposable product family and up to 300 puffs. mL/nicotine not verified.
363,081649401434,08164940,NICOTEK,NL-NBL E-CG LIQUID GRAPE,NL-NBL E-CG LIQUID GRAPE,1,10,9.995843,24,1008,610,081649401360,NICOTEK,NICOTEK METRO E-CG KING,NICOTEK METRO E-CG KING,PARTIAL,Low,Disposable,,,,,,0.351,74,HINT_ONLY_WEAK_OR_DIFFERENT_DESCRIPTION,https://www.prnewswire.com/news-releases/metro-seven---the-next-big-leap-in-disposable-electronic-cigarettes-146951905.html,PRNewswire source verifies Metro Seven/Nicotek one-time-use disposable product family and up to 300 puffs. mL/nicotine not verified.
364,009710000103,00971000,MARKTEN,MARKTEN E-CG MN,MARKTEN E-CG MN,1,1.6,1.6,35,988,618,009710000234,MARKTEN,MARKTEN EVCC,MARKTEN EVCC,PARTIAL,Medium,Closed pod,,2,,,,0.53,131,HINT_ONLY_WEAK_OR_DIFFERENT_DESCRIPTION,https://www.gopuff.com/p/markten-elite-hazelnut-cream-e-vapor-pods-2ct/p9395,Retail source verifies MarkTen Elite e-vapor pods as 2ct. mL and nicotine not verified in the source found.
366,009710000104,00971000,MARKTEN,MARKTEN E-CGC MN,MARKTEN E-CGC MN,4,0.4,1.6,35,949,618,009710000234,MARKTEN,MARKTEN EVCC,MARKTEN EVCC,PARTIAL,Medium,Closed pod,,2,,,,0.556,130,HINT_ONLY_WEAK_OR_DIFFERENT_DESCRIPTION,https://www.gopuff.com/p/markten-elite-hazelnut-cream-e-vapor-pods-2ct/p9395,Retail source verifies MarkTen Elite e-vapor pods as 2ct. mL and nicotine not verified in the source found.
367,081649401442,08164940,NICOTEK,NL-NBL E-CG LIQUID CHERRY,NL-NBL E-CG LIQUID CHERRY,1,10,9.995843,16,935,236,081649401299,NICOTEK,NCTK MTR MNGT E-CG,NCTK MTR MNGT E-CG,PARTIAL,Low,Disposable,,,,,,0.334,143,HINT_ONLY_WEAK_OR_DIFFERENT_DESCRIPTION,https://www.prnewswire.com/news-releases/metro-seven---the-next-big-leap-in-disposable-electronic-cigarettes-146951905.html,PRNewswire source verifies Metro Seven/Nicotek one-time-use disposable product family and up to 300 puffs. mL/nicotine not verified.
370,081649401444,08164940,NICOTEK,NBL-NCL E-CG LIQUID GRAPE,NBL-NCL E-CG LIQUID GRAPE,1,10,9.995843,16,892,610,081649401360,NICOTEK,NICOTEK METRO E-CG KING,NICOTEK METRO E-CG KING,PARTIAL,Low,Disposable,,,,,,0.346,84,HINT_ONLY_WEAK_OR_DIFFERENT_DESCRIPTION,https://www.prnewswire.com/news-releases/metro-seven---the-next-big-leap-in-disposable-electronic-cigarettes-146951905.html,PRNewswire source verifies Metro Seven/Nicotek one-time-use disposable product family and up to 300 puffs. mL/nicotine not verified.
383,081649401448,08164940,NICOTEK,NL-NBL E-CG LIQUID KIWI,NL-NBL E-CG LIQUID KIWI,1,10,9.995843,16,627,610,081649401360,NICOTEK,NICOTEK METRO E-CG KING,NICOTEK METRO E-CG KING,PARTIAL,Low,Disposable,,,,,,0.357,88,HINT_ONLY_WEAK_OR_DIFFERENT_DESCRIPTION,https://www.prnewswire.com/news-releases/metro-seven---the-next-big-leap-in-disposable-electronic-cigarettes-146951905.html,PRNewswire source verifies Metro Seven/Nicotek one-time-use disposable product family and up to 300 puffs. mL/nicotine not verified.
387,081649401437,08164940,NICOTEK,NL-NBL E-CG LIQUID VANILLA,NL-NBL E-CG LIQUID VANILLA,1,10,9.995843,24,613,218,081649401155,NICOTEK,NCTK MTR SVN E-CG MN,NCTK MTR SVN E-CG MN,PARTIAL,Low,Disposable,,,,,,0.348,282,HINT_ONLY_WEAK_OR_DIFFERENT_DESCRIPTION,https://www.prnewswire.com/news-releases/metro-seven---the-next-big-leap-in-disposable-electronic-cigarettes-146951905.html,PRNewswire source verifies Metro Seven/Nicotek one-time-use disposable product family and up to 300 puffs. mL/nicotine not verified.
391,085570400814,08557040,HAUS,HAUS ECTA,HAUS ECTA,1,10,10,24,596,91,085570400786,HAUS,HAUS ESOT,HAUS ESOT,PARTIAL,Medium,Open refill,30,1,30,0.4,4,0.607,28,HINT_ONLY_WEAK_OR_DIFFERENT_DESCRIPTION,https://www.globenewswire.com/news-release/2015/12/16/795955/0/en/Mistic-E-Cigs-Adds-Tobacco-and-Menthol-Flavors-to-HAUS-Craft-Collection.html;https://www.globenewswire.com/news-release/2016/08/04/861701/0/en/Mistic-E-Cigs-Adds-New-Flavors-to-Mistic-and-HAUS-Brands.html,"Matched to HAUS e-liquid family from brand/product-line abbreviation; source verifies 30 mL HAUS bottles at 4 mg/mL, but row flavor is not explicit."
396,081649401438,08164940,NICOTEK,NL-NBL E-CG LIQUID KIWI,NL-NBL E-CG LIQUID KIWI,1,10,9.995843,24,562,610,081649401360,NICOTEK,NICOTEK METRO E-CG KING,NICOTEK METRO E-CG KING,PARTIAL,Low,Disposable,,,,,,0.357,78,HINT_ONLY_WEAK_OR_DIFFERENT_DESCRIPTION,https://www.prnewswire.com/news-releases/metro-seven---the-next-big-leap-in-disposable-electronic-cigarettes-146951905.html,PRNewswire source verifies Metro Seven/Nicotek one-time-use disposable product family and up to 300 puffs. mL/nicotine not verified.
397,081649401435,08164940,NICOTEK,NL-NBL E-CG LIQUID APPLE,NL-NBL E-CG LIQUID APPLE,1,10,9.995843,24,561,218,081649401155,NICOTEK,NCTK MTR SVN E-CG MN,NCTK MTR SVN E-CG MN,PARTIAL,Low,Disposable,,,,,,0.333,280,HINT_ONLY_WEAK_OR_DIFFERENT_DESCRIPTION,https://www.prnewswire.com/news-releases/metro-seven---the-next-big-leap-in-disposable-electronic-cigarettes-146951905.html,PRNewswire source verifies Metro Seven/Nicotek one-time-use disposable product family and up to 300 puffs. mL/nicotine not verified.
398,081649401447,08164940,NICOTEK,NL-NBL E-CG LIQUID VANILLA,NL-NBL E-CG LIQUID VANILLA,1,10,9.995843,16,545,218,081649401155,NICOTEK,NCTK MTR SVN E-CG MN,NCTK MTR SVN E-CG MN,PARTIAL,Low,Disposable,,,,,,0.348,292,HINT_ONLY_WEAK_OR_DIFFERENT_DESCRIPTION,https://www.prnewswire.com/news-releases/metro-seven---the-next-big-leap-in-disposable-electronic-cigarettes-146951905.html,PRNewswire source verifies Metro Seven/Nicotek one-time-use disposable product family and up to 300 puffs. mL/nicotine not verified.
439,081068701760,08106870,NJOY,NJOY E-CGCMB AST 2'S\SAP=,NJOY E-CGCMB AST 2'S\SAP=,2,5,10,10,251,336,081068701413,NJOY,NJOY ONE JOY E-CG MN,NJOY ONE JOY E-CG MN,PARTIAL,Low,Disposable,,,,4.5,45,0.353,347,HINT_ONLY_WEAK_OR_DIFFERENT_DESCRIPTION,https://www.njoy-llc.com/?src=logo,"Matched to NJOY one-use/disposable product family; official NJOY source confirms Daily disposable products at 4.5% and 6.0%, but exact mL/SKU not verified."
443,081068701761,08106870,NJOY,NJOY E-CGCMB AST 2'S\SAP=,NJOY E-CGCMB AST 2'S\SAP=,2,5,10,10,230,336,081068701413,NJOY,NJOY ONE JOY E-CG MN,NJOY ONE JOY E-CG MN,PARTIAL,Low,Disposable,,,,4.5,45,0.353,348,HINT_ONLY_WEAK_OR_DIFFERENT_DESCRIPTION,https://www.njoy-llc.com/?src=logo,"Matched to NJOY one-use/disposable product family; official NJOY source confirms Daily disposable products at 4.5% and 6.0%, but exact mL/SKU not verified."
451,019383500507,01938350,SHENZHEN GOLDREAMS TECHNOLOGY,AIR BAR MAX,AIR BAR MAX SMOKING ALTERNATIVE PRODUCT GUAVA SHAKE 1 COUNT,1,6.5,6.5,33.2,200,594,019383500291,SHENZHEN GOLDREAMS TECHNOLOGY,AIR BAR LUX,AIR BAR LUX SMOKING ALTERNATIVE PRODUCT GEL SUNSET COCKTAIL BOTTLE 1 COUNT,PARTIAL,Low,Disposable,2.7,1,2.7,5,50,0.575,216,HINT_ONLY_WEAK_OR_DIFFERENT_DESCRIPTION,https://www.budgetvapors.com/air-bar-lux-disposable/,Retail source verifies Air Bar Lux disposable family; exact flavor/SKU specs were not fully verified in this pass. Converted 5% to 50 mg/mL where source/family indicates 5%.
454,081068701813,08106870,NJOY,NJOY E-CG LIQUID PEACH TEA,NJOY E-CG LIQUID PEACH TEA,1,5.53,5.527495,11.8,191,311,081068701410,NJOY,NJOY ONE JOY E-CG,NJOY ONE JOY E-CG,PARTIAL,Low,Disposable,,,,4.5,45,0.436,403,HINT_ONLY_WEAK_OR_DIFFERENT_DESCRIPTION,https://www.njoy-llc.com/?src=logo,"Matched to NJOY one-use/disposable product family; official NJOY source confirms Daily disposable products at 4.5% and 6.0%, but exact mL/SKU not verified."
457,081068701789,08106870,NJOY,NJOY E-CG LIQUID BLD-ORNGE,NJOY E-CG LIQUID BLD-ORNGE,1,10,10,8,183,336,081068701413,NJOY,NJOY ONE JOY E-CG MN,NJOY ONE JOY E-CG MN,PARTIAL,Low,Disposable,,,,4.5,45,0.465,376,HINT_ONLY_WEAK_OR_DIFFERENT_DESCRIPTION,https://www.njoy-llc.com/?src=logo,"Matched to NJOY one-use/disposable product family; official NJOY source confirms Daily disposable products at 4.5% and 6.0%, but exact mL/SKU not verified."
458,081068701801,08106870,NJOY,NJOY E-CG LIQUID BTR-CRNCH,NJOY E-CG LIQUID BTR-CRNCH,1,5.53,5.527495,11.8,176,336,081068701413,NJOY,NJOY ONE JOY E-CG MN,NJOY ONE JOY E-CG MN,PARTIAL,Low,Disposable,,,,4.5,45,0.427,388,HINT_ONLY_WEAK_OR_DIFFERENT_DESCRIPTION,https://www.njoy-llc.com/?src=logo,"Matched to NJOY one-use/disposable product family; official NJOY source confirms Daily disposable products at 4.5% and 6.0%, but exact mL/SKU not verified."
465,081068701805,08106870,NJOY,NJOY E-CG LIQUID S-MS,NJOY E-CG LIQUID S-MS,1,5.53,5.527495,11.8,148,336,081068701413,NJOY,NJOY ONE JOY E-CG MN,NJOY ONE JOY E-CG MN,PARTIAL,Low,Disposable,,,,4.5,45,0.462,392,HINT_ONLY_WEAK_OR_DIFFERENT_DESCRIPTION,https://www.njoy-llc.com/?src=logo,"Matched to NJOY one-use/disposable product family; official NJOY source confirms Daily disposable products at 4.5% and 6.0%, but exact mL/SKU not verified."
467,081068701803,08106870,NJOY,NJOY E-CG LIQUID S-MS,NJOY E-CG LIQUID S-MS,1,5.53,5.527495,11.8,147,336,081068701413,NJOY,NJOY ONE JOY E-CG MN,NJOY ONE JOY E-CG MN,PARTIAL,Low,Disposable,,,,4.5,45,0.462,390,HINT_ONLY_WEAK_OR_DIFFERENT_DESCRIPTION,https://www.njoy-llc.com/?src=logo,"Matched to NJOY one-use/disposable product family; official NJOY source confirms Daily disposable products at 4.5% and 6.0%, but exact mL/SKU not verified."
470,081068701797,08106870,NJOY,NJOY E-CG LIQUID DBL-ESPRSO,NJOY E-CG LIQUID DBL-ESPRSO,1,10,10,10,133,311,081068701410,NJOY,NJOY ONE JOY E-CG,NJOY ONE JOY E-CG,PARTIAL,Low,Disposable,,,,4.5,45,0.417,387,HINT_ONLY_WEAK_OR_DIFFERENT_DESCRIPTION,https://www.njoy-llc.com/?src=logo,"Matched to NJOY one-use/disposable product family; official NJOY source confirms Daily disposable products at 4.5% and 6.0%, but exact mL/SKU not verified."
477,081068701799,08106870,NJOY,NJOY E-CG LIQUID BTR-CRNCH,NJOY E-CG LIQUID BTR-CRNCH,1,10,10,10,112,336,081068701413,NJOY,NJOY ONE JOY E-CG MN,NJOY ONE JOY E-CG MN,PARTIAL,Low,Disposable,,,,4.5,45,0.427,386,HINT_ONLY_WEAK_OR_DIFFERENT_DESCRIPTION,https://www.njoy-llc.com/?src=logo,"Matched to NJOY one-use/disposable product family; official NJOY source confirms Daily disposable products at 4.5% and 6.0%, but exact mL/SKU not verified."
495,019383500511,01938350,SHENZHEN GOLDREAMS TECHNOLOGY,AIR BAR MAX,AIR BAR MAX SMOKING ALTERNATIVE PRODUCT BANANA SHAKE 1 COUNT,1,6.5,6.5,33.2,79,594,019383500291,SHENZHEN GOLDREAMS TECHNOLOGY,AIR BAR LUX,AIR BAR LUX SMOKING ALTERNATIVE PRODUCT GEL SUNSET COCKTAIL BOTTLE 1 COUNT,PARTIAL,Low,Disposable,2.7,1,2.7,5,50,0.565,220,HINT_ONLY_WEAK_OR_DIFFERENT_DESCRIPTION,https://www.budgetvapors.com/air-bar-lux-disposable/,Retail source verifies Air Bar Lux disposable family; exact flavor/SKU specs were not fully verified in this pass. Converted 5% to 50 mg/mL where source/family indicates 5%.
518,081068701379,08106870,NJOY,NJOY NPRO E-CG MINI,NJOY NPRO E-CG MINI,1,10,10,45,36,317,081068701409,NJOY,NJOY ONE JOY E-CG MN,NJOY ONE JOY E-CG MN,PARTIAL,Low,Disposable,,,,4.5,45,0.615,30,HINT_ONLY_WEAK_OR_DIFFERENT_DESCRIPTION,https://www.njoy-llc.com/?src=logo,"Matched to NJOY one-use/disposable product family; official NJOY source confirms Daily disposable products at 4.5% and 6.0%, but exact mL/SKU not verified."
532,081505802007,08150580,LOGIC,LOGIC POWER E-CGC VANILLA,LOGIC POWER E-CGC VANILLA,3,0.45,1.35,24,22,404,081505802013,LOGIC,LOGIC E-CGC MN,LOGIC E-CGC MN,PARTIAL,Low,Closed pod,,5,,2.4,24,0.605,6,HINT_ONLY_WEAK_OR_DIFFERENT_DESCRIPTION,https://www.themagicmist.com/Logic-ecig-Compatible-Cartridges-p/logic-compatible-cartridges.htm,Only partially verified from compatible-cartridge source: compatible pack has 5 carts and Platinum 2.4% maps to 24 mg/mL. Original mL not verified.
535,019383500501,01938350,SHENZHEN GOLDREAMS TECHNOLOGY,AIR BAR MAX,AIR BAR MAX SMOKING ALTERNATIVE PRODUCT CRANBERRY GRAPE 1 COUNT,1,6.5,6.5,33.2,20,594,019383500291,SHENZHEN GOLDREAMS TECHNOLOGY,AIR BAR LUX,AIR BAR LUX SMOKING ALTERNATIVE PRODUCT GEL SUNSET COCKTAIL BOTTLE 1 COUNT,PARTIAL,Low,Disposable,2.7,1,2.7,5,50,0.556,210,HINT_ONLY_WEAK_OR_DIFFERENT_DESCRIPTION,https://www.budgetvapors.com/air-bar-lux-disposable/,Retail source verifies Air Bar Lux disposable family; exact flavor/SKU specs were not fully verified in this pass. Converted 5% to 50 mg/mL where source/family indicates 5%.
536,019383500513,01938350,SHENZHEN GOLDREAMS TECHNOLOGY,AIR BAR MAX,AIR BAR MAX SMOKING ALTERNATIVE PRODUCT BANANA SHAKE 1 COUNT,1,6.5,6.5,33.2,18,594,019383500291,SHENZHEN GOLDREAMS TECHNOLOGY,AIR BAR LUX,AIR BAR LUX SMOKING ALTERNATIVE PRODUCT GEL SUNSET COCKTAIL BOTTLE 1 COUNT,PARTIAL,Low,Disposable,2.7,1,2.7,5,50,0.565,222,HINT_ONLY_WEAK_OR_DIFFERENT_DESCRIPTION,https://www.budgetvapors.com/air-bar-lux-disposable/,Retail source verifies Air Bar Lux disposable family; exact flavor/SKU specs were not fully verified in this pass. Converted 5% to 50 mg/mL where source/family indicates 5%.
561,081068701554,08106870,NJOY,NJOY E-CG TRDNL KING 10P,NJOY E-CG TRDNL KING 10P,10,0.5,5,45,9,311,081068701410,NJOY,NJOY ONE JOY E-CG,NJOY ONE JOY E-CG,PARTIAL,Low,Disposable,,,,4.5,45,0.464,144,HINT_ONLY_WEAK_OR_DIFFERENT_DESCRIPTION,https://www.njoy-llc.com/?src=logo,"Matched to NJOY one-use/disposable product family; official NJOY source confirms Daily disposable products at 4.5% and 6.0%, but exact mL/SKU not verified."
567,081068701553,08106870,NJOY,NJOY E-CG TRDNL KING,NJOY E-CG TRDNL KING,10,0.5,5,45,7,311,081068701410,NJOY,NJOY ONE JOY E-CG,NJOY ONE JOY E-CG,PARTIAL,Low,Disposable,,,,4.5,45,0.519,143,HINT_ONLY_WEAK_OR_DIFFERENT_DESCRIPTION,https://www.njoy-llc.com/?src=logo,"Matched to NJOY one-use/disposable product family; official NJOY source confirms Daily disposable products at 4.5% and 6.0%, but exact mL/SKU not verified."
583,081068701245,08106870,NJOY,NJOY E-CGC MN NO RFL,NJOY E-CGC MN NO RFL,5,1,5,24,5,317,081068701409,NJOY,NJOY ONE JOY E-CG MN,NJOY ONE JOY E-CG MN,PARTIAL,Low,Disposable,,,,4.5,45,0.543,164,HINT_ONLY_WEAK_OR_DIFFERENT_DESCRIPTION,https://www.njoy-llc.com/?src=logo,"Matched to NJOY one-use/disposable product family; official NJOY source confirms Daily disposable products at 4.5% and 6.0%, but exact mL/SKU not verified."
585,081068701717,08106870,NJOY,NJOY E-CG MN KING -5.00,NJOY E-CG MN KING -5.00,5,2,10,10,5,336,081068701413,NJOY,NJOY ONE JOY E-CG MN,NJOY ONE JOY E-CG MN,PARTIAL,Low,Disposable,,,,4.5,45,0.555,304,HINT_ONLY_WEAK_OR_DIFFERENT_DESCRIPTION,https://www.njoy-llc.com/?src=logo,"Matched to NJOY one-use/disposable product family; official NJOY source confirms Daily disposable products at 4.5% and 6.0%, but exact mL/SKU not verified."
599,085570400815,08557040,HAUS,HAUS ECTA RFL,HAUS ECTA RFL,1,10,10,24,4,91,085570400786,HAUS,HAUS ESOT,HAUS ESOT,PARTIAL,Medium,Open refill,30,1,30,0.4,4,0.491,29,HINT_ONLY_WEAK_OR_DIFFERENT_DESCRIPTION,https://www.globenewswire.com/news-release/2015/12/16/795955/0/en/Mistic-E-Cigs-Adds-Tobacco-and-Menthol-Flavors-to-HAUS-Craft-Collection.html;https://www.globenewswire.com/news-release/2016/08/04/861701/0/en/Mistic-E-Cigs-Adds-New-Flavors-to-Mistic-and-HAUS-Brands.html,"Matched to HAUS e-liquid family from brand/product-line abbreviation; source verifies 30 mL HAUS bottles at 4 mg/mL, but row flavor is not explicit."
603,081068701241,08106870,NJOY,NJOY E-CGC NO RFL,NJOY E-CGC NO RFL,5,1,5,24,3,294,081068701408,NJOY,NJOY ONE JOY E-CG,NJOY ONE JOY E-CG,PARTIAL,Low,Disposable,,,,4.5,45,0.477,167,HINT_ONLY_WEAK_OR_DIFFERENT_DESCRIPTION,https://www.njoy-llc.com/?src=logo,"Matched to NJOY one-use/disposable product family; official NJOY source confirms Daily disposable products at 4.5% and 6.0%, but exact mL/SKU not verified."
604,081068701683,08106870,NJOY,NJOY E-CG 4P,NJOY E-CG 4P,4,0.5,2,30,3,311,081068701410,NJOY,NJOY ONE JOY E-CG,NJOY ONE JOY E-CG,PARTIAL,Low,Disposable,,,,4.5,45,0.6,273,HINT_ONLY_WEAK_OR_DIFFERENT_DESCRIPTION,https://www.njoy-llc.com/?src=logo,"Matched to NJOY one-use/disposable product family; official NJOY source confirms Daily disposable products at 4.5% and 6.0%, but exact mL/SKU not verified."
609,085570400812,08557040,HAUS,HAUS E-CG LIQUID A-B 5P,HAUS E-CG LIQUID A-B 5P,5,2,10,24,3,222,085570400769,HAUS,HAUS E-CG LIQUID TPF,HAUS E-CG LIQUID TPF,PARTIAL,High,Open refill,30,1,30,0.4,4,0.733,43,HINT_ONLY_WEAK_OR_DIFFERENT_DESCRIPTION,https://www.globenewswire.com/news-release/2015/12/16/795955/0/en/Mistic-E-Cigs-Adds-Tobacco-and-Menthol-Flavors-to-HAUS-Craft-Collection.html;https://www.globenewswire.com/news-release/2016/08/04/861701/0/en/Mistic-E-Cigs-Adds-New-Flavors-to-Mistic-and-HAUS-Brands.html,HAUS Craft Collection e-liquids are sold in 30 mL glass bottles with 4 mg/mL nicotine. Applied to HAUS e-liquid flavor rows.
621,081068701716,08106870,NJOY,NJOY E-CG KING -5.00,NJOY E-CG KING -5.00,5,2,10,10,1,311,081068701410,NJOY,NJOY ONE JOY E-CG,NJOY ONE JOY E-CG,PARTIAL,Low,Disposable,,,,4.5,45,0.491,306,HINT_ONLY_WEAK_OR_DIFFERENT_DESCRIPTION,https://www.njoy-llc.com/?src=logo,"Matched to NJOY one-use/disposable product family; official NJOY source confirms Daily disposable products at 4.5% and 6.0%, but exact mL/SKU not verified."
627,084014180024,08401418,SHENZHEN GOLDREAMS TECHNOLOGY,AIR BAR,AIR BAR SMOKING ALTERNATIVE PRODUCT MANGO 1 COUNT,1,10,10,16.2,1,628,084014180178,SHENZHEN GOLDREAMS TECHNOLOGY,AIR BAR LUX,AIR BAR LUX SMOKING ALTERNATIVE PRODUCT STRAWBERRY KIWI 1 COUNT,PARTIAL,Low,Disposable,2.7,1,2.7,5,50,0.653,154,HINT_ONLY_WEAK_OR_DIFFERENT_DESCRIPTION,https://www.budgetvapors.com/air-bar-lux-disposable/,Retail source verifies Air Bar Lux disposable family; exact flavor/SKU specs were not fully verified in this pass. Converted 5% to 50 mg/mL where source/family indicates 5%.
