month,brand,n_upc,mL
2013-01-01,21ST CENTURY SMOKE,10,123851.7
2013-01-01,BLU,14,860606
2013-01-01,CIG2O,4,42
2013-01-01,E SWISHER,1,6
2013-01-01,FINITI,14,300918.25
2013-01-01,FLAVORED MIST,5,134.9438805
2013-01-01,GREEN SMOKE,7,1499
2013-01-01,LOGIC,5,1478.4
2013-01-01,MISTIC,9,66888.5
2013-01-01,NICOTEK,10,44158.970901
2013-01-01,NJOY,17,88356.2
2013-01-01,QUIK E-CIG,4,370
2013-02-01,21ST CENTURY SMOKE,11,134694
2013-02-01,BLU,13,938662
2013-02-01,CIG2O,5,39
2013-02-01,E SWISHER,1,6
2013-02-01,FINITI,26,285977.75
2013-02-01,FLAVORED MIST,5,194.9189385
2013-02-01,GREEN SMOKE,7,1663
2013-02-01,LOGIC,6,1595.3499999999997
2013-02-01,MISTIC,9,28197.5
2013-02-01,NICOTEK,17,63103.882733000006
2013-02-01,NJOY,16,123545.2
2013-02-01,QUIK E-CIG,4,500
2013-03-01,21ST CENTURY SMOKE,12,187515.9
2013-03-01,BLU,14,1253555
2013-03-01,CIG2O,5,108
2013-03-01,E SWISHER,1,3
2013-03-01,FINITI,24,354120.5
2013-03-01,FLAVORED MIST,5,179.925174
2013-03-01,GREEN SMOKE,7,2080
2013-03-01,LOGIC,8,4792.7
2013-03-01,MISTIC,9,14310.5
2013-03-01,NICOTEK,17,146535.461712
2013-03-01,NJOY,16,143224
2013-03-01,QUIK E-CIG,3,515
2013-04-01,21ST CENTURY SMOKE,12,158112.9
2013-04-01,BLU,14,992111
2013-04-01,CIG2O,5,53
2013-04-01,FINITI,22,251823.5
2013-04-01,FLAVORED MIST,5,209.912703
2013-04-01,GREEN SMOKE,7,1739
2013-04-01,IMPERIAL,1,19.991686
2013-04-01,KRAVE,2,1016
2013-04-01,LOGIC,8,12645.1
2013-04-01,MISTIC,9,7972.5
2013-04-01,NEO,5,3551
2013-04-01,NICOTEK,17,122156.39191399999
2013-04-01,NJOY,15,136442.8
2013-04-01,QUIK E-CIG,4,230
2013-05-01,21ST CENTURY SMOKE,12,156004.20000000004
2013-05-01,BLU,14,977377
2013-05-01,CIG2O,3,73
2013-05-01,E SWISHER,1,9
2013-05-01,FINITI,24,219797.75
2013-05-01,FLAVORED MIST,6,194.9189385
2013-05-01,GREEN SMOKE,8,1895
2013-05-01,IMPERIAL,3,159.933488
2013-05-01,KRAVE,2,1276
2013-05-01,LOGIC,11,49241.9
2013-05-01,MISTIC,9,6017
2013-05-01,NEO,5,6431
2013-05-01,NICOTEK,17,119967.306454
2013-05-01,NJOY,15,163783
2013-05-01,QUIK E-CIG,4,235
2013-06-01,21ST CENTURY SMOKE,12,212038.2
2013-06-01,BLU,14,1160105
2013-06-01,CIG2O,7,125
2013-06-01,E SWISHER,8,156
2013-06-01,FINITI,29,263059.5
2013-06-01,FLAVORED MIST,6,125.350116
2013-06-01,GREEN SMOKE,8,3091
2013-06-01,IMPERIAL,4,299.87529
2013-06-01,KRAVE,2,1348
2013-06-01,LOGIC,11,75354.2
2013-06-01,MISTIC,15,12295
2013-06-01,NEO,5,8800
2013-06-01,NICOTEK,17,154402.90651100004
2013-06-01,NJOY,14,214778
2013-06-01,QUIK E-CIG,4,245
2013-07-01,21ST CENTURY SMOKE,12,169069.5
2013-07-01,BLU,18,1026458
2013-07-01,CIG2O,7,115
2013-07-01,E SWISHER,8,370
2013-07-01,FINITI,27,203970.25
2013-07-01,FLAVORED MIST,6,63.8812935
2013-07-01,GREEN SMOKE,8,2677
2013-07-01,IMPERIAL,3,79.966744
2013-07-01,KRAVE,5,6874
2013-07-01,LOGIC,12,75677.3
2013-07-01,MISTIC,16,29759.5
2013-07-01,NEO,5,7364.5
2013-07-01,NICOTEK,21,166926.441505
2013-07-01,NJOY,18,169874.6
2013-07-01,QUIK E-CIG,3,145
2013-07-01,V2 CIGS,5,26
2013-07-01,VUSE,5,178
2013-08-01,21ST CENTURY SMOKE,11,204845.4
2013-08-01,BLU,18,1352577
2013-08-01,CIG2O,7,121
2013-08-01,E SWISHER,8,698
2013-08-01,FINITI,29,205274.25
2013-08-01,FLAVORED MIST,10,210.83140949999998
2013-08-01,GREEN SMOKE,8,3566
2013-08-01,IMPERIAL,2,79.966744
2013-08-01,KRAVE,6,29796
2013-08-01,LOGIC,13,113732.4
2013-08-01,MARKTEN,4,244.8
2013-08-01,MISTIC,16,46438.5
2013-08-01,NEO,5,7416
2013-08-01,NICOTEK,21,197221.694211
2013-08-01,NJOY,19,188309.4
2013-08-01,QUIK E-CIG,2,75
2013-08-01,V2 CIGS,5,939
2013-08-01,VUSE,5,2165
2013-09-01,21ST CENTURY SMOKE,11,161750.69999999998
2013-09-01,BLU,17,1000716
2013-09-01,CIG2O,5,122
2013-09-01,E SWISHER,8,771
2013-09-01,FINITI,29,163840.5
2013-09-01,FLAVORED MIST,9,221.63140950000002
2013-09-01,GREEN SMOKE,8,2830
2013-09-01,IMPERIAL,4,139.941802
2013-09-01,KRAVE,6,25712
2013-09-01,LOGIC,12,90868.65
2013-09-01,MARKTEN,4,694.4000000000001
2013-09-01,MISTIC,16,44773.5
2013-09-01,NEO,5,5414
2013-09-01,NICOTEK,21,120669.45746
2013-09-01,NJOY,20,137228.4
2013-09-01,QUIK E-CIG,2,140
2013-09-01,V2 CIGS,5,1299
2013-09-01,VUSE,5,2296.5
2013-10-01,21ST CENTURY SMOKE,11,161850.6
2013-10-01,BLU,17,882898
2013-10-01,CIG2O,7,164
2013-10-01,E SWISHER,7,679
2013-10-01,FINITI,30,168825.5
2013-10-01,FLAVORED MIST,4,55.7812935
2013-10-01,GREEN SMOKE,8,3018
2013-10-01,IMPERIAL,2,39.983372
2013-10-01,KRAVE,6,27910
2013-10-01,LOGIC,12,88743.25
2013-10-01,MARKTEN,4,689.6000000000001
2013-10-01,MISTIC,16,49880.5
2013-10-01,NEO,5,4126.5
2013-10-01,NICOTEK,21,108182.32163299999
2013-10-01,NJOY,19,130665.4
2013-10-01,QUIK E-CIG,2,70
2013-10-01,V2 CIGS,5,1494
2013-10-01,VUSE,5,7656.5
2013-11-01,21ST CENTURY SMOKE,11,203702.4
2013-11-01,BLU,17,1057523
2013-11-01,CIG2O,7,165
2013-11-01,E SWISHER,8,951
2013-11-01,FINITI,30,243548.5
2013-11-01,FLAVORED MIST,8,208.13140950000002
2013-11-01,GREEN SMART LIVING,1,20
2013-11-01,GREEN SMOKE,8,3711
2013-11-01,IMPERIAL,2,39.983372
2013-11-01,KRAVE,6,34734
2013-11-01,LOGIC,13,110099.5
2013-11-01,MARKTEN,4,939.2000000000002
2013-11-01,MISTIC,16,67383.5
2013-11-01,NEO,5,3846
2013-11-01,NICOTEK,21,124517.24081299998
2013-11-01,NJOY,20,197694.4
2013-11-01,QUIK E-CIG,2,75
2013-11-01,V2 CIGS,5,2065
2013-11-01,VUSE,5,12749
2013-12-01,21ST CENTURY SMOKE,14,160808.4
2013-12-01,BLU,19,833114
2013-12-01,CIG2O,7,146
2013-12-01,E SWISHER,8,769
2013-12-01,FINITI,31,225601
2013-12-01,FLAVORED MIST,9,221.9189385
2013-12-01,GREEN SMART LIVING,3,27
2013-12-01,GREEN SMOKE,8,2478
2013-12-01,IMPERIAL,1,19.991686
2013-12-01,KRAVE,6,30490
2013-12-01,LOGIC,12,94523.3
2013-12-01,MARKTEN,4,736
2013-12-01,MISTIC,16,59808.5
2013-12-01,NEO,5,2768
2013-12-01,NICOTEK,21,88133.22689299998
2013-12-01,NJOY,22,182551.2
2013-12-01,QUIK E-CIG,2,40
2013-12-01,V2 CIGS,5,1741
2013-12-01,VUSE,5,10565.5
2014-01-01,21ST CENTURY SMOKE,13,171073.8
2014-01-01,AL CAPONE,1,201
2014-01-01,BLU,20,890670
2014-01-01,CIG2O,7,253
2014-01-01,E SWISHER,8,658
2014-01-01,FINITI,30,255023.75
2014-01-01,FLAVORED MIST,8,201.237645
2014-01-01,GREEN SMART LIVING,3,43.5
2014-01-01,GREEN SMOKE,10,2536
2014-01-01,KRAVE,6,36336
2014-01-01,LOGIC,12,99718.65
2014-01-01,MARKTEN,8,9268.800000000001
2014-01-01,MISTIC,18,70350.5
2014-01-01,NEO,6,3415.5
2014-01-01,NICOTEK,21,87058.170532
2014-01-01,NJOY,22,228817.2
2014-01-01,QUIK E-CIG,2,90
2014-01-01,V2 CIGS,6,2272
2014-01-01,VAPOR X,4,26
2014-01-01,VUSE,5,12429.5
2014-02-01,21ST CENTURY SMOKE,14,173655.90000000002
2014-02-01,AL CAPONE,1,233
2014-02-01,BLU,19,853966
2014-02-01,CIG2O,7,246
2014-02-01,E SWISHER,8,682
2014-02-01,FINITI,29,249627.75
2014-02-01,FLAVORED MIST,5,125.06258700000001
2014-02-01,GREEN SMART LIVING,3,72
2014-02-01,GREEN SMOKE,10,3367
2014-02-01,IMPERIAL,1,19.991686
2014-02-01,KRAVE,6,36680
2014-02-01,LOGIC,11,102530.2
2014-02-01,MARKTEN,8,8780.800000000001
2014-02-01,MISTIC,18,71468.5
2014-02-01,NEO,6,2936.5
2014-02-01,NICOTEK,21,84921.74004100001
2014-02-01,NJOY,22,236573.6
2014-02-01,QUIK E-CIG,2,65
2014-02-01,V2 CIGS,6,2349
2014-02-01,VAPOR X,4,56
2014-02-01,VUSE,7,15071.5
2014-03-01,21ST CENTURY SMOKE,14,212613.30000000002
2014-03-01,AL CAPONE,1,295
2014-03-01,BLU,19,999307
2014-03-01,CIG2O,6,275
2014-03-01,E SWISHER,8,669
2014-03-01,FINITI,29,386771.25
2014-03-01,FLAVORED MIST,2,89.962587
2014-03-01,GREEN SMART LIVING,2,100
2014-03-01,GREEN SMOKE,9,4506
2014-03-01,IMPERIAL,2,79.966744
2014-03-01,KRAVE,6,43456
2014-03-01,LOGIC,11,134398.25
2014-03-01,MARKTEN,8,7049.600000000001
2014-03-01,MISTIC,22,84396.5
2014-03-01,NEO,6,3637.5
2014-03-01,NICOTEK,21,114331.62693099998
2014-03-01,NJOY,25,271425.2
2014-03-01,QUIK E-CIG,2,45
2014-03-01,V2 CIGS,8,3068
2014-03-01,VAPOR X,4,88
2014-03-01,VUSE,7,20114
2014-04-01,21ST CENTURY SMOKE,14,170955.90000000005
2014-04-01,AL CAPONE,1,207
2014-04-01,BLU,19,682595
2014-04-01,CIG2O,5,110
2014-04-01,E SWISHER,8,414
2014-04-01,FINITI,29,286748
2014-04-01,FLAVORED MIST,4,107.6563515
2014-04-01,GREEN SMART LIVING,3,84
2014-04-01,GREEN SMOKE,9,3716
2014-04-01,IMPERIAL,1,19.991686
2014-04-01,KRAVE,6,31666
2014-04-01,LOGIC,11,108299.5
2014-04-01,MARKTEN,10,4868.799999999999
2014-04-01,MISTIC,27,66467.5
2014-04-01,NEO,6,1847
2014-04-01,NICOTEK,24,86590.37238800002
2014-04-01,NJOY,22,163016.8
2014-04-01,QUIK E-CIG,1,15
2014-04-01,V2 CIGS,8,3294
2014-04-01,VAPOR X,4,46
2014-04-01,VUSE,7,15871.5
2014-05-01,21ST CENTURY SMOKE,13,194649.30000000002
2014-05-01,AL CAPONE,1,277
2014-05-01,BLU,20,761620
2014-05-01,CIG2O,5,109
2014-05-01,E SWISHER,8,718
2014-05-01,FINITI,30,341815.25
2014-05-01,FLAVORED MIST,7,242.60023199999998
2014-05-01,GREEN SMART LIVING,2,100
2014-05-01,GREEN SMOKE,10,4775
2014-05-01,IMPERIAL,1,19.991686
2014-05-01,KRAVE,6,35976
2014-05-01,LOGIC,12,137610.1
2014-05-01,MARKTEN,10,4854.4000000000005
2014-05-01,MISTIC,27,88118.5
2014-05-01,NEO,6,3056.5
2014-05-01,NICOTEK,25,100726.37055099999
2014-05-01,NJOY,21,163423.4
2014-05-01,QUIK E-CIG,2,40
2014-05-01,V2 CIGS,8,4360
2014-05-01,VAPIN PLUS,1,145.324179
2014-05-01,VAPOR X,3,30
2014-05-01,VUSE,7,19717
2014-06-01,21ST CENTURY SMOKE,13,144829.80000000002
2014-06-01,AL CAPONE,1,137
2014-06-01,BLU,20,563343
2014-06-01,CIG2O,6,72
2014-06-01,E SWISHER,8,505
2014-06-01,FINITI,30,359971.25
2014-06-01,FLAVORED MIST,5,149.937645
2014-06-01,GREEN SMART LIVING,3,99
2014-06-01,GREEN SMOKE,9,4032
2014-06-01,KRAVE,6,30450
2014-06-01,LOGIC,11,121474.6
2014-06-01,MARKTEN,12,18853.600000000002
2014-06-01,MISTIC,27,89277
2014-06-01,NEO,6,1726.5
2014-06-01,NICOTEK,25,74243.91647200001
2014-06-01,NJOY,21,113177
2014-06-01,QUIK E-CIG,3,20
2014-06-01,V2 CIGS,8,3727
2014-06-01,VAPIN PLUS,1,553.61592
2014-06-01,VAPOR X,4,46
2014-06-01,VUSE,9,18738
2014-07-01,21ST CENTURY SMOKE,13,136539.9
2014-07-01,AL CAPONE,1,75
2014-07-01,BLU,21,531621
2014-07-01,CIG2O,6,108
2014-07-01,E SWISHER,8,320
2014-07-01,FINITI,31,241557
2014-07-01,FLAVORED MIST,1,29.987529
2014-07-01,GREEN SMART LIVING,3,210
2014-07-01,GREEN SMOKE,8,3921
2014-07-01,IMPERIAL,1,19.991686
2014-07-01,KRAVE,6,35122
2014-07-01,LOGIC,12,133165.2
2014-07-01,MARKTEN,12,38914.40000000001
2014-07-01,MISTIC,28,96084.5
2014-07-01,NEO,6,1288.5
2014-07-01,NICOTEK,22,68867.55665
2014-07-01,NJOY,22,106660.6
2014-07-01,QUIK E-CIG,2,45
2014-07-01,V2 CIGS,8,3911
2014-07-01,VAPIN PLUS,1,2844.2017889999997
2014-07-01,VAPOR X,3,38
2014-07-01,VUSE,9,24747.5
2014-08-01,21ST CENTURY SMOKE,13,166205.70000000004
2014-08-01,AL CAPONE,1,72
2014-08-01,BLU,21,616258
2014-08-01,CIG2O,9,159
2014-08-01,E SWISHER,8,150
2014-08-01,FINITI,35,293565.4
2014-08-01,FLAVORED MIST,4,104.9563515
2014-08-01,GREEN SMART LIVING,3,288
2014-08-01,GREEN SMOKE,9,4937
2014-08-01,KRAVE,8,38512
2014-08-01,LOGIC,11,186122.1
2014-08-01,MARKTEN,12,46121.600000000006
2014-08-01,MISTIC,29,160418
2014-08-01,NEO,6,923
2014-08-01,NICOTEK,24,85303.23288699999
2014-08-01,NJOY,38,155910.820805
2014-08-01,QUIK E-CIG,1,15
2014-08-01,V2 CIGS,8,4795
2014-08-01,VAPIN PLUS,1,3550.062087
2014-08-01,VAPOR X,4,48
2014-08-01,VUSE,9,36022.5
2014-09-01,21ST CENTURY SMOKE,12,127237.50000000001
2014-09-01,AL CAPONE,1,46
2014-09-01,BLU,22,460895
2014-09-01,CIG2O,5,102
2014-09-01,E SWISHER,7,84
2014-09-01,FINITI,36,215491.25
2014-09-01,FLAVORED MIST,4,104.9563515
2014-09-01,GREEN SMART LIVING,3,211
2014-09-01,GREEN SMOKE,7,3567
2014-09-01,KRAVE,8,32476
2014-09-01,LOGIC,11,172536.4
2014-09-01,MARKTEN,12,43532
2014-09-01,MISTIC,28,243163.5
2014-09-01,NEO,5,504.5
2014-09-01,NICOTEK,23,67308.604697
2014-09-01,NJOY,37,151478.05423500002
2014-09-01,QUIK E-CIG,2,10
2014-09-01,V2 CIGS,8,3929
2014-09-01,VAPIN PLUS,1,2869.575852
2014-09-01,VAPOR X,3,54
2014-09-01,VUSE,9,43662
2014-10-01,21ST CENTURY SMOKE,12,127893.6
2014-10-01,AL CAPONE,1,38
2014-10-01,BLU,21,442074
2014-10-01,CIG2O,10,178
2014-10-01,E SWISHER,6,65
2014-10-01,FINITI,35,355911.25
2014-10-01,GREEN SMART LIVING,4,720
2014-10-01,GREEN SMOKE,9,4066
2014-10-01,KRAVE,8,32620
2014-10-01,LOGIC,11,188828.6
2014-10-01,MARKTEN,12,49755.2
2014-10-01,MISTIC,31,253951
2014-10-01,NEO,6,802
2014-10-01,NICOTEK,24,60527.915988999994
2014-10-01,NJOY,38,170403.88357499999
2014-10-01,QUIK E-CIG,2,30
2014-10-01,V2 CIGS,8,3515
2014-10-01,VAPIN PLUS,1,4066.770279
2014-10-01,VAPOR X,3,40
2014-10-01,VUSE,9,52716
2014-11-01,21ST CENTURY SMOKE,12,159408.00000000006
2014-11-01,AL CAPONE,1,56
2014-11-01,BLU,27,522699
2014-11-01,CIG2O,11,165
2014-11-01,E SWISHER,5,82
2014-11-01,FINITI,33,468380.5
2014-11-01,FLAVORED MIST,3,164.9314095
2014-11-01,GREEN SMART LIVING,4,3294
2014-11-01,GREEN SMOKE,9,4836
2014-11-01,KRAVE,8,39260
2014-11-01,LOGIC,13,254562.1
2014-11-01,MARKTEN,11,33928.8
2014-11-01,MISTIC,37,338600
2014-11-01,NEO,6,1893
2014-11-01,NICOTEK,28,105072.07917299999
2014-11-01,NJOY,43,215691.96506
2014-11-01,QUIK E-CIG,2,20
2014-11-01,V2 CIGS,8,4288
2014-11-01,VAPIN PLUS,1,6675.685302
2014-11-01,VAPOR X,3,28
2014-11-01,VUSE,9,56276.5
2014-11-01,ZIG-ZAG,1,1.4
2014-12-01,21ST CENTURY SMOKE,11,127992.6
2014-12-01,AL CAPONE,1,42
2014-12-01,BLU,26,429141
2014-12-01,CIG2O,5,103
2014-12-01,E SWISHER,5,58
2014-12-01,FINITI,33,312261.55000000005
2014-12-01,FLAVORED MIST,2,29.987529
2014-12-01,GREEN SMART LIVING,4,2664
2014-12-01,GREEN SMOKE,7,3991
2014-12-01,KRAVE,10,30036
2014-12-01,LOGIC,11,211655.2
2014-12-01,MARKTEN,10,18908.8
2014-12-01,MISTIC,37,344071.5
2014-12-01,NEO,6,929.5
2014-12-01,NICOTEK,26,201379.60710400005
2014-12-01,NJOY,39,177586.92105
2014-12-01,QUIK E-CIG,2,10
2014-12-01,V2 CIGS,8,4923
2014-12-01,VAPIN PLUS,1,5213.21658
2014-12-01,VAPOR X,4,66
2014-12-01,VUSE,10,39685.5
2015-01-01,21ST CENTURY SMOKE,11,156786.3
2015-01-01,AL CAPONE,1,27
2015-01-01,BLU,26,542065
2015-01-01,CIG2O,7,112
2015-01-01,E SWISHER,6,92
2015-01-01,FAZE,1,19.991686
2015-01-01,FINITI,43,308929.9
2015-01-01,FLAVORED MIST,2,29.987529
2015-01-01,GREEN SMART LIVING,4,2625
2015-01-01,GREEN SMOKE,8,5239
2015-01-01,KRAVE,10,38642
2015-01-01,LOGIC,12,265529.95
2015-01-01,MARKTEN,12,70256
2015-01-01,MISTIC,37,547400
2015-01-01,NEO,6,1419.5
2015-01-01,NICOTEK,22,79969.57656399999
2015-01-01,NJOY,41,228228.102335
2015-01-01,QUIK E-CIG,2,10
2015-01-01,V2 CIGS,8,7176
2015-01-01,VAPIN PLUS,7,76442.82488700001
2015-01-01,VAPOR X,4,110
2015-01-01,VUSE,13,51761.5
2015-02-01,21ST CENTURY SMOKE,11,121946.40000000002
2015-02-01,AL CAPONE,1,8
2015-02-01,BLU,25,412090
2015-02-01,CIG2O,7,225
2015-02-01,E SWISHER,4,18
2015-02-01,FINITI,39,230778.75
2015-02-01,FLAVORED MIST,2,44.9812935
2015-02-01,GREEN SMART LIVING,4,1931
2015-02-01,GREEN SMOKE,6,4385
2015-02-01,KRAVE,10,29266
2015-02-01,LOGIC,11,213797.15
2015-02-01,MARKTEN,9,65889.6
2015-02-01,MISTIC,36,417490
2015-02-01,NEO,6,768
2015-02-01,NICOTEK,24,45095.688707999994
2015-02-01,NJOY,41,204529.64938999998
2015-02-01,QUIK E-CIG,1,5
2015-02-01,V2 CIGS,8,6363
2015-02-01,VAPIN PLUS,5,69054.359088
2015-02-01,VAPOR X,3,54
2015-02-01,VUSE,12,45560
2015-02-01,ZIG-ZAG,1,1.4
2015-03-01,21ST CENTURY SMOKE,11,119996.1
2015-03-01,AL CAPONE,1,11
2015-03-01,BLU,26,407331
2015-03-01,CIG2O,7,181
2015-03-01,E SWISHER,3,14
2015-03-01,FINITI,38,260586.8
2015-03-01,FLAVORED MIST,1,14.9937645
2015-03-01,GREEN SMART LIVING,4,2002
2015-03-01,GREEN SMOKE,6,3741
2015-03-01,KRAVE,9,29126
2015-03-01,LOGIC,14,210692.9
2015-03-01,MARKTEN,8,55431.2
2015-03-01,MISTIC,34,405684.5
2015-03-01,NEO,6,609.5
2015-03-01,NICOTEK,21,43645.36214199999
2015-03-01,NJOY,46,193449.3451
2015-03-01,QUIK E-CIG,1,10
2015-03-01,V2 CIGS,8,6464
2015-03-01,VAPIN PLUS,9,65413.1810475
2015-03-01,VAPOR X,5,58
2015-03-01,VUSE,12,48427
2015-03-01,ZIG-ZAG,1,1.4
2015-04-01,21ST CENTURY SMOKE,10,122473.8
2015-04-01,AL CAPONE,1,8
2015-04-01,BLU,28,418101
2015-04-01,CIG2O,6,174
2015-04-01,E SWISHER,2,12
2015-04-01,FINITI,37,239418.69999999998
2015-04-01,GREEN SMART LIVING,4,1994
2015-04-01,GREEN SMOKE,6,3992
2015-04-01,KRAVE,10,25250
2015-04-01,LOGIC,16,197398.3
2015-04-01,MARKTEN,8,45453.600000000006
2015-04-01,MISTIC,33,405400.5
2015-04-01,NEO,6,815.5
2015-04-01,NICOTEK,24,42157.26653100001
2015-04-01,NJOY,45,201436.817605
2015-04-01,V2 CIGS,8,6620
2015-04-01,VAPIN PLUS,9,63558.5677155
2015-04-01,VAPOR X,4,56
2015-04-01,VUSE,12,55131.5
2015-04-01,ZIG-ZAG,5,36.4
2015-05-01,21ST CENTURY SMOKE,12,150123.6
2015-05-01,AL CAPONE,1,11
2015-05-01,BLU,26,533387
2015-05-01,CIG2O,4,208
2015-05-01,E SWISHER,5,31
2015-05-01,FINITI,43,262977.80000000005
2015-05-01,GREEN SMART LIVING,4,2218
2015-05-01,GREEN SMOKE,6,4960
2015-05-01,KRAVE,10,33360
2015-05-01,LOGIC,14,238467.15
2015-05-01,MARKTEN,9,50868.8
2015-05-01,MISTIC,34,502313
2015-05-01,NEO,6,972.5
2015-05-01,NICOTEK,23,49409.609725
2015-05-01,NJOY,47,242086.98177499996
2015-05-01,QUIK E-CIG,2,15
2015-05-01,V2 CIGS,8,7954
2015-05-01,VAPIN PLUS,11,77458.9407735
2015-05-01,VAPOR X,3,46
2015-05-01,VUSE,13,66397.5
2015-05-01,ZIG-ZAG,5,60.199999999999996
2015-06-01,21ST CENTURY SMOKE,11,112195.80000000002
2015-06-01,AL CAPONE,1,8
2015-06-01,BLU,25,430889
2015-06-01,CIG2O,7,179
2015-06-01,E SWISHER,3,21
2015-06-01,FINITI,43,217851
2015-06-01,FLAVORED MIST,2,59.975058
2015-06-01,GREEN SMART LIVING,4,1955
2015-06-01,GREEN SMOKE,4,4098
2015-06-01,KRAVE,10,25904
2015-06-01,LOGIC,15,178815.35
2015-06-01,MARKTEN,7,37697.600000000006
2015-06-01,MISTIC,31,402654
2015-06-01,NEO,6,444.5
2015-06-01,NICOTEK,21,37952.166762999994
2015-06-01,NJOY,46,204435.03961
2015-06-01,QUIK E-CIG,1,5
2015-06-01,V2 CIGS,8,6335
2015-06-01,VAPIN PLUS,9,59845.880952
2015-06-01,VAPOR X,3,46
2015-06-01,VUSE,10,51381.5
2015-06-01,ZIG-ZAG,5,40.599999999999994
2015-07-01,21ST CENTURY SMOKE,10,81098.1
2015-07-01,AL CAPONE,1,6
2015-07-01,BLU,26,424630
2015-07-01,CIG2O,6,88
2015-07-01,E SWISHER,6,29
2015-07-01,FINITI,43,214782.25000000003
2015-07-01,GREEN SMART LIVING,4,1843
2015-07-01,GREEN SMOKE,8,4781
2015-07-01,KRAVE,10,25542
2015-07-01,LOGIC,14,175809.8
2015-07-01,MARKTEN,9,36808
2015-07-01,MISTIC,34,605507
2015-07-01,NEO,5,368.5
2015-07-01,NICOTEK,22,37761.14597800001
2015-07-01,NJOY,47,212576.09135499995
2015-07-01,QUIK E-CIG,2,15
2015-07-01,V2 CIGS,8,8408
2015-07-01,VAPIN PLUS,9,60611.71630800001
2015-07-01,VAPOR X,3,80
2015-07-01,VUSE,10,53547
2015-07-01,ZIG-ZAG,5,57.400000000000006
2015-08-01,21ST CENTURY SMOKE,11,111042.9
2015-08-01,AL CAPONE,1,1
2015-08-01,BLU,26,506178
2015-08-01,CIG2O,6,144
2015-08-01,E SWISHER,4,50
2015-08-01,FINITI,44,273839.55
2015-08-01,GREEN SMART LIVING,4,2165
2015-08-01,GREEN SMOKE,8,8198
2015-08-01,KRAVE,10,26328
2015-08-01,LOGIC,14,238783.8
2015-08-01,MARKTEN,6,47784
2015-08-01,MISTIC,37,759540
2015-08-01,NEO,6,377
2015-08-01,NICOTEK,26,47351.223124000004
2015-08-01,NJOY,48,290454.347235
2015-08-01,V2 CIGS,8,8749
2015-08-01,VAPIN PLUS,11,76337.86853549999
2015-08-01,VAPOR X,3,54
2015-08-01,VUSE,10,67679.5
2015-08-01,ZIG-ZAG,5,42
2015-09-01,21ST CENTURY SMOKE,10,96267.59999999999
2015-09-01,AL CAPONE,1,2
2015-09-01,BLU,25,385701
2015-09-01,CIG2O,4,80
2015-09-01,E SWISHER,4,36
2015-09-01,FINITI,42,175853.75
2015-09-01,FLAVORED MIST,1,29.987529
2015-09-01,GREEN SMART LIVING,4,1209
2015-09-01,GREEN SMOKE,8,10256
2015-09-01,KRAVE,10,18614
2015-09-01,LOGIC,15,193511.3
2015-09-01,MARKTEN,6,38471.2
2015-09-01,MISTIC,40,449229
2015-09-01,NEO,6,795
2015-09-01,NICOTEK,21,37166.692865
2015-09-01,NJOY,49,247722.5956
2015-09-01,QUIK E-CIG,1,5
2015-09-01,V2 CIGS,7,3385
2015-09-01,VAPIN PLUS,10,60821.629011000005
2015-09-01,VAPOR X,3,28
2015-09-01,VUSE,10,59166.5
2015-09-01,ZIG-ZAG,5,40.599999999999994
2015-10-01,21ST CENTURY SMOKE,10,122963.4
2015-10-01,AL CAPONE,1,2
2015-10-01,BLU,25,468989
2015-10-01,CIG2O,5,127
2015-10-01,E SWISHER,2,8
2015-10-01,FAZE,1,29.987529000000002
2015-10-01,FINITI,41,216044.69999999998
2015-10-01,GREEN SMART LIVING,4,604
2015-10-01,GREEN SMOKE,7,15513
2015-10-01,JUUL,3,19.599999999999998
2015-10-01,KRAVE,9,21212
2015-10-01,LOGIC,26,259719.45
2015-10-01,MARKTEN,13,47996.8
2015-10-01,MISTIC,38,607966
2015-10-01,NEO,6,400.5
2015-10-01,NICOTEK,23,45164.439287999994
2015-10-01,NJOY,49,274746.54420999996
2015-10-01,V2 CIGS,8,4343
2015-10-01,VAPIN PLUS,10,73228.39245150001
2015-10-01,VAPOR X,4,20
2015-10-01,VUSE,11,84932.5
2015-10-01,ZIG-ZAG,5,57.4
2015-11-01,21ST CENTURY SMOKE,9,98690.4
2015-11-01,AL CAPONE,1,2
2015-11-01,BLU,23,371102
2015-11-01,CIG2O,6,90
2015-11-01,E SWISHER,1,2
2015-11-01,FINITI,40,168716.95
2015-11-01,FLAVORED MIST,1,14.9937645
2015-11-01,GREEN SMART LIVING,4,232
2015-11-01,GREEN SMOKE,7,13255
2015-11-01,JUUL,4,109.19999999999999
2015-11-01,KRAVE,10,17290
2015-11-01,LOGIC,28,198056.6
2015-11-01,MARKTEN,12,39910.4
2015-11-01,MISTIC,39,521507
2015-11-01,NEO,5,304
2015-11-01,NICOTEK,22,35143.07946600001
2015-11-01,NJOY,51,268291.94461
2015-11-01,QUIK E-CIG,1,15
2015-11-01,V2 CIGS,8,3342
2015-11-01,VAPIN PLUS,10,55476.928649999994
2015-11-01,VAPOR X,4,14
2015-11-01,VUSE,10,74702.5
2015-11-01,ZIG-ZAG,5,37.8
2015-12-01,21ST CENTURY SMOKE,8,100773.00000000001
2015-12-01,AL CAPONE,1,3
2015-12-01,BLU,24,375031
2015-12-01,CIG2O,3,42
2015-12-01,E SWISHER,2,18
2015-12-01,FAZE,1,9.995843
2015-12-01,FINITI,39,189567.79999999996
2015-12-01,FLAVORED MIST,1,29.987529
2015-12-01,GREEN SMART LIVING,4,98
2015-12-01,GREEN SMOKE,7,11988
2015-12-01,JUUL,4,159.6
2015-12-01,KRAVE,9,18154
2015-12-01,LOGIC,28,201210.2
2015-12-01,MARKTEN,13,37760.80000000001
2015-12-01,MISTIC,39,534852.5
2015-12-01,NEO,6,423
2015-12-01,NICOTEK,21,34634.075309000014
2015-12-01,NJOY,50,246711.452145
2015-12-01,V2 CIGS,8,3218
2015-12-01,VAPIN PLUS,9,54144.7903425
2015-12-01,VAPOR X,2,6
2015-12-01,VUSE,10,79045.5
2015-12-01,ZIG-ZAG,4,30.799999999999997
2016-01-01,21ST CENTURY SMOKE,10,129266.5503765
2016-01-01,AL CAPONE,1,6
2016-01-01,BLU,25,471381
2016-01-01,CIG2O,3,19
2016-01-01,E SWISHER,1,2
2016-01-01,FINITI,37,222970.65000000002
2016-01-01,GREEN SMART LIVING,4,153
2016-01-01,GREEN SMOKE,10,13145
2016-01-01,JUUL,5,394.79999999999995
2016-01-01,KRAVE,10,23232
2016-01-01,LOGIC,29,261648.4
2016-01-01,MARKTEN,12,43566.4
2016-01-01,MISTIC,41,640153
2016-01-01,NEO,6,1182.5
2016-01-01,NICOTEK,24,41617.730277999995
2016-01-01,NJOY,50,360093.02974
2016-01-01,V2 CIGS,8,3715
2016-01-01,VAPIN PLUS,12,74080.73029500002
2016-01-01,VAPOR X,1,2
2016-01-01,VUSE,12,102398
2016-01-01,ZIG-ZAG,5,39.2
2016-02-01,21ST CENTURY SMOKE,9,114455.17003950001
2016-02-01,AL CAPONE,1,2
2016-02-01,BLU,26,402260
2016-02-01,CIG2O,3,47
2016-02-01,E SWISHER,3,10
2016-02-01,FINITI,37,155737.15000000002
2016-02-01,GREEN SMART LIVING,4,178
2016-02-01,GREEN SMOKE,9,10035
2016-02-01,JUUL,5,288.4
2016-02-01,KRAVE,9,19118
2016-02-01,LOGIC,29,220628.2
2016-02-01,MARKTEN,13,29126.4
2016-02-01,MISTIC,40,611199
2016-02-01,NEO,6,976
2016-02-01,NICOTEK,23,34798.312258000005
2016-02-01,NJOY,50,323317.79226500005
2016-02-01,QUIK E-CIG,1,5
2016-02-01,V2 CIGS,8,2814
2016-02-01,VAPIN PLUS,10,52480.48248299999
2016-02-01,VAPOR X,4,10
2016-02-01,VUSE,12,85234
2016-02-01,ZIG-ZAG,5,32.199999999999996
2016-03-01,21ST CENTURY SMOKE,9,115553.67027150001
2016-03-01,AL CAPONE,1,7
2016-03-01,BLU,23,405671
2016-03-01,CIG2O,4,16
2016-03-01,E SWISHER,6,25
2016-03-01,FINITI,39,160162.95000000004
2016-03-01,GREEN SMART LIVING,3,70
2016-03-01,GREEN SMOKE,9,9078
2016-03-01,JUUL,5,450.79999999999995
2016-03-01,KRAVE,9,19478
2016-03-01,LOGIC,40,232134.6
2016-03-01,MARKTEN,13,20713.600000000002
2016-03-01,MISTIC,40,554268
2016-03-01,NEO,6,748
2016-03-01,NICOTEK,23,33032.407869
2016-03-01,NJOY,52,310753.90469
2016-03-01,QUIK E-CIG,1,5
2016-03-01,V2 CIGS,8,2740
2016-03-01,VAPIN PLUS,10,36119.978680500004
2016-03-01,VAPOR X,1,2
2016-03-01,VUSE,10,86105
2016-03-01,ZIG-ZAG,5,30.799999999999997
2016-04-01,21ST CENTURY SMOKE,10,143159.8864545
2016-04-01,AL CAPONE,1,2
2016-04-01,BLU,27,509767
2016-04-01,CIG2O,3,29
2016-04-01,E SWISHER,3,12
2016-04-01,FINITI,38,203453.44999999998
2016-04-01,GREEN SMART LIVING,4,177.5
2016-04-01,GREEN SMOKE,9,11838
2016-04-01,JUUL,5,719.5999999999999
2016-04-01,KRAVE,10,22914
2016-04-01,LOGIC,45,247845.5
2016-04-01,MARKTEN,12,30218.399999999998
2016-04-01,MISTIC,38,701812.5
2016-04-01,NEO,6,1006.5
2016-04-01,NICOTEK,22,38483.362142000005
2016-04-01,NJOY,49,409562.33972
2016-04-01,V2 CIGS,8,3609
2016-04-01,VAPIN PLUS,10,33348.438981
2016-04-01,VAPOR X,1,2
2016-04-01,VUSE,11,110274
2016-04-01,ZIG-ZAG,5,51.8
2016-05-01,21ST CENTURY SMOKE,9,117502.677435
2016-05-01,AL CAPONE,1,2
2016-05-01,BLU,23,415218
2016-05-01,CIG2O,3,17
2016-05-01,E SWISHER,2,5
2016-05-01,FINITI,37,162791.2
2016-05-01,GREEN SMART LIVING,4,107
2016-05-01,GREEN SMOKE,9,9747
2016-05-01,JUUL,5,705.5999999999999
2016-05-01,KRAVE,10,16008
2016-05-01,LOGIC,45,175149.95
2016-05-01,MARKTEN,12,65021.6
2016-05-01,MISTIC,41,604154
2016-05-01,NEO,6,657.5
2016-05-01,NICOTEK,21,28188.34135700001
2016-05-01,NJOY,53,365978.4998
2016-05-01,V2 CIGS,8,2438
2016-05-01,VAPIN PLUS,10,23271.475870500002
2016-05-01,VAPOR X,2,4
2016-05-01,VUSE,10,90291
2016-05-01,ZIG-ZAG,5,35
2016-06-01,21ST CENTURY SMOKE,9,118443.35965649999
2016-06-01,AL CAPONE,1,6
2016-06-01,BLU,27,413212
2016-06-01,CIG2O,6,37
2016-06-01,E SWISHER,3,16
2016-06-01,FINITI,38,162605.05
2016-06-01,GREEN SMART LIVING,2,50
2016-06-01,GREEN SMOKE,9,9480
2016-06-01,JUUL,5,781.1999999999999
2016-06-01,KRAVE,10,15802
2016-06-01,LOGIC,46,164456.19999999998
2016-06-01,MARKTEN,12,58661.6
2016-06-01,MISTIC,39,556677
2016-06-01,NEO,6,783.5
2016-06-01,NICOTEK,22,26969.299787000004
2016-06-01,NJOY,54,380775.28228499996
2016-06-01,QUIK E-CIG,1,5
2016-06-01,V2 CIGS,8,3086
2016-06-01,VAPIN PLUS,10,12578.615049
2016-06-01,VAPOR X,1,2
2016-06-01,VUSE,11,91642.5
2016-06-01,ZIG-ZAG,5,47.599999999999994
2016-07-01,21ST CENTURY SMOKE,10,158924.40011400005
2016-07-01,AL CAPONE,1,4
2016-07-01,BLU,26,551051
2016-07-01,CIG2O,4,61
2016-07-01,E SWISHER,5,34
2016-07-01,FINITI,39,210113.25000000003
2016-07-01,GREEN SMART LIVING,3,185
2016-07-01,GREEN SMOKE,13,8123
2016-07-01,JUUL,5,1100.4
2016-07-01,KRAVE,9,15638
2016-07-01,LOGIC,44,200985.84999999998
2016-07-01,MARKTEN,14,67374.4
2016-07-01,MISTIC,39,634692
2016-07-01,NEO,6,269
2016-07-01,NICOTEK,21,33076.701179
2016-07-01,NJOY,53,493602.467215
2016-07-01,V2 CIGS,8,3390
2016-07-01,VAPIN PLUS,11,6400.0307084999995
2016-07-01,VUSE,12,119139.5
2016-07-01,ZIG-ZAG,5,54.599999999999994
2016-08-01,21ST CENTURY SMOKE,9,126769.221576
2016-08-01,AL CAPONE,1,3
2016-08-01,BLU,26,471965
2016-08-01,CIG2O,4,38
2016-08-01,E SWISHER,7,56
2016-08-01,FINITI,37,164822.89999999997
2016-08-01,GREEN SMART LIVING,4,386
2016-08-01,GREEN SMOKE,10,7426
2016-08-01,IMPERIAL,1,19.991686
2016-08-01,JUUL,5,1394.3999999999999
2016-08-01,KRAVE,9,9206
2016-08-01,LOGIC,42,175626.09999999998
2016-08-01,MARKTEN,12,49467.200000000004
2016-08-01,MISTIC,40,520212.5
2016-08-01,NEO,5,38.5
2016-08-01,NICOTEK,23,24863.474381000004
2016-08-01,NJOY,51,382749.412225
2016-08-01,V2 CIGS,8,2400
2016-08-01,VAPIN PLUS,11,4870.6667295
2016-08-01,VUSE,10,96274.5
2016-08-01,ZIG-ZAG,5,37.8
2016-09-01,21ST CENTURY SMOKE,9,120462.117864
2016-09-01,AL CAPONE,1,8
2016-09-01,BLU,26,480306
2016-09-01,CIG2O,3,47
2016-09-01,E SWISHER,4,31
2016-09-01,FINITI,37,162436.5
2016-09-01,GREEN SMART LIVING,3,89
2016-09-01,GREEN SMOKE,11,9545
2016-09-01,IMPERIAL,3,99.95843
2016-09-01,JUUL,5,1654.8
2016-09-01,KRAVE,7,6306
2016-09-01,LOGIC,47,197783.96397899996
2016-09-01,MARKTEN,12,51294.4
2016-09-01,MISTIC,48,523975
2016-09-01,NICOTEK,22,24524.432811000006
2016-09-01,NJOY,57,370981.37475
2016-09-01,V2 CIGS,8,2417
2016-09-01,VAPIN PLUS,11,4643.453528999999
2016-09-01,VUSE,10,100029.5
2016-09-01,ZIG-ZAG,4,15.399999999999999
2016-10-01,21ST CENTURY SMOKE,9,149823.14213850003
2016-10-01,AL CAPONE,1,3
2016-10-01,BLU,28,544837
2016-10-01,CIG2O,3,33
2016-10-01,E SWISHER,1,2
2016-10-01,FAZE,1,9.995843
2016-10-01,FINITI,36,199636.49999999997
2016-10-01,GREEN SMART LIVING,4,132
2016-10-01,GREEN SMOKE,9,13913
2016-10-01,JUUL,5,2262.3999999999996
2016-10-01,KRAVE,6,6354
2016-10-01,LOGIC,48,336321.680875
2016-10-01,MARKTEN,12,68828.8
2016-10-01,MISTIC,47,639257
2016-10-01,NEO,2,37.5
2016-10-01,NICOTEK,21,27948.445282
2016-10-01,NJOY,50,328574.597155
2016-10-01,V2 CIGS,8,2729
2016-10-01,VAPIN PLUS,10,5938.6841085
2016-10-01,VUSE,10,123555.5
2016-10-01,ZIG-ZAG,5,36.4
2016-11-01,21ST CENTURY SMOKE,8,124419.372852
2016-11-01,BLU,25,423444
2016-11-01,CIG2O,3,48
2016-11-01,E SWISHER,1,1
2016-11-01,FINITI,37,153039.6
2016-11-01,GREEN SMART LIVING,4,43
2016-11-01,GREEN SMOKE,9,11706
2016-11-01,JUUL,5,2329.6
2016-11-01,KRAVE,6,3432
2016-11-01,LOGIC,45,319602.40771099995
2016-11-01,MARKTEN,13,57976.8
2016-11-01,MISTIC,48,519014.5
2016-11-01,NEO,1,7.5
2016-11-01,NICOTEK,21,20222.615719000005
2016-11-01,NJOY,55,184792.84970000002
2016-11-01,V2 CIGS,7,2290
2016-11-01,VAPIN PLUS,10,5212.0632135
2016-11-01,VAPOR X,1,2
2016-11-01,VUSE,13,103628.5
2016-11-01,ZIG-ZAG,5,36.4
2016-12-01,21ST CENTURY SMOKE,9,152542.175172
2016-12-01,AL CAPONE,1,1
2016-12-01,BLU,24,503014
2016-12-01,CIG2O,2,33
2016-12-01,E SWISHER,2,9
2016-12-01,FINITI,36,179796.15
2016-12-01,GREEN SMART LIVING,4,179
2016-12-01,GREEN SMOKE,10,15702
2016-12-01,JUUL,5,4006.7999999999993
2016-12-01,KRAVE,6,2942
2016-12-01,LOGIC,48,417675.033193
2016-12-01,MARKTEN,13,69288.00000000001
2016-12-01,MISTIC,46,657344
2016-12-01,NICOTEK,21,20221.362142
2016-12-01,NJOY,52,254901.86966
2016-12-01,V2 CIGS,6,2695
2016-12-01,VAPIN PLUS,11,7224.687755999999
2016-12-01,VUSE,14,135307.5
2016-12-01,ZIG-ZAG,5,41.99999999999999
2017-01-01,21ST CENTURY SMOKE,8,118329.819024
2017-01-01,BLU,25,401903
2017-01-01,FAZE,1,329.862819
2017-01-01,FINITI,37,136307.59999999998
2017-01-01,GREEN SMART LIVING,4,171
2017-01-01,GREEN SMOKE,10,11335
2017-01-01,JUUL,5,57565.2
2017-01-01,KRAVE,8,2174
2017-01-01,LOGIC,47,354366.681879
2017-01-01,MARKTEN,13,39663.2
2017-01-01,MISTIC,47,506476
2017-01-01,NICOTEK,23,12531.189868
2017-01-01,NJOY,55,228655.771905
2017-01-01,V2 CIGS,5,2275
2017-01-01,VAPIN PLUS,12,10755.142612499998
2017-01-01,VAPORIN,1,119.950116
2017-01-01,VUSE,13,108924
2017-01-01,ZIG-ZAG,6,21
2017-02-01,21ST CENTURY SMOKE,8,122186.74443000002
2017-02-01,AL CAPONE,1,1
2017-02-01,BLU,26,393968
2017-02-01,E SWISHER,1,3
2017-02-01,FAZE,1,549.7713650000001
2017-02-01,FINITI,35,127902.75
2017-02-01,GREEN SMART LIVING,4,176
2017-02-01,GREEN SMOKE,10,12183
2017-02-01,JUUL,5,70966
2017-02-01,KRAVE,6,1884
2017-02-01,LOGIC,42,372206.64144999994
2017-02-01,MARKTEN,11,45644.8
2017-02-01,MISTIC,50,490433.5
2017-02-01,NICOTEK,22,11576.422659999998
2017-02-01,NJOY,55,273990.86965999997
2017-02-01,V2 CIGS,6,2194
2017-02-01,VAPIN PLUS,12,11388.340821
2017-02-01,VAPORIN,1,89.962587
2017-02-01,VUSE,13,117201
2017-02-01,ZIG-ZAG,4,28
2017-03-01,21ST CENTURY SMOKE,9,118254.4996215
2017-03-01,BLU,25,428897
2017-03-01,COSMIC FOG,2,150
2017-03-01,FAZE,1,329.862819
2017-03-01,FINITI,36,125700.70000000001
2017-03-01,GREEN SMART LIVING,4,226
2017-03-01,GREEN SMOKE,10,12988
2017-03-01,JUUL,5,83669.59999999999
2017-03-01,KRAVE,6,1786
2017-03-01,LOGIC,40,376902.61337599996
2017-03-01,MARKTEN,12,51225.600000000006
2017-03-01,MISTIC,51,525016.5
2017-03-01,NICOTEK,23,11443.526585000001
2017-03-01,NJOY,55,305430.59471
2017-03-01,V2 CIGS,6,2295
2017-03-01,VAPIN PLUS,12,11015.803441499998
2017-03-01,VAPOR X,1,2
2017-03-01,VAPORIN,1,509.787993
2017-03-01,VUSE,13,125658.5
2017-03-01,ZIG-ZAG,6,25.199999999999996
2017-04-01,21ST CENTURY SMOKE,8,142188.395706
2017-04-01,BLU,24,566029
2017-04-01,COSMIC FOG,2,23580
2017-04-01,FAZE,1,499.79215000000005
2017-04-01,FINITI,34,174891.59999999998
2017-04-01,GREEN SMART LIVING,2,10
2017-04-01,GREEN SMOKE,10,15957
2017-04-01,JUUL,5,118633.2
2017-04-01,KRAVE,7,1628
2017-04-01,LOGIC,38,512916.50974
2017-04-01,MARKTEN,13,65512.80000000001
2017-04-01,MISTIC,49,601233.5
2017-04-01,NICOTEK,23,12942.911348999998
2017-04-01,NJOY,54,408027.48473
2017-04-01,V2 CIGS,6,2856
2017-04-01,VAPIN PLUS,12,14958.010138500002
2017-04-01,VAPOR X,2,4
2017-04-01,VAPORIN,1,299.87529
2017-04-01,VUSE,15,163464.5
2017-04-01,ZIG-ZAG,6,30.799999999999997
2017-05-01,21ST CENTURY SMOKE,7,118129.52363550001
2017-05-01,BLU,24,490629
2017-05-01,COSMIC FOG,2,47160
2017-05-01,FAZE,1,299.87529
2017-05-01,FINITI,33,122202.69999999997
2017-05-01,GREEN SMART LIVING,3,68
2017-05-01,GREEN SMOKE,9,13693
2017-05-01,JUUL,5,105352.79999999999
2017-05-01,KRAVE,6,1218
2017-05-01,LOGIC,36,386881.291102
2017-05-01,MARKTEN,11,57453.60000000001
2017-05-01,MISTIC,48,486543.5
2017-05-01,NICOTEK,23,9909.705335999999
2017-05-01,NJOY,55,354051.26477
2017-05-01,V2 CIGS,5,2229
2017-05-01,VAPIN PLUS,13,12088.434286500002
2017-05-01,VAPORIN,1,89.962587
2017-05-01,VUSE,15,134676.5
2017-05-01,ZIG-ZAG,5,50.4
2017-06-01,21ST CENTURY SMOKE,8,117271.4869185
2017-06-01,BLU,26,508716
2017-06-01,COSMIC FOG,2,48450
2017-06-01,FAZE,1,359.85034800000005
2017-06-01,FINITI,33,93944.79999999999
2017-06-01,GREEN SMART LIVING,3,11
2017-06-01,GREEN SMOKE,10,13456
2017-06-01,JUUL,5,113873.2
2017-06-01,KRAVE,6,1632
2017-06-01,LOGIC,38,400960.49017400004
2017-06-01,MARKTEN,14,56970.40000000001
2017-06-01,MISTIC,49,531330
2017-06-01,NICOTEK,23,9841.759377
2017-06-01,NJOY,52,391262.07739500003
2017-06-01,V2 CIGS,4,2044
2017-06-01,VAPIN PLUS,12,11713.590174
2017-06-01,VAPORIN,1,89.962587
2017-06-01,VUSE,15,136285
2017-06-01,ZIG-ZAG,5,46.199999999999996
2017-07-01,21ST CENTURY SMOKE,7,116246.41255650001
2017-07-01,BLU,26,457859
2017-07-01,COSMIC FOG,2,37950
2017-07-01,FAZE,1,249.89607500000002
2017-07-01,FINITI,34,71410.35
2017-07-01,GREEN SMART LIVING,4,25
2017-07-01,GREEN SMOKE,6,13147
2017-07-01,JUUL,5,137342.8
2017-07-01,KRAVE,7,1214
2017-07-01,LOGIC,38,429408.788337
2017-07-01,MARKTEN,15,61689.6
2017-07-01,MISTIC,49,479447
2017-07-01,NICOTEK,23,9155.942285
2017-07-01,NJOY,50,405502.04481
2017-07-01,V2 CIGS,6,2038
2017-07-01,VAPIN PLUS,12,12018.078930000001
2017-07-01,VUSE,15,135908.5
2017-07-01,ZIG-ZAG,6,46.199999999999996
2017-08-01,21ST CENTURY SMOKE,9,119535.70194150001
2017-08-01,BLU,26,412630
2017-08-01,COSMIC FOG,2,31200
2017-08-01,FAZE,1,219.908546
2017-08-01,FINITI,33,51613.25
2017-08-01,GREEN SMART LIVING,1,2
2017-08-01,GREEN SMOKE,8,12560
2017-08-01,JUUL,5,129715.59999999999
2017-08-01,KRAVE,5,1214
2017-08-01,LOGIC,46,432185.69792700006
2017-08-01,MARKTEN,14,61068.8
2017-08-01,MISTIC,50,479848.5
2017-08-01,NICOTEK,22,8136.283159
2017-08-01,NJOY,52,413418.592265
2017-08-01,V2 CIGS,4,2166
2017-08-01,VAPIN PLUS,12,12494.419294500003
2017-08-01,VAPORIN,1,29.987529
2017-08-01,VUSE,15,135079
2017-08-01,ZIG-ZAG,6,47.599999999999994
2017-09-01,21ST CENTURY SMOKE,6,149372.7070455
2017-09-01,BLU,26,502401
2017-09-01,COSMIC FOG,2,39570
2017-09-01,FAZE,1,359.85034800000005
2017-09-01,FINITI,33,39186.55
2017-09-01,GREEN SMART LIVING,2,29
2017-09-01,GREEN SMOKE,6,16697
2017-09-01,JUUL,5,164866.8
2017-09-01,KRAVE,5,1118
2017-09-01,LOGIC,51,487799.87963499996
2017-09-01,MARKTEN,14,78070.4
2017-09-01,MISTIC,49,550071
2017-09-01,NICOTEK,23,10507.476701
2017-09-01,NJOY,54,484169.34990000003
2017-09-01,V2 CIGS,5,2358
2017-09-01,VAPIN PLUS,12,14828.833090500004
2017-09-01,VUSE,15,184868.5
2017-09-01,ZIG-ZAG,6,61.599999999999994
2017-10-01,21ST CENTURY SMOKE,8,116131.36914000001
2017-10-01,AL CAPONE,1,1
2017-10-01,BLU,25,393737
2017-10-01,COSMIC FOG,2,29610
2017-10-01,FAZE,1,229.904389
2017-10-01,FINITI,32,8126.1500000000015
2017-10-01,GREEN SMOKE,6,13097
2017-10-01,JUUL,6,150998.39999999997
2017-10-01,KRAVE,5,956
2017-10-01,LOGIC,50,347750.43949699996
2017-10-01,MARKTEN,13,61752
2017-10-01,MISTIC,48,451742.5
2017-10-01,NICOTEK,22,7539.274844999999
2017-10-01,NJOY,51,402898.07739500003
2017-10-01,V2 CIGS,6,1722
2017-10-01,VAPIN PLUS,13,12067.673689500001
2017-10-01,VUSE,15,175825
2017-10-01,ZIG-ZAG,4,37.8
2017-11-01,21ST CENTURY SMOKE,7,121484.56638450001
2017-11-01,BLU,24,389745
2017-11-01,COSMIC FOG,2,41640
2017-11-01,FAZE,1,179.92517400000003
2017-11-01,FINITI,34,4878.799999999999
2017-11-01,GREEN SMART LIVING,2,58
2017-11-01,GREEN SMOKE,7,13099
2017-11-01,JUUL,6,185284.4
2017-11-01,KRAVE,4,854
2017-11-01,LOGIC,43,343301.790522
2017-11-01,MARKTEN,14,63984.8
2017-11-01,MISTIC,49,431193.5
2017-11-01,NICOTEK,23,6637.158448999999
2017-11-01,NJOY,47,445468.637475
2017-11-01,V2 CIGS,5,1757
2017-11-01,VAPIN PLUS,11,10286.8758135
2017-11-01,VUSE,21,194233.2
2017-11-01,ZIG-ZAG,4,37.8
2017-12-01,21ST CENTURY SMOKE,8,153605.776332
2017-12-01,BLU,23,472696
2017-12-01,COSMIC FOG,2,52920
2017-12-01,FAZE,1,259.89191800000003
2017-12-01,FINITI,33,2791.15
2017-12-01,GREEN SMOKE,5,16018
2017-12-01,JUUL,6,306448.8
2017-12-01,KRAVE,4,940
2017-12-01,LOGIC,44,473396.359082
2017-12-01,MARKTEN,13,78928.79999999999
2017-12-01,MISTIC,50,550094
2017-12-01,NICOTEK,23,4464.532579
2017-12-01,NJOY,49,542803.71487
2017-12-01,V2 CIGS,5,2712
2017-12-01,VAPIN PLUS,11,13128.7708695
2017-12-01,VUSE,22,243434.10000000003
2017-12-01,ZIG-ZAG,3,29.4
2018-01-01,21ST CENTURY SMOKE,11,154204.0449225
2018-01-01,AL CAPONE,1,1
2018-01-01,BLU,30,557811.5
2018-01-01,CIG2O,2,4
2018-01-01,COSMIC FOG,2,40110
2018-01-01,FAZE,1,89.96258700000001
2018-01-01,FINITI,33,2336.2
2018-01-01,FLAVORED MIST,1,14.9937645
2018-01-01,GREEN SMART LIVING,1,2
2018-01-01,GREEN SMOKE,5,19745
2018-01-01,IMPERIAL,29,45720.98588199999
2018-01-01,JAK,1,1.25
2018-01-01,JUUL,7,1555078
2018-01-01,KRAVE,7,1004
2018-01-01,LOGIC,47,564331.403611
2018-01-01,MARKTEN,13,799076.7999999999
2018-01-01,MISTIC,51,431892.5
2018-01-01,NICOTEK,25,3102.83604
2018-01-01,NJOY,61,532702.217115
2018-01-01,V2 CIGS,7,10633
2018-01-01,VAPIN PLUS,14,53676.5235435
2018-01-01,VAPOR X,2,24
2018-01-01,VUSE,30,881536.2
2018-01-01,ZIG-ZAG,6,463.4
2018-02-01,21ST CENTURY SMOKE,11,154348.82366400003
2018-02-01,BLU,37,561615
2018-02-01,COSMIC FOG,2,40650
2018-02-01,FAZE,1,129.94595900000002
2018-02-01,FINITI,34,1264.4
2018-02-01,GREEN SMART LIVING,1,2
2018-02-01,GREEN SMOKE,5,19307
2018-02-01,IMPERIAL,29,26449.000577999996
2018-02-01,JAK,1,1.25
2018-02-01,JUUL,8,1757834.4
2018-02-01,KRAVE,6,750
2018-02-01,LOGIC,52,581445.516875
2018-02-01,MARKTEN,12,844049.6
2018-02-01,MISTIC,51,420274.5
2018-02-01,NICOTEK,24,2433.089617
2018-02-01,NJOY,64,552537.052145
2018-02-01,V2 CIGS,7,11079
2018-02-01,VAPIN PLUS,14,52406.667027
2018-02-01,VAPOR X,1,2
2018-02-01,VUSE,29,975845.6000000001
2018-02-01,ZIG-ZAG,6,494.19999999999993
2018-03-01,21ST CENTURY SMOKE,11,191964.97496850003
2018-03-01,AL CAPONE,1,1
2018-03-01,BLU,32,723291.5
2018-03-01,CIG2O,2,10
2018-03-01,COSMIC FOG,2,50100
2018-03-01,FAZE,1,239.90023200000002
2018-03-01,FINITI,33,644.0999999999999
2018-03-01,GREEN SMART LIVING,4,14
2018-03-01,GREEN SMOKE,4,24670
2018-03-01,IMPERIAL,26,20091.644430000004
2018-03-01,JAK,1,3.75
2018-03-01,JUUL,8,3022891.1999999997
2018-03-01,KRAVE,7,976
2018-03-01,LOGIC,46,715345.266314
2018-03-01,MARKTEN,13,1154088.8
2018-03-01,MISTIC,51,542977
2018-03-01,NICOTEK,24,2334.12703
2018-03-01,NJOY,60,726751.441965
2018-03-01,V2 CIGS,7,11697
2018-03-01,VAPIN PLUS,14,61572.4706025
2018-03-01,VAPOR X,3,26
2018-03-01,VUSE,29,1324305.6
2018-03-01,ZIG-ZAG,6,498.4
2018-04-01,21ST CENTURY SMOKE,10,110598.626448
2018-04-01,AL CAPONE,1,1
2018-04-01,BLU,31,577512.5
2018-04-01,CIG2O,3,20
2018-04-01,COSMIC FOG,2,37170
2018-04-01,E SWISHER,1,3
2018-04-01,FAZE,1,399.83372
2018-04-01,FINITI,27,354.70000000000005
2018-04-01,GREEN SMART LIVING,1,2
2018-04-01,GREEN SMOKE,5,18693
2018-04-01,IMPERIAL,19,14374.022233999996
2018-04-01,JAK,1,11.25
2018-04-01,JUST JUICE,1,19.991686
2018-04-01,JUUL,9,3123635.1999999997
2018-04-01,KRAVE,7,946
2018-04-01,LOGIC,48,577439.7893620001
2018-04-01,MARKTEN,12,936291.2000000001
2018-04-01,MISTIC,51,374475.5
2018-04-01,NICOTEK,24,3125.773685
2018-04-01,NJOY,62,586418.342165
2018-04-01,V2 CIGS,8,7221
2018-04-01,VAPIN PLUS,14,48537.122419499996
2018-04-01,VAPOR X,1,2
2018-04-01,VUSE,29,924837.6
2018-04-01,ZIG-ZAG,6,270.2
2018-05-01,21ST CENTURY SMOKE,10,81956.73132
2018-05-01,BLU,30,679942
2018-05-01,CIG2O,4,42
2018-05-01,COSMIC FOG,2,30450
2018-05-01,E SWISHER,2,6
2018-05-01,FAZE,1,299.87529
2018-05-01,FINITI,30,534.1000000000001
2018-05-01,GREEN SMART LIVING,1,5
2018-05-01,GREEN SMOKE,5,17817
2018-05-01,IMPERIAL,17,10335.701662000003
2018-05-01,JAK,1,23.75
2018-05-01,JUST JUICE,1,39.983372
2018-05-01,JUUL,10,3798687.1999999993
2018-05-01,KRAVE,4,1020
2018-05-01,LOGIC,47,619367.6289789999
2018-05-01,MARKTEN,15,935606.4
2018-05-01,MISTIC,51,294297.5
2018-05-01,NICOTEK,25,1611.3764500000002
2018-05-01,NJOY,58,620314.31976
2018-05-01,V2 CIGS,7,6439
2018-05-01,VAPIN PLUS,14,47467.951674
2018-05-01,VUSE,29,751854.9
2018-05-01,ZIG-ZAG,6,224
2018-06-01,21ST CENTURY SMOKE,9,89322.402723
2018-06-01,AL CAPONE,1,2
2018-06-01,BLU,32,869066
2018-06-01,CIG2O,2,26
2018-06-01,COSMIC FOG,3,35700
2018-06-01,E SWISHER,2,21
2018-06-01,FAZE,1,69.970901
2018-06-01,FINITI,27,1305.35
2018-06-01,GREEN SMART LIVING,1,8
2018-06-01,GREEN SMOKE,5,18428
2018-06-01,IMPERIAL,18,7296.965389999999
2018-06-01,JAK,1,31.25
2018-06-01,JUST JUICE,1,109.954273
2018-06-01,JUUL,15,5273342.200000001
2018-06-01,KRAVE,5,2972
2018-06-01,LOGIC,48,794654.8912750001
2018-06-01,MARKTEN,13,1081763.2000000002
2018-06-01,MISTIC,51,325101.5
2018-06-01,NICOTEK,26,1532.4138630000002
2018-06-01,NJOY,58,808450.077395
2018-06-01,V2 CIGS,7,7993
2018-06-01,VAPIN PLUS,14,53885.28287999999
2018-06-01,VUSE,29,981259.2
2018-06-01,ZIG-ZAG,6,154
2018-07-01,21ST CENTURY SMOKE,9,59748.5745045
2018-07-01,BLU,30,714644
2018-07-01,CIG2O,4,44
2018-07-01,COSMIC FOG,3,25770
2018-07-01,FAZE,1,89.96258700000001
2018-07-01,FINITI,22,1982.2499999999998
2018-07-01,GREEN SMART LIVING,1,2
2018-07-01,GREEN SMOKE,4,12605
2018-07-01,IMPERIAL,16,7896.71597
2018-07-01,JAK,1,37.5
2018-07-01,JUST JUICE,1,29.987529000000002
2018-07-01,JUUL,15,4344176.2
2018-07-01,KRAVE,6,4428
2018-07-01,LOGIC,45,638839.238143
2018-07-01,MARKTEN,13,886398.4
2018-07-01,MISTIC,51,261471
2018-07-01,NICOTEK,24,1181.5427300000001
2018-07-01,NJOY,60,663422.122205
2018-07-01,V2 CIGS,7,5632
2018-07-01,VAPIN PLUS,14,36633.226773
2018-07-01,VUSE,30,774933.4999999999
2018-07-01,ZIG-ZAG,6,98
2018-08-01,21ST CENTURY SMOKE,10,54320.6904555
2018-08-01,BLU,29,663714.5
2018-08-01,CIG2O,3,60
2018-08-01,COSMIC FOG,3,25470
2018-08-01,FAZE,1,49.979215
2018-08-01,FINITI,29,2957.8500000000004
2018-08-01,GREEN SMART LIVING,1,6
2018-08-01,GREEN SMOKE,4,13255
2018-08-01,IMPERIAL,16,7216.998646000002
2018-08-01,JAK,1,52.5
2018-08-01,JUST JUICE,1,109.954273
2018-08-01,JUUL,15,4599978.599999999
2018-08-01,KRAVE,4,7858
2018-08-01,LOGIC,47,620448.8240479999
2018-08-01,MARKTEN,14,895148.8
2018-08-01,MISTIC,50,539949
2018-08-01,NICOTEK,23,1032.6009280000003
2018-08-01,NJOY,56,681511.902245
2018-08-01,V2 CIGS,7,5100
2018-08-01,VAPIN PLUS,14,34723.25184900001
2018-08-01,VUSE,34,728242.5
2018-08-01,ZIG-ZAG,6,88.20000000000002
2018-09-01,21ST CENTURY SMOKE,12,63803.706435
2018-09-01,BLU,37,820016.5
2018-09-01,CIG2O,4,88
2018-09-01,COSMIC FOG,2,33990
2018-09-01,FAZE,1,49.979215
2018-09-01,FINITI,28,4074.4000000000005
2018-09-01,GREEN SMART LIVING,2,7
2018-09-01,GREEN SMOKE,5,14298
2018-09-01,IMPERIAL,17,7157.023588000001
2018-09-01,JAK,1,83.75
2018-09-01,JUST JUICE,1,99.95843
2018-09-01,JUUL,15,6171939.199999999
2018-09-01,KRAVE,4,10464
2018-09-01,LOGIC,45,722743.020975
2018-09-01,MARKTEN,11,1062609.6
2018-09-01,MISTIC,49,431339.5
2018-09-01,NICOTEK,23,1255.5177880000003
2018-09-01,NJOY,63,834557.407335
2018-09-01,V2 CIGS,6,6317
2018-09-01,VAPIN PLUS,14,42009.068029500006
2018-09-01,VUSE,35,879658
2018-09-01,ZIG-ZAG,6,96.6
2018-10-01,21ST CENTURY SMOKE,9,28784.809568999997
2018-10-01,AL CAPONE,1,1
2018-10-01,BLU,34,676086.5
2018-10-01,CIG2O,4,62
2018-10-01,COSMIC FOG,2,23820
2018-10-01,FAZE,1,39.983372
2018-10-01,FINITI,27,635.6499999999997
2018-10-01,GREEN SMOKE,5,7895
2018-10-01,IMPERIAL,16,5037.904872
2018-10-01,JAK,1,62.5
2018-10-01,JUST JUICE,1,99.95843
2018-10-01,JUUL,15,5327695.799999999
2018-10-01,KRAVE,4,1854
2018-10-01,LOGIC,43,556259.3192959998
2018-10-01,MARKTEN,13,863267.2000000001
2018-10-01,MISTIC,48,185723.5
2018-10-01,NICOTEK,24,1120.5801430000001
2018-10-01,NJOY,59,636181.8798400001
2018-10-01,V2 CIGS,7,5301
2018-10-01,VAPIN PLUS,14,30597.659878500006
2018-10-01,VUSE,35,732554.5000000001
2018-10-01,ZIG-ZAG,6,63
2018-11-01,21ST CENTURY SMOKE,8,30647.82552
2018-11-01,AL CAPONE,1,1
2018-11-01,BLU,34,682509
2018-11-01,CIG2O,1,36
2018-11-01,COSMIC FOG,2,22590
2018-11-01,FAZE,1,19.991686
2018-11-01,FINITI,20,135.05
2018-11-01,GREEN SMART LIVING,2,92
2018-11-01,GREEN SMOKE,4,5526
2018-11-01,IMPERIAL,16,4398.17092
2018-11-01,JAK,1,61.25
2018-11-01,JUST JUICE,1,29.987529000000002
2018-11-01,JUUL,20,5635895.999999999
2018-11-01,KRAVE,5,578
2018-11-01,LOGIC,44,546304.0636309999
2018-11-01,MARKTEN,12,858679.2000000001
2018-11-01,MISTIC,46,252260.5
2018-11-01,NICOTEK,20,869.6508120000002
2018-11-01,NJOY,56,630147.657435
2018-11-01,V2 CIGS,7,5686
2018-11-01,VAPIN PLUS,14,29533.102598999998
2018-11-01,VUSE,35,847279.9999999998
2018-11-01,ZIG-ZAG,6,43.4
2018-12-01,21ST CENTURY SMOKE,10,33387.214905
2018-12-01,BLU,34,815404
2018-12-01,CIG2O,3,42
2018-12-01,COSMIC FOG,2,30330
2018-12-01,FAZE,1,59.975058000000004
2018-12-01,FINITI,18,174.1
2018-12-01,GREEN SMOKE,4,6878
2018-12-01,IMPERIAL,17,4718.037896
2018-12-01,JAK,1,87.5
2018-12-01,JUST JUICE,1,49.979215
2018-12-01,JUUL,20,6847019.200000001
2018-12-01,KRAVE,4,848
2018-12-01,LOGIC,41,667567.2590100002
2018-12-01,MARKTEN,13,1073900.8000000003
2018-12-01,MISTIC,46,409084
2018-12-01,NICOTEK,22,1231.5053169999999
2018-12-01,NJOY,59,791730.352345
2018-12-01,V2 CIGS,6,6369
2018-12-01,VAPIN PLUS,14,34701.337885500005
2018-12-01,VUSE,35,1110284.9
2018-12-01,ZIG-ZAG,6,71.39999999999999
2019-01-01,21ST CENTURY SMOKE,9,23258.931494999997
2019-01-01,BLU,44,712658
2019-01-01,CIG2O,2,22
2019-01-01,COSMIC FOG,2,24060
2019-01-01,FAZE,1,29.987529000000002
2019-01-01,FINITI,16,138.95
2019-01-01,GREEN SMART LIVING,2,17
2019-01-01,GREEN SMOKE,4,7188
2019-01-01,IMPERIAL,16,3358.603248
2019-01-01,JAK,1,75
2019-01-01,JUST JUICE,1,149.937645
2019-01-01,JUUL,23,5158472.2
2019-01-01,KRAVE,4,400
2019-01-01,LEAP,3,2658
2019-01-01,LOGIC,40,505948.892614
2019-01-01,MARKTEN,12,807424
2019-01-01,MISTIC,48,298899.5
2019-01-01,NICOTEK,23,873.684068
2019-01-01,NJOY,55,676281.38493
2019-01-01,V2 CIGS,7,4817
2019-01-01,VAPIN PLUS,14,28009.505452500005
2019-01-01,VUSE,37,1029157.9000000001
2019-01-01,ZIG-ZAG,6,36.4
2019-02-01,21ST CENTURY SMOKE,13,23844.268212000003
2019-02-01,BLU,44,760937.5
2019-02-01,CIG2O,4,46
2019-02-01,COSMIC FOG,2,26790
2019-02-01,FINITI,23,188.45000000000002
2019-02-01,FLAVORED MIST,1,44.9812935
2019-02-01,GREEN SMART LIVING,1,15
2019-02-01,GREEN SMOKE,4,5794
2019-02-01,IMPERIAL,15,4758.021268000001
2019-02-01,JAK,1,66.25
2019-02-01,JUST JUICE,1,49.979215
2019-02-01,JUUL,23,5190099.599999999
2019-02-01,KRAVE,6,234
2019-02-01,LEAP,3,7293
2019-02-01,LOGIC,37,530207.421829
2019-02-01,MARKTEN,15,528178.0000000001
2019-02-01,MISTIC,49,105482
2019-02-01,NICOTEK,23,1698.314095
2019-02-01,NJOY,62,786221.537275
2019-02-01,V2 CIGS,7,4064
2019-02-01,VAPIN PLUS,14,28477.772251500006
2019-02-01,VUSE,37,1209283.9
2019-02-01,ZIG-ZAG,5,70
2019-03-01,21ST CENTURY SMOKE,12,28724.998026
2019-03-01,BLU,44,1031372.5
2019-03-01,CIG2O,3,44
2019-03-01,COSMIC FOG,2,38760
2019-03-01,FAZE,1,9.995843
2019-03-01,FINITI,25,289.85
2019-03-01,GREEN SMART LIVING,1,35
2019-03-01,GREEN SMOKE,4,3468
2019-03-01,IMPERIAL,15,2598.91918
2019-03-01,JAK,1,138.75
2019-03-01,JUST JUICE,1,239.90023200000002
2019-03-01,JUUL,23,7260843.8
2019-03-01,KRAVE,5,720
2019-03-01,LEAP,3,11349
2019-03-01,LOGIC,41,671031.450348
2019-03-01,MARKTEN,14,268390.8
2019-03-01,MISTIC,47,121073.5
2019-03-01,NICOTEK,21,1609.351508
2019-03-01,NJOY,66,1182270.8822849998
2019-03-01,V2 CIGS,6,5431
2019-03-01,VAPIN PLUS,14,32186.9989155
2019-03-01,VUSE,37,1721350.6999999997
2019-03-01,ZIG-ZAG,3,14
2019-04-01,21ST CENTURY SMOKE,9,21325.624099499997
2019-04-01,BLU,46,856300
2019-04-01,CIG2O,2,60
2019-04-01,COSMIC FOG,2,116220
2019-04-01,FAZE,1,9.995843
2019-04-01,FINITI,23,179.05
2019-04-01,GREEN SMART LIVING,1,2
2019-04-01,GREEN SMOKE,4,1427
2019-04-01,IMPERIAL,15,2199.08546
2019-04-01,JAK,1,85
2019-04-01,JUST JUICE,1,69.970901
2019-04-01,JUUL,23,6340471.199999999
2019-04-01,KRAVE,4,298
2019-04-01,LEAP,3,12105
2019-04-01,LOGIC,35,534593.3459589999
2019-04-01,MARKTEN,11,58145.600000000006
2019-04-01,MISTIC,43,284492.5
2019-04-01,NICOTEK,17,496.80462099999994
2019-04-01,NJOY,63,1191652.0574349998
2019-04-01,V2 CIGS,7,3662
2019-04-01,VAPIN PLUS,14,21190.802704500005
2019-04-01,VUSE,37,1522710.1
2019-04-01,ZIG-ZAG,2,34.99999999999999
2019-05-01,21ST CENTURY SMOKE,11,40062.7387155
2019-05-01,BLU,46,853930
2019-05-01,CIG2O,5,59
2019-05-01,COSMIC FOG,2,414870
2019-05-01,FINITI,22,216.45
2019-05-01,GLAS,6,389.5
2019-05-01,GREEN SMOKE,4,929
2019-05-01,IMPERIAL,15,1879.2184840000002
2019-05-01,JAK,1,86.25
2019-05-01,JUST JUICE,1,39.983372
2019-05-01,JUUL,23,6407973.599999999
2019-05-01,KRAVE,5,2050
2019-05-01,LEAP,3,18276
2019-05-01,LOGIC,34,539175.0920340001
2019-05-01,MARKTEN,11,23500
2019-05-01,MISTIC,46,759008.5
2019-05-01,NICOTEK,19,1013.5967709999999
2019-05-01,NJOY,56,1989473.892465
2019-05-01,V2 CIGS,7,3312
2019-05-01,VAPIN PLUS,14,21344.200449000004
2019-05-01,VUSE,37,1551046.2
2019-05-01,ZIG-ZAG,4,21
2019-06-01,21ST CENTURY SMOKE,12,30346.7419065
2019-06-01,BLU,47,971111.5
2019-06-01,CIG2O,2,22
2019-06-01,COSMIC FOG,2,635640
2019-06-01,FINITI,27,539.6500000000001
2019-06-01,GLAS,6,1700.5
2019-06-01,GREEN SMOKE,4,872
2019-06-01,IMPERIAL,14,3158.6863879999996
2019-06-01,JAK,1,130
2019-06-01,JUST JUICE,1,89.96258700000001
2019-06-01,JUUL,23,8233920.8
2019-06-01,KRAVE,5,2856
2019-06-01,LEAP,3,28317
2019-06-01,LOGIC,37,634642.0254059999
2019-06-01,MARKTEN,14,12885.200000000003
2019-06-01,MISTIC,47,1011656.5
2019-06-01,NICOTEK,15,3959.5325790000006
2019-06-01,NJOY,57,3791738.037475
2019-06-01,V2 CIGS,6,3987
2019-06-01,VAPIN PLUS,14,33091.238251500006
2019-06-01,VUSE,38,1937503
2019-06-01,ZIG-ZAG,4,23.799999999999997
2019-07-01,21ST CENTURY SMOKE,8,1571.02587
2019-07-01,BLU,46,717473
2019-07-01,CIG2O,2,26
2019-07-01,COSMIC FOG,2,300960
2019-07-01,FAZE,1,69.970901
2019-07-01,FINITI,15,69.8
2019-07-01,GLAS,6,2120.4
2019-07-01,GREEN SMOKE,1,1
2019-07-01,IMPERIAL,15,2458.9773779999996
2019-07-01,JAK,1,121.25
2019-07-01,JUST JUICE,1,69.970901
2019-07-01,JUUL,23,6752340
2019-07-01,KRAVE,2,10
2019-07-01,LEAP,3,25854
2019-07-01,LOGIC,31,469383.91709199996
2019-07-01,MARKTEN,12,2596.8
2019-07-01,MISTIC,42,447490.5
2019-07-01,NICOTEK,15,797.6965389999999
2019-07-01,NJOY,50,4394320.05499
2019-07-01,V2 CIGS,6,2277
2019-07-01,VAPIN PLUS,14,16479.300552
2019-07-01,VUSE,38,1379743.5999999999
2019-07-01,ZIG-ZAG,4,22.4
2019-08-01,21ST CENTURY SMOKE,10,879.1129349999999
2019-08-01,BLU,47,867743.5
2019-08-01,CIG2O,3,46
2019-08-01,COSMIC FOG,2,249510
2019-08-01,FAZE,1,29.987529000000002
2019-08-01,FINITI,11,110.24999999999999
2019-08-01,GLAS,6,2774
2019-08-01,GREEN SMOKE,1,6
2019-08-01,IMPERIAL,15,2558.9358079999997
2019-08-01,JAK,1,141.25
2019-08-01,JUST JUICE,1,9.995843
2019-08-01,JUUL,24,8231854.399999999
2019-08-01,LEAP,3,35820
2019-08-01,LOGIC,30,580807.421249
2019-08-01,MARKTEN,16,1267.2000000000003
2019-08-01,MISTIC,40,365273
2019-08-01,NICOTEK,21,2645.0272620000014
2019-08-01,NJOY,54,7162793.327494998
2019-08-01,V2 CIGS,6,888
2019-08-01,VAPIN PLUS,14,16788.402774
2019-08-01,VUSE,41,1824189.9
2019-08-01,ZIG-ZAG,5,22.4
2019-09-01,21ST CENTURY SMOKE,7,580.0815255
2019-09-01,BLU,45,654443
2019-09-01,COSMIC FOG,2,86940
2019-09-01,FAZE,1,9.995843
2019-09-01,FINITI,13,76.69999999999999
2019-09-01,GLAS,6,1818.3000000000002
2019-09-01,GREEN SMART LIVING,1,5
2019-09-01,IMPERIAL,13,1059.559358
2019-09-01,JAK,1,141.25
2019-09-01,JUST JUICE,1,59.975058000000004
2019-09-01,JUUL,25,5383135.8
2019-09-01,LEAP,3,27804
2019-09-01,LOGIC,25,428709.666744
2019-09-01,MARKTEN,15,444.00000000000006
2019-09-01,MISTIC,39,134579.5
2019-09-01,NICOTEK,14,369.87529
2019-09-01,NJOY,47,5954511.8
2019-09-01,V2 CIGS,5,317
2019-09-01,VAPIN PLUS,14,7947.8485515
2019-09-01,VUSE,41,1441260.8999999997
2019-09-01,ZIG-ZAG,1,2.8
2019-10-01,21ST CENTURY SMOKE,4,494.850348
2019-10-01,BLU,44,716219
2019-10-01,CIG2O,3,46
2019-10-01,COSMIC FOG,2,14880
2019-10-01,FAZE,1,9.995843
2019-10-01,FINITI,10,50.95
2019-10-01,GLAS,6,1493.3999999999999
2019-10-01,IMPERIAL,4,79.966744
2019-10-01,JAK,1,112.5
2019-10-01,JUUL,24,5388037.200000001
2019-10-01,LEAP,3,24246
2019-10-01,LOGIC,24,442757.75843000005
2019-10-01,MARKTEN,10,147.99999999999997
2019-10-01,MISTIC,35,25603
2019-10-01,NICOTEK,10,128.950116
2019-10-01,NJOY,42,5284980.199999999
2019-10-01,RIP TIDE RIPSTICK,1,5.6
2019-10-01,V2 CIGS,5,75
2019-10-01,VAPIN PLUS,10,614.7443445
2019-10-01,VUSE,41,1697226.5999999999
2019-10-01,ZIG-ZAG,4,12.600000000000001
2019-11-01,21ST CENTURY SMOKE,7,459.50023200000004
2019-11-01,BLU,45,914548.5
2019-11-01,CIG2O,2,38
2019-11-01,COSMIC FOG,2,13140
2019-11-01,FAZE,1,9.995843
2019-11-01,FINITI,14,87.5
2019-11-01,GLAS,11,6298.499999999999
2019-11-01,GREEN SMOKE,1,2
2019-11-01,IMPERIAL,4,239.90023200000002
2019-11-01,JAK,1,210
2019-11-01,JUUL,24,7224548.799999999
2019-11-01,KRAVE,1,2
2019-11-01,LEAP,3,31983
2019-11-01,LOGIC,24,597292.116976
2019-11-01,MARKTEN,9,222.39999999999998
2019-11-01,MISTIC,36,24431
2019-11-01,NICOTEK,13,211.91270300000002
2019-11-01,NJOY,52,5902418.782485
2019-11-01,V2 CIGS,5,51
2019-11-01,VAPIN PLUS,12,647.0386064999999
2019-11-01,VUSE,41,2515361.3000000007
2019-11-01,ZIG-ZAG,1,8.399999999999999
2019-12-01,21ST CENTURY SMOKE,4,208.18752899999998
2019-12-01,BLU,47,631221.5
2019-12-01,CIG2O,1,54
2019-12-01,COSMIC FOG,2,22200
2019-12-01,FINITI,12,53.15
2019-12-01,GLAS,13,33935.9
2019-12-01,GREEN SMOKE,1,2
2019-12-01,IMPERIAL,1,39.983372
2019-12-01,JAK,1,166.25
2019-12-01,JUUL,25,5134261.999999999
2019-12-01,KRAVE,1,4
2019-12-01,LEAP,3,28905
2019-12-01,LOGIC,30,450241.87540600006
2019-12-01,MARKTEN,9,228.79999999999998
2019-12-01,MISTIC,37,37506
2019-12-01,NICOTEK,11,223.90854600000003
2019-12-01,NJOY,49,4600691.037475
2019-12-01,V2 CIGS,5,95
2019-12-01,VAPIN PLUS,8,197.2256715
2019-12-01,VUSE,41,2109316
2019-12-01,ZIG-ZAG,2,36.39999999999999
2020-01-01,21ST CENTURY SMOKE,4,310.1563515
2020-01-01,BLU,49,670010
2020-01-01,CIG2O,2,20
2020-01-01,COSMIC FOG,2,23700
2020-01-01,FAZE,1,19.991686
2020-01-01,FINITI,14,99.44999999999999
2020-01-01,GLAS,13,62658.19999999999
2020-01-01,IMPERIAL,4,79.966744
2020-01-01,JAK,1,158.75
2020-01-01,JUUL,24,3952090.8000000003
2020-01-01,KRAVE,1,2
2020-01-01,LEAP,3,25995
2020-01-01,LOGIC,26,398110.404853
2020-01-01,MARKTEN,9,258.40000000000003
2020-01-01,MISTIC,37,39256
2020-01-01,NICOTEK,6,90.96258700000001
2020-01-01,NJOY,51,4220814.982485
2020-01-01,PUFF,7,427.49999999999994
2020-01-01,V2 CIGS,4,56
2020-01-01,VAPIN PLUS,8,344.8565835
2020-01-01,VUSE,46,2180874
2020-01-01,ZIG-ZAG,2,9.799999999999999
2020-02-01,21ST CENTURY SMOKE,6,352.475058
2020-02-01,BLU,45,512517
2020-02-01,CIG2O,3,24
2020-02-01,COSMIC FOG,2,1800
2020-02-01,FAZE,1,19.991686
2020-02-01,FINITI,8,15.25
2020-02-01,GLAS,14,76737.2
2020-02-01,IMPERIAL,1,59.975058000000004
2020-02-01,JAK,1,192.5
2020-02-01,JUUL,25,4645867.800000001
2020-02-01,LEAP,3,44760
2020-02-01,LOGIC,21,306367.087529
2020-02-01,MARKTEN,9,112.80000000000001
2020-02-01,MISTIC,29,2973.5
2020-02-01,NICOTEK,13,331.86697599999997
2020-02-01,NJOY,42,3831098.4000000004
2020-02-01,PUFF,11,860.7
2020-02-01,V2 CIGS,3,60
2020-02-01,VAPIN PLUS,10,524.7817575
2020-02-01,VUSE,48,3214640.3000000003
2020-02-01,ZIG-ZAG,1,1.4
2020-03-01,21ST CENTURY SMOKE,3,309.812703
2020-03-01,BLU,36,349693.5
2020-03-01,CIG2O,1,2
2020-03-01,FINITI,3,4.5
2020-03-01,GLAS,12,52126.5
2020-03-01,GREEN SMART LIVING,1,15
2020-03-01,JAK,1,230
2020-03-01,JUUL,19,4095604.8000000003
2020-03-01,KRAVE,2,6
2020-03-01,LEAP,3,41382
2020-03-01,LOGIC,13,233540.39999999997
2020-03-01,MARKTEN,4,49.6
2020-03-01,MISTIC,3,60
2020-03-01,NICOTEK,6,109.954273
2020-03-01,NJOY,24,3017435.8
2020-03-01,PUFF,9,617.5
2020-03-01,RIP TIDE RIPSTICK,1,1.4
2020-03-01,V2 CIGS,4,14
2020-03-01,VAPIN PLUS,3,104.9563515
2020-03-01,VUSE,46,2875472.5999999996
2020-03-01,ZIG-ZAG,1,1.4
2020-04-01,21ST CENTURY SMOKE,2,188.36882250000002
2020-04-01,BLU,34,339164
2020-04-01,CIG2O,1,18
2020-04-01,GLAS,11,61535.299999999996
2020-04-01,JAK,1,303.75
2020-04-01,JUUL,20,4330635.399999999
2020-04-01,LEAP,3,40533
2020-04-01,LOGIC,14,204865.8
2020-04-01,MARKTEN,4,56.8
2020-04-01,MISTIC,3,26
2020-04-01,NICOTEK,12,147.941802
2020-04-01,NJOY,26,3026659.1274949997
2020-04-01,PUFF,8,248.89999999999998
2020-04-01,V2 CIGS,4,31
2020-04-01,VAPIN PLUS,2,89.962587
2020-04-01,VUSE,44,2889322.0999999996
2020-05-01,21ST CENTURY SMOKE,1,29.987529
2020-05-01,BLU,38,428622
2020-05-01,CIG2O,2,22
2020-05-01,FINITI,2,3.5
2020-05-01,GLAS,13,77905.7
2020-05-01,GREEN SMART LIVING,1,20
2020-05-01,JAK,1,302.5
2020-05-01,JUUL,19,5532493.399999999
2020-05-01,LEAP,3,48384
2020-05-01,LOGIC,16,256622.09999999998
2020-05-01,MARKTEN,4,12.8
2020-05-01,MISTIC,4,405
2020-05-01,NICOTEK,14,279.88776100000007
2020-05-01,NJOY,30,3933857.127495
2020-05-01,PUFF,10,269.8
2020-05-01,V2 CIGS,4,9
2020-05-01,VAPIN PLUS,3,419.825406
2020-05-01,VUSE,41,3837674.8999999994
2020-05-01,ZIG-ZAG,2,7
2020-06-01,21ST CENTURY SMOKE,1,59.975058
2020-06-01,BLU,36,343476
2020-06-01,CIG2O,1,2
2020-06-01,GLAS,9,53372.9
2020-06-01,JAK,1,196.25
2020-06-01,JUUL,20,4343301.2
2020-06-01,LEAP,3,36570
2020-06-01,LOGIC,11,195217.2
2020-06-01,MARKTEN,2,7.2
2020-06-01,MISTIC,1,5
2020-06-01,NICOTEK,5,131.94595900000002
2020-06-01,NJOY,23,3144983.7274950002
2020-06-01,PUFF,10,190
2020-06-01,V2 CIGS,5,13
2020-06-01,VAPIN PLUS,5,99.18951899999999
2020-06-01,VUSE,39,3234410.1
2020-06-01,ZIG-ZAG,1,5.6
2020-07-01,21ST CENTURY SMOKE,3,205.775058
2020-07-01,BLU,32,340497.5
2020-07-01,CIG2O,2,6
2020-07-01,FINITI,2,3.5
2020-07-01,GLAS,9,49833.200000000004
2020-07-01,JAK,1,191.25
2020-07-01,JUUL,20,4314626.399999999
2020-07-01,LEAP,3,35382
2020-07-01,LOGIC,12,185627.40000000002
2020-07-01,MARKTEN,2,9.6
2020-07-01,MISTIC,2,15
2020-07-01,NICOTEK,6,109.95427300000001
2020-07-01,NJOY,20,3093644.2
2020-07-01,PUFF,10,205.2
2020-07-01,V2 CIGS,1,4
2020-07-01,VAPIN PLUS,2,89.962587
2020-07-01,VUSE,41,3369836
2020-08-01,21ST CENTURY SMOKE,5,355.7688225
2020-08-01,BLU,29,414521
2020-08-01,CIG2O,1,4
2020-08-01,FAZE,1,9.995843
2020-08-01,GLAS,9,62886.2
2020-08-01,JAK,1,292.5
2020-08-01,JUUL,18,5360405.3999999985
2020-08-01,LEAP,3,41835
2020-08-01,LOGIC,12,228228.6
2020-08-01,MARKTEN,2,9.6
2020-08-01,MISTIC,2,70
2020-08-01,NICOTEK,9,108.95843
2020-08-01,NJOY,24,3782054.527495
2020-08-01,PUFF,10,191.89999999999998
2020-08-01,V2 CIGS,2,3
2020-08-01,VAPIN PLUS,2,59.975058
2020-08-01,VUSE,41,4515903.4
2020-09-01,21ST CENTURY SMOKE,2,185.3812935
2020-09-01,BLU,30,323871
2020-09-01,FAZE,1,19.991686
2020-09-01,FINITI,1,5
2020-09-01,GLAS,10,62399.8
2020-09-01,JAK,1,216.25
2020-09-01,JUUL,19,4152183
2020-09-01,LEAP,3,33927
2020-09-01,LOGIC,14,184806.3
2020-09-01,MARKTEN,2,4.800000000000001
2020-09-01,MISTIC,1,5
2020-09-01,NICOTEK,3,13.995843
2020-09-01,NJOY,25,2961364.10998
2020-09-01,PUFF,10,218.5
2020-09-01,V2 CIGS,4,14
2020-09-01,VAPIN PLUS,3,104.9563515
2020-09-01,VUSE,37,3944861.000000001
2020-10-01,21ST CENTURY SMOKE,2,193.7688225
2020-10-01,BLU,27,404662
2020-10-01,FINITI,2,2.75
2020-10-01,GLAS,9,94131.7
2020-10-01,JAK,1,216.25
2020-10-01,JUUL,18,5094502
2020-10-01,KRAVE,1,4
2020-10-01,LEAP,3,42516
2020-10-01,LOGIC,9,240335.4
2020-10-01,MARKTEN,1,8
2020-10-01,MISTIC,3,35
2020-10-01,NICOTEK,2,19.991686
2020-10-01,NJOY,26,3597497.0549900006
2020-10-01,PUFF,9,191.9
2020-10-01,V2 CIGS,3,17
2020-10-01,VAPIN PLUS,3,119.95011600000001
2020-10-01,VUSE,35,5551524.5
2020-11-01,21ST CENTURY SMOKE,2,68.9937645
2020-11-01,BLU,27,322434.5
2020-11-01,GLAS,9,86980.09999999999
2020-11-01,JAK,1,155
2020-11-01,JUUL,20,4011242.1999999993
2020-11-01,KRAVE,1,6
2020-11-01,LEAP,3,37164
2020-11-01,LOGIC,11,197038.8
2020-11-01,MARKTEN,1,1.6
2020-11-01,MISTIC,3,64
2020-11-01,NICOTEK,1,2
2020-11-01,NJOY,23,2774328.6
2020-11-01,PUFF,11,98.8
2020-11-01,RIP TIDE RIPSTICK,1,1.4
2020-11-01,V2 CIGS,3,6
2020-11-01,VAPIN PLUS,3,104.9563515
2020-11-01,VUSE,35,4849273.800000001
2020-12-01,21ST CENTURY SMOKE,1,14.9937645
2020-12-01,BLU,29,311702
2020-12-01,FINITI,1,1.75
2020-12-01,GLAS,9,92938.5
2020-12-01,GREEN SMART LIVING,1,5
2020-12-01,JAK,1,156.25
2020-12-01,JUUL,19,4011632.8
2020-12-01,KRAVE,1,2
2020-12-01,LEAP,3,37212
2020-12-01,LOGIC,9,197281.2
2020-12-01,MARKTEN,3,8
2020-12-01,MISTIC,2,25
2020-12-01,NICOTEK,2,4
2020-12-01,NJOY,22,2782356.8
2020-12-01,PUFF,8,47.5
2020-12-01,V2 CIGS,3,6
2020-12-01,VAPIN PLUS,3,149.937645
2020-12-01,VUSE,36,4852289.000000001
2021-01-01,21ST CENTURY SMOKE,4,154.387529
2021-01-01,BIDI,10,230607.99999999997
2021-01-01,BLU,30,341163.0082485
2021-01-01,BUD VAPE,3,681
2021-01-01,CIG2O,1,2
2021-01-01,CUE,2,14.993764500000001
2021-01-01,DINNER LADY,5,9670.12587
2021-01-01,EPIC,3,13624.5
2021-01-01,GLAS,14,93410.20000000001
2021-01-01,GREEN SMOKE,1,3
2021-01-01,HYPPE,3,113.2
2021-01-01,IGNITE,11,31694
2021-01-01,JAK,2,156.25
2021-01-01,JUUL,18,4773205.717816
2021-01-01,KOMGE,1,9.600000000000001
2021-01-01,LEAP,18,81928.75
2021-01-01,LOGIC,12,241945.595843
2021-01-01,MARKTEN,1,60.800000000000004
2021-01-01,MISTIC,3,29.991686
2021-01-01,MNGO,8,367133.19999999995
2021-01-01,NICOTEK,1,4
2021-01-01,NJOY,24,3285863.4965529996
2021-01-01,POP,12,26014.6
2021-01-01,PUFF,19,219.69999999999996
2021-01-01,PUUR VAPOR,19,147422
2021-01-01,STICK,9,2780.3999999999996
2021-01-01,STIG,1,103.5
2021-01-01,SWITCH MODS,4,10142.6
2021-01-01,UNO,4,36.6
2021-01-01,V2 CIGS,3,7
2021-01-01,VAPIN PLUS,5,282.20796
2021-01-01,VUSE,45,6495518.5
2021-02-01,21ST CENTURY SMOKE,3,132.987529
2021-02-01,BIDI,10,193243.39999999997
2021-02-01,BLU,27,280691.5
2021-02-01,BO VAPING,1,2.0999999999999996
2021-02-01,BUD VAPE,3,3556
2021-02-01,CIG2O,1,2
2021-02-01,CUE,1,4.9979215
2021-02-01,DINNER LADY,5,5639.763051
2021-02-01,EPIC,3,10765.5
2021-02-01,GLAS,14,72325.5
2021-02-01,GREEN SMOKE,1,3
2021-02-01,HYPPE,3,145.6
2021-02-01,IGNITE,15,43610.8
2021-02-01,JAK,2,101.25
2021-02-01,JUUL,19,3813194.488199999
2021-02-01,KOMGE,1,6.4
2021-02-01,KRAVE,2,6
2021-02-01,LEAP,18,60819.75
2021-02-01,LOGIC,10,186772.2
2021-02-01,MARKTEN,2,4
2021-02-01,MISTIC,3,12
2021-02-01,MNGO,8,287474.6
2021-02-01,NJOY,18,2548660.4730875
2021-02-01,POP,16,24908.199999999993
2021-02-01,PUFF,20,318.3
2021-02-01,PUUR VAPOR,19,146272
2021-02-01,STICK,9,4253.2
2021-02-01,STIG,1,19.5
2021-02-01,SWITCH MODS,4,8455.2
2021-02-01,UNO,3,38
2021-02-01,V2 CIGS,2,2
2021-02-01,VAPIN PLUS,2,29.987529
2021-02-01,VUSE,49,5449543.1
2021-03-01,21ST CENTURY SMOKE,1,89.60000000000001
2021-03-01,BIDI,10,235603.19999999995
2021-03-01,BLU,27,286569
2021-03-01,BUD VAPE,3,4972
2021-03-01,CUE,2,14.993764500000001
2021-03-01,DINNER LADY,5,5537.588457
2021-03-01,EPIC,3,11101.5
2021-03-01,GLAS,14,73200.40000000002
2021-03-01,HYPPE,2,203.20000000000002
2021-03-01,IGNITE,15,60205.600000000006
2021-03-01,JAK,2,87.5
2021-03-01,JUUL,20,3912744.2100879992
2021-03-01,KOMGE,1,38.400000000000006
2021-03-01,KRAVE,1,6
2021-03-01,LEAP,18,60321.5
2021-03-01,LOGIC,12,189858
2021-03-01,MARKTEN,2,3.2
2021-03-01,MISTIC,3,49.991686
2021-03-01,MNGO,8,350901.6
2021-03-01,MR VAPOR,2,12.599999999999998
2021-03-01,NICOTEK,2,11.995843
2021-03-01,NJOY,23,2501764.2992404993
2021-03-01,POP,16,30415.699999999997
2021-03-01,PUFF,22,352
2021-03-01,PUUR VAPOR,20,178774
2021-03-01,STICK,9,4941.999999999999
2021-03-01,SWITCH MODS,4,7501
2021-03-01,UNO,2,13.8
2021-03-01,VAPIN PLUS,5,77.66882249999999
2021-03-01,VUSE,49,5800224.5
2021-04-01,21ST CENTURY SMOKE,2,234.73764500000001
2021-04-01,BIDI,10,253323
2021-04-01,BLU,25,293406
2021-04-01,BO VAPING,1,7.699999999999999
2021-04-01,BUD VAPE,5,6287
2021-04-01,DINNER LADY,5,5229.6466550000005
2021-04-01,EPIC,2,11172
2021-04-01,FAZE,1,19.991686
2021-04-01,FINITI,1,3.5
2021-04-01,GLAS,16,70664.10000000002
2021-04-01,GREEN SMART LIVING,1,25
2021-04-01,IGNITE,15,70136.40000000001
2021-04-01,JAK,2,81.25
2021-04-01,JUUL,19,3938996.9710319983
2021-04-01,KRAVE,1,6
2021-04-01,LEAP,18,57128.75
2021-04-01,LOGIC,11,196367.591686
2021-04-01,MISTIC,2,14.995843
2021-04-01,MNGO,8,333349.8
2021-04-01,MR VAPOR,2,26.599999999999998
2021-04-01,NICOTEK,3,13.995843
2021-04-01,NJOY,18,2378865.729246
2021-04-01,POP,16,35114.899999999994
2021-04-01,PUFF,16,132.49999999999997
2021-04-01,PUUR VAPOR,21,201558
2021-04-01,STICK,9,4988.2
2021-04-01,SWITCH MODS,4,7108.4000000000005
2021-04-01,VAPIN PLUS,3,104.9563515
2021-04-01,VUSE,49,5848589.1
2021-05-01,21ST CENTURY SMOKE,3,143.7937645
2021-05-01,BIDI,10,250310.19999999998
2021-05-01,BLU,25,398040
2021-05-01,BUD VAPE,7,12693
2021-05-01,CIG2O,1,2
2021-05-01,CUE,1,14.993764500000001
2021-05-01,DINNER LADY,5,6004.150812
2021-05-01,EPIC,4,14031
2021-05-01,FINITI,1,5.25
2021-05-01,GLAS,18,88531.29999999999
2021-05-01,HYDE,4,24.6
2021-05-01,IGNITE,18,99584.7
2021-05-01,JAK,2,115
2021-05-01,JUST JUICE,1,589.7547370000001
2021-05-01,JUUL,19,5023813.4733919995
2021-05-01,LEAP,18,69805.5
2021-05-01,LOGIC,12,252892.8
2021-05-01,MARKTEN,2,6.4
2021-05-01,MISTIC,3,39.983372
2021-05-01,MNGO,8,434174.99999999994
2021-05-01,MR VAPOR,2,23.799999999999997
2021-05-01,NICOTEK,3,13
2021-05-01,NJOY,25,2876361.5684754997
2021-05-01,POP,15,27788.2
2021-05-01,PUFF,12,233.9
2021-05-01,PUUR VAPOR,30,267978
2021-05-01,STICK,9,6546.4
2021-05-01,SWITCH MODS,4,9629.1
2021-05-01,UNO,1,5.4
2021-05-01,V2 CIGS,1,1
2021-05-01,VAPIN PLUS,4,92.662587
2021-05-01,VUSE,47,7440410.800000001
2021-06-01,21ST CENTURY SMOKE,1,62.400000000000006
2021-06-01,BIDI,10,213282.99999999997
2021-06-01,BLU,27,334339.48692349996
2021-06-01,BUD VAPE,7,12949
2021-06-01,CUE,2,49.979214999999996
2021-06-01,DINNER LADY,6,4273.287993
2021-06-01,EPIC,3,10486.5
2021-06-01,GLAS,17,67341.29999999999
2021-06-01,HYDE,5,42.6
2021-06-01,IGNITE,18,110912.3
2021-06-01,JAK,2,47.5
2021-06-01,JUUL,20,4002479.8538639992
2021-06-01,LEAP,18,54586
2021-06-01,LOGIC,10,195276.6
2021-06-01,MARKTEN,1,0.8
2021-06-01,MISTIC,3,29.991686
2021-06-01,MNGO,8,359755.19999999995
2021-06-01,NICOTEK,1,1
2021-06-01,NJOY,20,2197594.9907759996
2021-06-01,POP,14,13228.699999999999
2021-06-01,PUFF,8,47.900000000000006
2021-06-01,PUUR VAPOR,31,230346
2021-06-01,SHENZEN HQD TECHNOLOGY,9,1435
2021-06-01,SHENZHEN GOLDREAMS TECHNOLOGY,6,156
2021-06-01,STICK,9,5250
2021-06-01,SWITCH MODS,4,6981.000000000001
2021-06-01,V2 CIGS,1,3
2021-06-01,VAPIN PLUS,3,59.975058
2021-06-01,VON ERL,1,7.541242499999999
2021-06-01,VUSE,47,6117554.300000001
2021-07-01,21ST CENTURY SMOKE,1,59.2
2021-07-01,BIDI,11,318358.60000000003
2021-07-01,BLU,29,439837.5
2021-07-01,BO VAPING,1,7
2021-07-01,BUD VAPE,7,22477
2021-07-01,DINNER LADY,6,5789.804621
2021-07-01,EPIC,3,10021.5
2021-07-01,GLAMEE,2,128
2021-07-01,GLAS,18,80613
2021-07-01,HYDE,10,73.6
2021-07-01,HYPPE,16,33054
2021-07-01,IGNITE,18,164338.39999999997
2021-07-01,JAK,2,58.75
2021-07-01,JUUL,22,4919943.410088001
2021-07-01,LEAP,18,64691.5
2021-07-01,LOGIC,9,244286.4
2021-07-01,MARKTEN,2,16
2021-07-01,MISTIC,1,5
2021-07-01,MNGO,8,454367.19999999995
2021-07-01,MR VAPOR,1,1.4
2021-07-01,NICOTEK,3,33.987529
2021-07-01,NJOY,20,2634512.5515464996
2021-07-01,POP,23,13704.399999999998
2021-07-01,PUFF,9,63.1
2021-07-01,PUUR VAPOR,31,291344
2021-07-01,SHENZEN HQD TECHNOLOGY,9,5456
2021-07-01,SHENZHEN GOLDREAMS TECHNOLOGY,6,286
2021-07-01,STICK,10,9254
2021-07-01,SWITCH MODS,10,10232.300000000001
2021-07-01,UNO,1,3.6
2021-07-01,V2 CIGS,2,2
2021-07-01,VAPIN PLUS,4,152.637645
2021-07-01,VUSE,45,7817572.799999999
2021-08-01,21ST CENTURY SMOKE,2,98.78752899999999
2021-08-01,AIRIS,1,12
2021-08-01,BIDI,10,161764.4
2021-08-01,BLU,30,352630.0082485
2021-08-01,BUD VAPE,7,19432
2021-08-01,DINNER LADY,6,4406.8212490000005
2021-08-01,EPIC,3,5643
2021-08-01,FINITI,1,1.75
2021-08-01,GLAMEE,2,240
2021-08-01,GLAS,17,60772.4
2021-08-01,GREEN SMOKE,1,3
2021-08-01,HELO,2,3216.4
2021-08-01,HYDE,9,90
2021-08-01,HYPPE,16,233754
2021-08-01,IGNITE,18,145460.2
2021-08-01,JAK,2,23.75
2021-08-01,JUUL,20,3870154.6733919983
2021-08-01,LEAP,18,49103.25
2021-08-01,LOGIC,12,189721.80000000002
2021-08-01,MARKTEN,4,28.000000000000004
2021-08-01,MISTIC,2,10.995843
2021-08-01,MNGO,8,350736.39999999997
2021-08-01,MR VAPOR,1,2.8
2021-08-01,NICOTEK,1,2
2021-08-01,NJOY,24,2045904.976531
2021-08-01,POP,27,48819.9
2021-08-01,PUFF,9,25.400000000000006
2021-08-01,PUUR VAPOR,31,218990
2021-08-01,SHENZEN HQD TECHNOLOGY,9,11683
2021-08-01,SHENZHEN GOLDREAMS TECHNOLOGY,6,409.5
2021-08-01,STICK,10,9731.399999999998
2021-08-01,SWITCH MODS,10,8352.5
2021-08-01,UNO,1,1.8
2021-08-01,V2 CIGS,1,2
2021-08-01,VAPIN PLUS,2,29.987529
2021-08-01,VUSE,46,6187137.300000001
2021-09-01,21ST CENTURY SMOKE,2,70.9937645
2021-09-01,AIRIS,4,60
2021-09-01,BIDI,11,138376
2021-09-01,BLU,32,353769.5
2021-09-01,BUD VAPE,7,20648
2021-09-01,CIG2O,1,2
2021-09-01,DINNER LADY,6,3424.337877
2021-09-01,EPIC,3,4072.5
2021-09-01,FINITI,1,1.75
2021-09-01,GLAMEE,2,336
2021-09-01,GLAS,16,59112.3
2021-09-01,HELO,2,4558.4000000000005
2021-09-01,HYDE,7,233.60000000000002
2021-09-01,HYPPE,16,348678
2021-09-01,IGNITE,19,224638.9
2021-09-01,IMPERIAL,1,99.95843
2021-09-01,JAK,2,21.25
2021-09-01,JUUL,20,3796741.375751999
2021-09-01,LEAP,18,45408.25
2021-09-01,LOGIC,8,190767
2021-09-01,MARKTEN,1,1.6
2021-09-01,MISTIC,1,9.995843
2021-09-01,MNGO,8,336732.20000000007
2021-09-01,MR VAPOR,1,4.199999999999999
2021-09-01,NJOY,22,2030925.721541
2021-09-01,POP,27,52902.1
2021-09-01,PUFF,8,120.1
2021-09-01,PUUR VAPOR,31,200962
2021-09-01,SHENZEN HQD TECHNOLOGY,9,20317
2021-09-01,SHENZHEN GOLDREAMS TECHNOLOGY,9,1303.3999999999999
2021-09-01,STICK,10,10228.399999999998
2021-09-01,SWITCH MODS,10,6880.9
2021-09-01,VAPIN PLUS,3,74.9688225
2021-09-01,VUSE,44,6260853.9
2021-10-01,21ST CENTURY SMOKE,3,117.99376450000001
2021-10-01,AIRIS,4,330
2021-10-01,BIDI,11,169644.99999999997
2021-10-01,BLU,31,432239.5
2021-10-01,BUD VAPE,8,24359.5
2021-10-01,CIG2O,1,2
2021-10-01,CUE,1,4.9979215
2021-10-01,DINNER LADY,6,3348.8420340000002
2021-10-01,DUO XTRA,3,2249
2021-10-01,EPIC,3,3499.5
2021-10-01,FINITI,2,21.75
2021-10-01,GLAMEE,1,64
2021-10-01,GLAS,15,69235.40000000001
2021-10-01,HELO,2,6270.000000000001
2021-10-01,HYDE,9,467.20000000000005
2021-10-01,HYPPE,16,502776
2021-10-01,IGNITE,20,338378.7
2021-10-01,JAK,2,21.25
2021-10-01,JUUL,23,4679657.405368001
2021-10-01,LEAP,18,53352.5
2021-10-01,LOGIC,13,237986.10000000003
2021-10-01,MARKTEN,1,1.6
2021-10-01,MISTIC,2,69.970901
2021-10-01,MNGO,8,386526
2021-10-01,MR VAPOR,1,8.399999999999999
2021-10-01,NICOTEK,2,20.991686
2021-10-01,NJOY,23,2468492.056158499
2021-10-01,POP,27,70292.70000000001
2021-10-01,PUFF,7,44
2021-10-01,PUUR VAPOR,31,217302
2021-10-01,SHENZEN HQD TECHNOLOGY,9,32741
2021-10-01,SHENZHEN GOLDREAMS TECHNOLOGY,6,483.7
2021-10-01,STICK,10,13823.599999999999
2021-10-01,SWITCH MODS,10,7963.8
2021-10-01,UNO,1,1.8
2021-10-01,V2 CIGS,1,1
2021-10-01,VAPIN PLUS,4,104.9563515
2021-10-01,VUSE,52,8009670.100000001
2021-11-01,21ST CENTURY SMOKE,2,62.9937645
2021-11-01,AIRIS,5,114
2021-11-01,BIDI,11,132206.19999999998
2021-11-01,BLU,28,345967.5
2021-11-01,BO VAPING,1,0.7
2021-11-01,BUD VAPE,8,20969.5
2021-11-01,DINNER LADY,6,2905.37529
2021-11-01,DUO XTRA,3,2977
2021-11-01,EPIC,2,2112
2021-11-01,GLAS,16,53860.30000000001
2021-11-01,HELO,2,4809.200000000001
2021-11-01,HYDE,6,187.20000000000002
2021-11-01,HYPPE,16,422484
2021-11-01,IGNITE,20,274208.2
2021-11-01,JAK,2,16.25
2021-11-01,JUUL,20,3689728.3905599993
2021-11-01,LEAP,18,40866.25
2021-11-01,LOGIC,8,180618.59999999998
2021-11-01,MARKTEN,1,3.2
2021-11-01,MISTIC,2,14.995843
2021-11-01,MNGO,12,258308.8
2021-11-01,MR VAPOR,1,1.4
2021-11-01,NICOTEK,2,7
2021-11-01,NJOY,21,1942454.069235
2021-11-01,POP,24,54937.2
2021-11-01,PUFF,3,14.200000000000001
2021-11-01,PUUR VAPOR,31,160688
2021-11-01,RIP TIDE RIPSTICK,1,1.4
2021-11-01,SHENZEN HQD TECHNOLOGY,9,31498
2021-11-01,SHENZHEN GOLDREAMS TECHNOLOGY,4,136.5
2021-11-01,STICK,10,11229.399999999998
2021-11-01,SWITCH MODS,10,4934.8
2021-11-01,UNO,1,3.6
2021-11-01,V2 CIGS,2,5
2021-11-01,VAPIN PLUS,3,74.9688225
2021-11-01,VUSE,45,6507856.600000001
2021-12-01,21ST CENTURY SMOKE,1,67.2
2021-12-01,AIRIS,6,120
2021-12-01,BIDI,10,124279.39999999998
2021-12-01,BLU,29,349521.5082485
2021-12-01,BUD VAPE,8,19571
2021-12-01,DINNER LADY,6,2219.921017
2021-12-01,DUO XTRA,3,1033.5
2021-12-01,EPIC,2,1537.5
2021-12-01,GLAS,15,52666.90000000001
2021-12-01,HELO,2,4144.8
2021-12-01,HYDE,7,179.20000000000002
2021-12-01,HYPPE,16,405630
2021-12-01,IGNITE,20,300816
2021-12-01,JAK,2,8.75
2021-12-01,JUUL,20,3676311.9366959995
2021-12-01,LEAP,18,39370.75
2021-12-01,LOGIC,8,184120.2
2021-12-01,MISTIC,3,30.987529000000002
2021-12-01,MNGO,12,221438.40000000002
2021-12-01,NICOTEK,1,4
2021-12-01,NJOY,20,1931050.3215410002
2021-12-01,PACHA,1,676
2021-12-01,POP,25,50688.29999999999
2021-12-01,PUFF,5,14.9
2021-12-01,PUUR VAPOR,31,138938
2021-12-01,SHENZEN HQD TECHNOLOGY,9,35630
2021-12-01,SHENZHEN GOLDREAMS TECHNOLOGY,5,80.7
2021-12-01,STICK,10,10309.599999999999
2021-12-01,SWITCH MODS,10,3365.7000000000007
2021-12-01,V2 CIGS,1,1
2021-12-01,VAPIN PLUS,1,14.9937645
2021-12-01,VUSE,44,6614126.1
2021-12-01,ZEO,12,14451.199999999999
2022-01-01,21ST CENTURY SMOKE,2,197.937645
2022-01-01,AIRIS,5,48
2022-01-01,BANG,3,18
2022-01-01,BIDI,10,102095
2022-01-01,BLU,34,346116.2718365
2022-01-01,BUD VAPE,8,18009.5
2022-01-01,DINNER LADY,7,2303.4043890000003
2022-01-01,DUO XTRA,3,305.5
2022-01-01,EPIC,1,727.5
2022-01-01,GLAS,16,49799.100000000006
2022-01-01,HELO,2,3528.8
2022-01-01,HYDE,9,132.8
2022-01-01,HYPPE,16,377436
2022-01-01,IGNITE,22,289793.69999999995
2022-01-01,JAK,2,3.75
2022-01-01,JUUL,21,3557863.019504
2022-01-01,KRAVE,1,2
2022-01-01,LEAP,18,36853.5
2022-01-01,LOGIC,12,183403.8
2022-01-01,MARKTEN,1,0.8
2022-01-01,MNGO,12,171328.2
2022-01-01,NICOTEK,1,2
2022-01-01,NJOY,17,1729567.9999999998
2022-01-01,PACHA,2,4340
2022-01-01,POP,28,56978.7
2022-01-01,PUFF,2,10.4
2022-01-01,PUUR VAPOR,31,116846
2022-01-01,SHENZEN HQD TECHNOLOGY,9,37812
2022-01-01,SHENZHEN GOLDREAMS TECHNOLOGY,3,97.5
2022-01-01,STICK,9,9471
2022-01-01,SWITCH MODS,9,2852.74296
2022-01-01,V2 CIGS,2,3
2022-01-01,VAPIN PLUS,1,14.9937645
2022-01-01,VUSE,42,6015567
2022-01-01,ZEO,12,16588.8
2022-02-01,21ST CENTURY SMOKE,1,33.6
2022-02-01,AIRIS,6,186
2022-02-01,BANG,1,6
2022-02-01,BIDI,10,83480.6
2022-02-01,BLU,35,350867.603708
2022-02-01,BUD VAPE,8,19084
2022-02-01,DINNER LADY,7,1530.4334880000001
2022-02-01,DUO XTRA,3,149.5
2022-02-01,E S,1,1.3
2022-02-01,EPIC,1,648
2022-02-01,FAZE,1,9.995843
2022-02-01,FINITI,2,8.25
2022-02-01,GLAS,14,50823.5
2022-02-01,HELO,2,3819.2000000000003
2022-02-01,HYDE,9,121.60000000000001
2022-02-01,HYPPE,16,512892
2022-02-01,IGNITE,22,318667.6
2022-02-01,JAK,2,7.5
2022-02-01,JUUL,22,3618002.845048
2022-02-01,LEAP,17,35342.75
2022-02-01,LOGIC,7,182239.2
2022-02-01,MNGO,12,181152.8
2022-02-01,MR VAPOR,1,1.4
2022-02-01,NJOY,18,1763591.3869234999
2022-02-01,PACHA,7,9024
2022-02-01,POP,28,44068.40000000001
2022-02-01,PUFF,6,38.900000000000006
2022-02-01,PUUR VAPOR,31,107520
2022-02-01,SHENZEN HQD TECHNOLOGY,9,41108
2022-02-01,SHENZHEN GOLDREAMS TECHNOLOGY,3,11
2022-02-01,STICK,9,9613.8
2022-02-01,SWITCH MODS,9,2769.423262
2022-02-01,UNO,2,17.8
2022-02-01,V2 CIGS,1,1
2022-02-01,VAPIN PLUS,1,14.9937645
2022-02-01,VUSE,45,6303306.8
2022-02-01,ZEO,12,18870.4
2022-03-01,21ST CENTURY SMOKE,2,70.9937645
2022-03-01,AIRIS,10,428
2022-03-01,BANG,4,30
2022-03-01,BIDI,10,59584
2022-03-01,BLU,33,338078.135475
2022-03-01,BUD VAPE,8,19546
2022-03-01,CUE,1,4.9979215
2022-03-01,DINNER LADY,7,1864.437645
2022-03-01,DUO XTRA,3,71.5
2022-03-01,EPIC,1,4438.5
2022-03-01,FUME,7,296
2022-03-01,GLAS,16,49424.7
2022-03-01,HELO,2,3902.8
2022-03-01,HYPPE,16,558036
2022-03-01,IGNITE,22,334240.19999999995
2022-03-01,JAK,2,6.25
2022-03-01,JUUL,21,3622829.389208
2022-03-01,LEAP,18,34165
2022-03-01,LOGIC,8,183771.6
2022-03-01,MNGO,12,180795.4
2022-03-01,MR VAPOR,1,1.4
2022-03-01,NJOY,18,1744493.1999999997
2022-03-01,PACHA,7,21692
2022-03-01,POP,28,26276.899999999998
2022-03-01,PUFF,6,53.2
2022-03-01,PUUR VAPOR,31,107300
2022-03-01,RIP TIDE RIPSTICK,2,2.8
2022-03-01,SAVAGE,10,2660
2022-03-01,SHENZEN HQD TECHNOLOGY,9,44314
2022-03-01,STICK,9,17180.799999999996
2022-03-01,SWITCH MODS,8,2387.1936459999997
2022-03-01,UNO,1,1.8
2022-03-01,V2 CIGS,2,2
2022-03-01,VAPIN PLUS,3,59.975058
2022-03-01,VUSE,48,6366534.9
2022-03-01,ZEO,12,70259.20000000001
2022-04-01,21ST CENTURY SMOKE,1,43.2
2022-04-01,AIRIS,13,1012
2022-04-01,BANG,5,68
2022-04-01,BIDI,10,50474.19999999999
2022-04-01,BLU,31,384122.4912055
2022-04-01,BUD VAPE,8,24753
2022-04-01,CUE,1,24.9896075
2022-04-01,DINNER LADY,7,2546.4792150000003
2022-04-01,DUO XTRA,3,91
2022-04-01,EPIC,1,3850.5
2022-04-01,FUME,12,1008
2022-04-01,GLAS,15,60230.3
2022-04-01,HELO,2,3652
2022-04-01,HYPPE,17,723283
2022-04-01,IGNITE,22,394046
2022-04-01,JAK,2,3.75
2022-04-01,JUUL,23,4538555.98064
2022-04-01,LEAP,18,42633.25
2022-04-01,LOGIC,10,230332.80000000002
2022-04-01,MARKTEN,1,0.8
2022-04-01,MISTIC,2,31
2022-04-01,MNGO,12,197921.4
2022-04-01,NICOTEK,1,9.995843
2022-04-01,NJOY,19,2134583.573847
2022-04-01,PACHA,9,52873.286335
2022-04-01,POP,27,20410.199999999997
2022-04-01,PUFF,3,13
2022-04-01,PUUR VAPOR,31,112158
2022-04-01,SAVAGE,10,27004
2022-04-01,SHENZEN HQD TECHNOLOGY,9,54092
2022-04-01,SHENZHEN GOLDREAMS TECHNOLOGY,2,22.2
2022-04-01,STICK,9,31516.799999999996
2022-04-01,SWITCH MODS,8,3389.62445
2022-04-01,V2 CIGS,2,5
2022-04-01,VAPIN PLUS,1,14.9937645
2022-04-01,VUSE,49,8058699.500000001
2022-04-01,ZEO,12,106246.4
2022-05-01,21ST CENTURY SMOKE,2,66.1937645
2022-05-01,AIRIS,8,656
2022-05-01,BANG,1,6
2022-05-01,BIDI,10,25215.4
2022-05-01,BLU,32,254578.6219545
2022-05-01,BUD VAPE,8,16105
2022-05-01,DINNER LADY,7,904.475058
2022-05-01,DUO XTRA,2,13
2022-05-01,EPIC,1,853.5
2022-05-01,FAZE,2,19.991686
2022-05-01,FUME,12,712
2022-05-01,GLAS,14,45704.1
2022-05-01,HELO,2,1364
2022-05-01,HYPPE,16,586698
2022-05-01,IGNITE,24,206330.4
2022-05-01,JAK,1,1.25
2022-05-01,JUUL,22,3659346.551519999
2022-05-01,LEAP,17,33463.25
2022-05-01,LOGIC,9,185529.05
2022-05-01,MARKTEN,3,5.6000000000000005
2022-05-01,MISTIC,2,59.995843
2022-05-01,MNGO,14,102758.19999999998
2022-05-01,NJOY,17,1706178.5607704998
2022-05-01,PACHA,9,36348.224565
2022-05-01,POP,28,7155.399999999999
2022-05-01,PUFF,4,8.4
2022-05-01,PUUR VAPOR,31,78886
2022-05-01,SAVAGE,10,35136
2022-05-01,SHENZEN HQD TECHNOLOGY,9,45388
2022-05-01,SHENZHEN GOLDREAMS TECHNOLOGY,1,526.5
2022-05-01,STICK,9,34225.799999999996
2022-05-01,SWITCH MODS,7,2153.136882
2022-05-01,V2 CIGS,1,1
2022-05-01,VUSE,47,6500457.200000001
2022-05-01,ZEO,12,98918.40000000001
2022-06-01,21ST CENTURY SMOKE,1,33.6
2022-06-01,AIRIS,7,398
2022-06-01,BANG,2,8
2022-06-01,BIDI,10,14266
2022-06-01,BLU,30,238119.6589935
2022-06-01,BUD VAPE,8,4240
2022-06-01,DINNER LADY,5,53.987529
2022-06-01,DUO XTRA,1,13
2022-06-01,EPIC,1,552
2022-06-01,FUME,11,596
2022-06-01,GLAS,18,41965.30000000001
2022-06-01,HELO,2,488.4
2022-06-01,HYPPE,16,565602
2022-06-01,IGNITE,26,174029.59999999998
2022-06-01,JUUL,22,3768809.6823840006
2022-06-01,LEAP,18,32090.5
2022-06-01,LOGIC,9,188859.05
2022-06-01,MNGO,14,50275.59999999999
2022-06-01,NICOTEK,1,39.983372
2022-06-01,NJOY,18,1695130.7738469997
2022-06-01,PACHA,9,38343.739604999995
2022-06-01,POP,27,4253.4000000000005
2022-06-01,PUFF,4,12.3
2022-06-01,PUUR VAPOR,31,72992
2022-06-01,SAVAGE,10,43804
2022-06-01,SHENZEN HQD TECHNOLOGY,9,46289
2022-06-01,SHENZHEN GOLDREAMS TECHNOLOGY,1,182
2022-06-01,STICK,9,35565.59999999999
2022-06-01,SWITCH MODS,7,1421.1468
2022-06-01,V2 CIGS,1,1
2022-06-01,VUSE,47,6676659.799999999
2022-06-01,ZEO,23,75470.8
2022-07-01,21ST CENTURY SMOKE,2,80.5937645
2022-07-01,AIRIS,7,452
2022-07-01,BANG,1,2
2022-07-01,BIDI,10,10203.199999999997
2022-07-01,BLU,29,269377.754817
2022-07-01,BUD VAPE,7,1183
2022-07-01,DINNER LADY,3,54.479215
2022-07-01,DUO XTRA,2,13
2022-07-01,EPIC,1,594
2022-07-01,FUME,12,976
2022-07-01,GLAS,16,48885.2
2022-07-01,HELO,2,325.6
2022-07-01,HYPPE,16,695514
2022-07-01,IGNITE,26,226004.09999999998
2022-07-01,JUUL,21,3546900.716552
2022-07-01,LEAP,18,41140.5
2022-07-01,LOGIC,8,238374.75
2022-07-01,MARKTEN,1,1.6
2022-07-01,MISTIC,1,9.995843
2022-07-01,MNGO,14,37641.2
2022-07-01,NICOTEK,2,19.991686
2022-07-01,NJOY,19,2139664.5999999996
2022-07-01,PACHA,9,55030.148329999996
2022-07-01,POP,27,3644
2022-07-01,PUFF,6,23.7
2022-07-01,PUUR VAPOR,31,81712
2022-07-01,SAVAGE,10,64038
2022-07-01,SHENZEN HQD TECHNOLOGY,9,57252
2022-07-01,SHENZHEN GOLDREAMS TECHNOLOGY,2,180.9
2022-07-01,STICK,9,44962.399999999994
2022-07-01,SWITCH MODS,8,1638.270246
2022-07-01,VAPIN PLUS,1,29.987529
2022-07-01,VUSE,51,8737673.6
2022-07-01,ZEO,23,77372.8
2022-08-01,21ST CENTURY SMOKE,2,220.9812935
2022-08-01,AIRIS,5,258
2022-08-01,AVATA,1,312
2022-08-01,BANG,6,100
2022-08-01,BIDI,10,5311.5999999999995
2022-08-01,BLU,33,187250.8850435
2022-08-01,BUD VAPE,5,217
2022-08-01,DINNER LADY,5,33.995843
2022-08-01,DUO XTRA,2,19.5
2022-08-01,EPIC,1,91.5
2022-08-01,ESCO BARS,8,138
2022-08-01,FUME,11,856
2022-08-01,GLAS,13,33488
2022-08-01,GREEN SMOKE,1,1
2022-08-01,HELO,2,149.60000000000002
2022-08-01,HYPPE,17,537168
2022-08-01,IGNITE,26,89727.69999999998
2022-08-01,JAK,1,3.75
2022-08-01,JUUCY,3,90
2022-08-01,JUUL,21,2849867.474488
2022-08-01,LEAP,18,31836
2022-08-01,LOGIC,7,187518
2022-08-01,MNGO,14,20173
2022-08-01,NJOY,16,1679434.4000000001
2022-08-01,PACHA,9,46204.664059999996
2022-08-01,POP,28,2354.9
2022-08-01,PUFF,3,6.6
2022-08-01,PUUR VAPOR,33,61326
2022-08-01,RIP TIDE RIPSTICK,1,1.4
2022-08-01,SAVAGE,10,50244
2022-08-01,SHENZEN HQD TECHNOLOGY,13,45884
2022-08-01,SHENZHEN GOLDREAMS TECHNOLOGY,1,71.5
2022-08-01,STICK,9,35414.399999999994
2022-08-01,SWITCH MODS,8,1120.7813979999999
2022-08-01,VAPIN PLUS,1,14.9937645
2022-08-01,VUSE,50,6943964.300000001
2022-08-01,ZEO,23,65124.400000000016
2022-09-01,21ST CENTURY SMOKE,1,25.6
2022-09-01,AIRIS,4,298
2022-09-01,AVATA,1,7428
2022-09-01,BANG,2,22
2022-09-01,BIDI,10,3784.2
2022-09-01,BLU,34,179871.7365705
2022-09-01,BUD VAPE,4,56
2022-09-01,DINNER LADY,4,15
2022-09-01,DUO XTRA,2,19.5
2022-09-01,EPIC,1,66
2022-09-01,ESCO BARS,9,8196
2022-09-01,FINITI,1,1.75
2022-09-01,FUME,17,1400
2022-09-01,GLAS,15,30539.6
2022-09-01,HELO,2,123.2
2022-09-01,HYPPE,17,493032
2022-09-01,IGNITE,26,44093.899999999994
2022-09-01,JAK,1,1.25
2022-09-01,JUUCY,3,624
2022-09-01,JUUL,20,2809138.456719999
2022-09-01,LEAP,18,32226
2022-09-01,LOGIC,7,186536.45
2022-09-01,MNGO,14,16068.4
2022-09-01,NJOY,19,1672257.9869235
2022-09-01,PACHA,9,37371.285875
2022-09-01,POP,27,1666.1
2022-09-01,PUFF,4,25.599999999999998
2022-09-01,PUUR VAPOR,33,56534
2022-09-01,SAVAGE,10,30234
2022-09-01,SHENZEN HQD TECHNOLOGY,14,47658
2022-09-01,SHENZHEN GOLDREAMS TECHNOLOGY,3,1160
2022-09-01,STICK,9,33994.799999999996
2022-09-01,SWITCH MODS,9,899.750548
2022-09-01,VUSE,50,6829335.4
2022-09-01,ZEO,23,57326.80000000001
2022-10-01,21ST CENTURY SMOKE,1,81.60000000000001
2022-10-01,AIRIS,4,64
2022-10-01,AVATA,1,31368
2022-10-01,BANG,2,12
2022-10-01,BIDI,10,3578.399999999999
2022-10-01,BLU,32,208521.7416605
2022-10-01,BO VAPING,1,5.6
2022-10-01,BUD VAPE,2,105
2022-10-01,CUE,2,9.995843
2022-10-01,DUO XTRA,2,19.5
2022-10-01,EPIC,1,16.5
2022-10-01,ESCO BARS,9,22818
2022-10-01,FUME,20,2664
2022-10-01,GLAS,15,33324.2
2022-10-01,HELO,2,233.20000000000002
2022-10-01,HYPPE,17,505272
2022-10-01,IGNITE,26,49210.299999999996
2022-10-01,JAK,1,2.5
2022-10-01,JUUCY,3,666
2022-10-01,JUUL,21,3386273.804472
2022-10-01,LEAP,17,38512.5
2022-10-01,LOGIC,7,233925.75
2022-10-01,MADURO DISTRIBUTORS,6,50979.5
2022-10-01,MNGO,14,15143.599999999999
2022-10-01,NJOY,17,2042538.6
2022-10-01,PACHA,9,40095.528355
2022-10-01,POP,27,1633.4999999999995
2022-10-01,PUFF,3,4
2022-10-01,PUUR VAPOR,33,53028
2022-10-01,SAVAGE,10,17254
2022-10-01,SHENZEN HQD TECHNOLOGY,21,62374
2022-10-01,SHENZHEN GOLDREAMS TECHNOLOGY,5,5420
2022-10-01,STICK,9,34512.799999999996
2022-10-01,SWITCH MODS,9,655.33574
2022-10-01,V2 CIGS,1,1
2022-10-01,VAPIN PLUS,2,44.9812935
2022-10-01,VUSE,48,8296218.600000001
2022-10-01,ZEO,24,86010.8
2022-11-01,21ST CENTURY SMOKE,1,48
2022-11-01,AVATA,1,57492
2022-11-01,BANG,5,34
2022-11-01,BIDI,10,1888.5999999999997
2022-11-01,BLU,28,164469.3774995
2022-11-01,BO VAPING,1,2.0999999999999996
2022-11-01,BUD VAPE,2,49
2022-11-01,DINNER LADY,2,21.491686
2022-11-01,EPIC,1,16.5
2022-11-01,ESCO BARS,9,26496
2022-11-01,FUME,19,2220
2022-11-01,GLAS,15,23205
2022-11-01,HELO,2,74.80000000000001
2022-11-01,HYPPE,17,336534
2022-11-01,IGNITE,25,34915
2022-11-01,IMIRACLE,1,26
2022-11-01,JAK,1,1.25
2022-11-01,JUUCY,3,510
2022-11-01,JUUL,19,2669415.17444
2022-11-01,LEAP,16,29399.25
2022-11-01,LOGIC,9,184312.85
2022-11-01,MADURO DISTRIBUTORS,8,51941.5
2022-11-01,MISTIC,1,5
2022-11-01,MNGO,14,9427.4
2022-11-01,NICOTEK,1,19.991686
2022-11-01,NJOY,16,1593880.7999999998
2022-11-01,PACHA,9,24858.316875
2022-11-01,POP,27,848.9999999999999
2022-11-01,PUFF,1,3.2
2022-11-01,PUUR VAPOR,33,30072
2022-11-01,SAVAGE,10,5150
2022-11-01,SHENZEN HQD TECHNOLOGY,20,51161
2022-11-01,SHENZHEN GOLDREAMS TECHNOLOGY,4,1074
2022-11-01,STAGBAR,10,2561
2022-11-01,STICK,9,25128.599999999995
2022-11-01,SWITCH MODS,9,487.62586799999997
2022-11-01,VAPIN PLUS,2,44.9812935
2022-11-01,VUSE,46,6556181.200000001
2022-11-01,ZEO,23,71792.4
2022-12-01,21ST CENTURY SMOKE,1,64
2022-12-01,AVATA,13,60360
2022-12-01,BANG,1,4
2022-12-01,BIDI,10,1468.5999999999997
2022-12-01,BLU,31,199652.78167599998
2022-12-01,BO VAPING,1,1.4
2022-12-01,BUD VAPE,4,42
2022-12-01,DUO XTRA,2,19.5
2022-12-01,EPIC,1,75
2022-12-01,ESCO BARS,9,37908
2022-12-01,FUME,18,1636
2022-12-01,GLAS,13,27047.800000000003
2022-12-01,HELO,1,22
2022-12-01,HYPPE,17,390306
2022-12-01,IGNITE,22,40294.399999999994
2022-12-01,IMIRACLE,2,897
2022-12-01,JAK,1,1.25
2022-12-01,JUUCY,3,438
2022-12-01,JUUL,19,3286129.109512
2022-12-01,LEAP,16,37016.25
2022-12-01,LOGIC,6,231336
2022-12-01,MADURO DISTRIBUTORS,8,67216.5
2022-12-01,MNGO,14,10431.599999999999
2022-12-01,NJOY,21,1966516.3738469998
2022-12-01,PACHA,9,26529.983464999998
2022-12-01,POP,28,775.7
2022-12-01,PUFF,2,6.4
2022-12-01,PUUR VAPOR,33,27624
2022-12-01,SAVAGE,10,2982
2022-12-01,SHENZEN HQD TECHNOLOGY,21,61636
2022-12-01,SHENZHEN GOLDREAMS TECHNOLOGY,3,320
2022-12-01,STAGBAR,15,42471
2022-12-01,STICK,9,29152.199999999997
2022-12-01,SWITCH MODS,12,436.90365600000007
2022-12-01,VAPIN PLUS,1,14.9937645
2022-12-01,VUSE,48,8200713.2
2022-12-01,ZEO,24,86974.59999999999
2023-01-01,21ST CENTURY SMOKE,2,46.9937645
2023-01-01,AVATA,12,31008
2023-01-01,BIDI,10,760.2
2023-01-01,BLU,29,142263.2836075
2023-01-01,BUD VAPE,1,7
2023-01-01,EPIC,2,13.5
2023-01-01,ESCO BARS,9,32376
2023-01-01,FUME,18,1180
2023-01-01,GLAS,13,19553.3
2023-01-01,HELO,2,66
2023-01-01,HYPPE,17,271765
2023-01-01,IGNITE,21,29592.8
2023-01-01,IMIRACLE,3,4238
2023-01-01,JUUCY,2,114
2023-01-01,JUUL,17,2443421.19128
2023-01-01,LEAP,16,28382
2023-01-01,LOGIC,6,179387.4
2023-01-01,MADURO DISTRIBUTORS,7,46683
2023-01-01,MNGO,14,7208.799999999999
2023-01-01,NJOY,20,1637561.2
2023-01-01,PACHA,9,23878.377495
2023-01-01,POP,22,246.00000000000006
2023-01-01,PUUR VAPOR,32,13940
2023-01-01,SAVAGE,10,1374
2023-01-01,SHENZEN HQD TECHNOLOGY,21,43562
2023-01-01,SHENZHEN GOLDREAMS TECHNOLOGY,2,50
2023-01-01,STAGBAR,15,48100
2023-01-01,STICK,10,25520.599999999995
2023-01-01,SWITCH MODS,11,546.151782
2023-01-01,VAPIN PLUS,1,14.9937645
2023-01-01,VUSE,47,6548765.2
2023-01-01,ZEO,24,61009.19999999999
2023-02-01,21ST CENTURY SMOKE,1,16
2023-02-01,AVATA,12,29220
2023-02-01,BIDI,10,1184.3999999999999
2023-02-01,BLU,28,137779.49806850002
2023-02-01,BUD VAPE,2,21
2023-02-01,CUE,1,49.979215
2023-02-01,EPIC,2,13.5
2023-02-01,ESCO BARS,9,34458
2023-02-01,FUME,16,728
2023-02-01,GLAS,14,18829.2
2023-02-01,HELO,1,8.8
2023-02-01,HYPPE,20,259117
2023-02-01,IGNITE,20,38419.1
2023-02-01,IMIRACLE,2,5863
2023-02-01,JUUCY,2,48
2023-02-01,JUUL,19,2408592.5979359993
2023-02-01,LEAP,16,28099.25
2023-02-01,LOGIC,8,182928.59999999998
2023-02-01,MADURO DISTRIBUTORS,7,93138.5
2023-02-01,MNGO,13,7251.799999999999
2023-02-01,NJOY,20,1637847.3000000003
2023-02-01,PACHA,9,31476.619515
2023-02-01,POP,18,262.09999999999997
2023-02-01,PUUR VAPOR,32,8422
2023-02-01,SAVAGE,10,590
2023-02-01,SHENZEN HQD TECHNOLOGY,21,43722
2023-02-01,STAGBAR,16,55822
2023-02-01,STICK,10,20623.399999999998
2023-02-01,SWITCH MODS,7,537.039442
2023-02-01,VUSE,45,6559507.599999999
2023-02-01,ZEO,24,59767.600000000006
2023-03-01,21ST CENTURY SMOKE,1,48
2023-03-01,AVATA,12,31524
2023-03-01,BIDI,10,657.9999999999999
2023-03-01,BLU,27,139197.2011225
2023-03-01,BUD VAPE,2,28
2023-03-01,DUO XTRA,2,13
2023-03-01,EPIC,2,75
2023-03-01,ESCO BARS,9,39930
2023-03-01,FUME,14,636
2023-03-01,GLAS,14,17491.499999999996
2023-03-01,HELO,1,4.4
2023-03-01,HYDE,1,12.8
2023-03-01,HYPPE,22,258691
2023-03-01,IGNITE,22,41474.7
2023-03-01,IMIRACLE,4,5980
2023-03-01,JAK,1,1.25
2023-03-01,JUUCY,2,54
2023-03-01,JUUL,17,2389546.7304640003
2023-03-01,LEAP,16,27522.25
2023-03-01,LOGIC,6,183980.4
2023-03-01,MADURO DISTRIBUTORS,7,101666.5
2023-03-01,MNGO,13,6196.8
2023-03-01,NJOY,21,1664580.1999999997
2023-03-01,PACHA,9,17647.84753
2023-03-01,POP,17,146.90000000000003
2023-03-01,PUUR VAPOR,32,5582
2023-03-01,SAVAGE,10,674
2023-03-01,SHENZEN HQD TECHNOLOGY,24,44846
2023-03-01,SHENZHEN GOLDREAMS TECHNOLOGY,2,60
2023-03-01,STAGBAR,18,70252
2023-03-01,STICK,10,19412.399999999998
2023-03-01,SWITCH MODS,11,308.16910399999995
2023-03-01,VUSE,49,6602053.799999999
2023-03-01,ZEO,23,53077.80000000002
2023-04-01,21ST CENTURY SMOKE,2,181.937645
2023-04-01,AVATA,12,34992
2023-04-01,BIDI,10,579.6
2023-04-01,BLU,26,169662.428922
2023-04-01,BUD VAPE,1,21
2023-04-01,CUE,1,4.9979215
2023-04-01,EPIC,2,13.5
2023-04-01,ESCO BARS,9,72228
2023-04-01,FUME,15,936
2023-04-01,GLAS,14,19371.3
2023-04-01,HELO,2,8.8
2023-04-01,HYDE,7,33.60000000000001
2023-04-01,HYPPE,20,313279
2023-04-01,IGNITE,22,53453.99999999999
2023-04-01,IMIRACLE,7,6515
2023-04-01,JUUCY,1,12
2023-04-01,JUUL,20,2963690.505439999
2023-04-01,LEAP,17,33479.5
2023-04-01,LOGIC,6,226042.80000000002
2023-04-01,MADURO DISTRIBUTORS,7,125989.5
2023-04-01,MISTIC,2,19.991686
2023-04-01,MNGO,11,6620.8
2023-04-01,NJOY,20,2073702
2023-04-01,PACHA,9,22726.286565000002
2023-04-01,POP,17,123.00000000000001
2023-04-01,POSH,1,5
2023-04-01,PUUR VAPOR,30,2946
2023-04-01,SAVAGE,12,565
2023-04-01,SHENZEN HQD TECHNOLOGY,22,74035
2023-04-01,STAGBAR,18,78507
2023-04-01,STICK,10,23361.8
2023-04-01,SWITCH MODS,11,371.920932
2023-04-01,VUSE,50,8080570.2
2023-04-01,ZEO,24,70580.8
2023-05-01,21ST CENTURY SMOKE,1,67.2
2023-05-01,AVATA,12,25980
2023-05-01,BIDI,10,1559.6
2023-05-01,BLU,26,131998.49491
2023-05-01,DUO XTRA,1,6.5
2023-05-01,EPIC,2,34.5
2023-05-01,ESCO BARS,10,64764
2023-05-01,FUME,16,848
2023-05-01,GLAS,12,15343.9
2023-05-01,HELO,1,4.4
2023-05-01,HYDE,6,22.4
2023-05-01,HYPPE,20,234000
2023-05-01,IGNITE,18,44656.7
2023-05-01,IMIRACLE,13,5639.5
2023-05-01,JAK,1,2.5
2023-05-01,JUUL,19,2303366.9608319993
2023-05-01,LEAP,16,25212.75
2023-05-01,LOGIC,6,182586.6
2023-05-01,MADURO DISTRIBUTORS,7,100412
2023-05-01,MNGO,13,5708.2
2023-05-01,NICOTEK,1,9.995843
2023-05-01,NJOY,18,1649366.2
2023-05-01,PACHA,8,13796.862915
2023-05-01,POP,12,167.69999999999996
2023-05-01,POSH,1,5670
2023-05-01,PUUR VAPOR,29,1182
2023-05-01,SAVAGE,9,6088
2023-05-01,SHENZEN HQD TECHNOLOGY,22,65696
2023-05-01,SHENZHEN GOLDREAMS TECHNOLOGY,1,30
2023-05-01,STAGBAR,18,60528
2023-05-01,STICK,10,18257.4
2023-05-01,SWITCH MODS,11,245.78514599999997
2023-05-01,VUSE,47,6634201.100000002
2023-05-01,ZEO,29,51434.80000000001
2023-06-01,21ST CENTURY SMOKE,1,48
2023-06-01,AVATA,12,25176
2023-06-01,BIDI,11,13372.8
2023-06-01,BLU,26,120540.961916
2023-06-01,BO VAPING,1,2.8
2023-06-01,BREEZE,18,57876
2023-06-01,EPIC,1,4.5
2023-06-01,ESCO BARS,10,65958
2023-06-01,FUME,16,648
2023-06-01,GLAS,13,14683.5
2023-06-01,HYDE,6,22.400000000000002
2023-06-01,HYPPE,18,252385
2023-06-01,IGNITE,20,42379.399999999994
2023-06-01,IMIRACLE,11,5881
2023-06-01,JUICY,1,1105
2023-06-01,JUICY BAR,8,11908
2023-06-01,JUUL,18,2228312.1340639996
2023-06-01,LEAP,16,23910.75
2023-06-01,LOGIC,6,174547.2
2023-06-01,MADURO DISTRIBUTORS,7,100262.5
2023-06-01,MNGO,14,11288.599999999999
2023-06-01,NJOY,17,1598725.8999999997
2023-06-01,PACHA,9,20102.832145
2023-06-01,POP,9,53.300000000000004
2023-06-01,POSH,1,4900
2023-06-01,PUUR VAPOR,23,740
2023-06-01,SAVAGE,10,9597
2023-06-01,SHENZEN HQD TECHNOLOGY,21,66376
2023-06-01,SHENZHEN GOLDREAMS TECHNOLOGY,1,40
2023-06-01,STAGBAR,18,57473
2023-06-01,STICK,10,17887.8
2023-06-01,SWITCH MODS,8,348.497486
2023-06-01,VAPIN PLUS,4,134.9438805
2023-06-01,VUSE,48,6746659.199999998
2023-06-01,ZEO,28,47033.999999999985
2023-07-01,21ST CENTURY SMOKE,1,64
2023-07-01,AVATA,12,28824
2023-07-01,BIDI,11,50066.799999999996
2023-07-01,BLU,26,143748.313443
2023-07-01,BREEZE,20,410994
2023-07-01,EPIC,1,7.5
2023-07-01,ESCO BARS,10,74838
2023-07-01,FUME,14,892
2023-07-01,GLAS,12,15731.300000000003
2023-07-01,HYDE,4,17.6
2023-07-01,HYPPE,21,473134
2023-07-01,IGNITE,21,44756.99999999999
2023-07-01,IMIRACLE,13,8204
2023-07-01,JUICY,1,3744
2023-07-01,JUICY BAR,8,30303
2023-07-01,JUUL,19,2753445.2673759996
2023-07-01,LEAP,16,28098
2023-07-01,LOGIC,6,214860.6
2023-07-01,MADURO DISTRIBUTORS,7,126841
2023-07-01,MNGO,14,48016.2
2023-07-01,NJOY,19,1959266.3
2023-07-01,PACHA,9,24238.39265
2023-07-01,PALAX,5,1494
2023-07-01,POP,5,8.4
2023-07-01,POSH,1,3075
2023-07-01,PUUR VAPOR,21,732
2023-07-01,SAVAGE,11,13863
2023-07-01,SHENZEN HQD TECHNOLOGY,28,89095
2023-07-01,SHENZHEN GOLDREAMS TECHNOLOGY,1,10
2023-07-01,STAGBAR,18,68822
2023-07-01,STICK,10,21110.6
2023-07-01,SWITCH MODS,8,637.217184
2023-07-01,VUSE,49,8378648.8
2023-07-01,ZEO,22,57280.2
2023-08-01,21ST CENTURY SMOKE,1,64
2023-08-01,AVATA,12,18024
2023-08-01,BIDI,11,39058.6
2023-08-01,BLU,25,112842.92892199999
2023-08-01,BREEZE,20,527676
2023-08-01,ESCO BARS,12,47633.9147
2023-08-01,FUME,10,580
2023-08-01,GLAS,14,11324.299999999997
2023-08-01,HYDE,4,9.600000000000001
2023-08-01,HYPPE,24,376759
2023-08-01,IGNITE,18,31139.999999999996
2023-08-01,IMIRACLE,10,4786
2023-08-01,JUICY,1,3146
2023-08-01,JUICY BAR,12,38064
2023-08-01,JUUL,18,2188196.736744
2023-08-01,LEAP,16,21579.5
2023-08-01,LOGIC,6,168614.40000000002
2023-08-01,MADURO DISTRIBUTORS,7,94367
2023-08-01,MISTIC,1,9.995843
2023-08-01,MNGO,11,45472.200000000004
2023-08-01,NJOY,17,1516640.7869234998
2023-08-01,PACHA,9,12823.923305
2023-08-01,PALAX,8,8892
2023-08-01,POP,7,13.199999999999998
2023-08-01,PUUR VAPOR,16,496
2023-08-01,SAVAGE,9,11475
2023-08-01,SHENZEN HQD TECHNOLOGY,28,93800
2023-08-01,STAGBAR,18,57369
2023-08-01,STICK,10,15072.399999999998
2023-08-01,SWITCH MODS,8,135.232084
2023-08-01,VUSE,46,6609686.600000001
2023-08-01,ZEO,21,38170.4
2023-09-01,21ST CENTURY SMOKE,2,95.587529
2023-09-01,AIRIS,1,32
2023-09-01,AVATA,12,16584
2023-09-01,BIDI,11,44778.99999999999
2023-09-01,BLU,27,136964.28869750001
2023-09-01,BO VAPING,1,4.199999999999999
2023-09-01,BREEZE,20,945960
2023-09-01,CUE,1,4.9979215
2023-09-01,ESCO BARS,17,48310.5789
2023-09-01,FINITI,1,1.75
2023-09-01,FUME,15,556
2023-09-01,GLAS,11,12435.800000000003
2023-09-01,HYDE,4,6.4
2023-09-01,HYPPE,27,470014
2023-09-01,IGNITE,21,28222.499999999993
2023-09-01,IMIRACLE,16,4821
2023-09-01,JUICY,1,4745
2023-09-01,JUICY BAR,15,64480
2023-09-01,JUUL,18,2627506.1325199995
2023-09-01,LEAP,17,26753.75
2023-09-01,LOGIC,7,204437.4
2023-09-01,MADURO DISTRIBUTORS,9,116005.5
2023-09-01,MNGO,12,46926.799999999996
2023-09-01,NJOY,16,1786059.6
2023-09-01,PACHA,9,10984.99931
2023-09-01,PALAX,8,20304
2023-09-01,POP,5,6
2023-09-01,PUUR VAPOR,16,524
2023-09-01,SAVAGE,10,13727
2023-09-01,SHENZEN HQD TECHNOLOGY,28,187178
2023-09-01,SHENZHEN GOLDREAMS TECHNOLOGY,1,10
2023-09-01,STAGBAR,18,71825
2023-09-01,STICK,10,15915.199999999999
2023-09-01,SWITCH MODS,10,295.1617
2023-09-01,VUSE,47,8143593.1000000015
2023-09-01,ZEO,19,38889.200000000004
2023-10-01,21ST CENTURY SMOKE,1,48
2023-10-01,AIRIS,1,16
2023-10-01,AVATA,12,12372
2023-10-01,BIDI,11,34277.59999999999
2023-10-01,BLU,24,105412.230958
2023-10-01,BO VAPING,1,16.099999999999998
2023-10-01,BREEZE,20,900516
2023-10-01,DUO XTRA,1,6.5
2023-10-01,EPIC,1,1.5
2023-10-01,ESCO BARS,20,31605.2994
2023-10-01,FUME,10,384
2023-10-01,GLAS,12,8221.2
2023-10-01,HYDE,6,19.200000000000003
2023-10-01,HYPPE,27,409482
2023-10-01,IGNITE,17,12478.599999999999
2023-10-01,IMIRACLE,16,2946
2023-10-01,JUICY,1,3939
2023-10-01,JUICY BAR,15,65169
2023-10-01,JUUL,18,2077718.409024
2023-10-01,LEAP,16,20760.25
2023-10-01,LOGIC,6,162609.6
2023-10-01,MADURO DISTRIBUTORS,8,129779
2023-10-01,MISTIC,1,9.995843
2023-10-01,MNGO,12,31110.999999999996
2023-10-01,NJOY,18,1395976.3999999997
2023-10-01,PACHA,8,5758.166245
2023-10-01,PALAX,8,22374
2023-10-01,POP,5,6
2023-10-01,PUUR VAPOR,9,196
2023-10-01,SAVAGE,10,10112
2023-10-01,SHENZEN HQD TECHNOLOGY,28,154983
2023-10-01,SHENZHEN GOLDREAMS TECHNOLOGY,1,110
2023-10-01,STAGBAR,18,59189
2023-10-01,STICK,10,10606.4
2023-10-01,SWITCH MODS,11,101.43455200000001
2023-10-01,VUSE,50,6267030.500000001
2023-10-01,ZEO,21,28758.4
2023-11-01,21ST CENTURY SMOKE,1,32
2023-11-01,AIRIS,1,32
2023-11-01,AVATA,12,10512
2023-11-01,BIDI,11,33283.600000000006
2023-11-01,BLU,23,108591.7886975
2023-11-01,BO VAPING,1,6.3
2023-11-01,BREEZE,20,947364
2023-11-01,DUO XTRA,1,6.5
2023-11-01,ESCO BARS,18,22635.9528
2023-11-01,FUME,9,384
2023-11-01,GLAS,11,7624.500000000002
2023-11-01,HELO,2,8.8
2023-11-01,HYDE,2,4.800000000000001
2023-11-01,HYPPE,25,415660
2023-11-01,IGNITE,16,10029.6
2023-11-01,IMIRACLE,16,2678.5
2023-11-01,JUICY,1,4485
2023-11-01,JUICY BAR,17,77363
2023-11-01,JUUL,21,2047926.6404959997
2023-11-01,LEAP,16,19681.25
2023-11-01,LOGIC,6,159606.6
2023-11-01,MADURO DISTRIBUTORS,17,142155
2023-11-01,MNGO,10,28450.799999999996
2023-11-01,NJOY,18,1456461.2
2023-11-01,PACHA,8,2775.3634899999997
2023-11-01,PALAX,8,28242
2023-11-01,POP,5,7.2
2023-11-01,PUUR VAPOR,7,150
2023-11-01,SAVAGE,9,10277
2023-11-01,SHENZEN HQD TECHNOLOGY,28,152653
2023-11-01,STAGBAR,18,56329
2023-11-01,STICK,10,9230.2
2023-11-01,SWITCH MODS,11,145.657998
2023-11-01,V2 CIGS,1,1
2023-11-01,VUSE,45,6244283.800000001
2023-11-01,ZEO,22,26663.2
2023-12-01,21ST CENTURY SMOKE,1,64
2023-12-01,AIRIS,1,80
2023-12-01,AVATA,12,10380
2023-12-01,BIDI,11,46362.399999999994
2023-12-01,BLU,24,140809.7227095
2023-12-01,BO VAPING,1,9.799999999999999
2023-12-01,BREEZE,20,1232922
2023-12-01,EPIC,1,24
2023-12-01,ESCO BARS,20,20867.147
2023-12-01,FUME,6,636
2023-12-01,GLAS,10,8962.199999999999
2023-12-01,HYDE,2,6.4
2023-12-01,HYPPE,26,527621
2023-12-01,IGNITE,18,11412.699999999999
2023-12-01,IMIRACLE,13,2524
2023-12-01,JAK,1,1.25
2023-12-01,JUICY,1,5174
2023-12-01,JUICY BAR,17,117494
2023-12-01,JUUL,19,2539154.9145680005
2023-12-01,LEAP,16,23845.25
2023-12-01,LOGIC,6,195423
2023-12-01,MADURO DISTRIBUTORS,14,183631.5
2023-12-01,MNGO,10,34582.8
2023-12-01,NJOY,16,1990722.9
2023-12-01,PACHA,8,2231.72721
2023-12-01,PALAX,8,42678
2023-12-01,POP,1,1.2
2023-12-01,PUUR VAPOR,8,184
2023-12-01,SAVAGE,9,11746
2023-12-01,SHENZEN HQD TECHNOLOGY,28,189911
2023-12-01,STAGBAR,18,62634
2023-12-01,STICK,10,9850.4
2023-12-01,SWITCH MODS,7,187.26910399999997
2023-12-01,V2 CIGS,1,1
2023-12-01,VUSE,47,7807188.700000001
2023-12-01,ZEO,23,28973
