brand,year,mL_share,nic_mg_per_mL,avg_mL_per_ecig,N_hom
21ST CENTURY SMOKE,2013,0.092,10.787,2.735,29.502
21ST CENTURY SMOKE,2014,0.086,10.532,2.96,31.181
21ST CENTURY SMOKE,2015,0.054,10.826,2.919,31.606
21ST CENTURY SMOKE,2016,0.057,9.436,4.569,43.117
21ST CENTURY SMOKE,2017,0.052,9.193,4.786,43.999
21ST CENTURY SMOKE,2018,0.01,7.306,7.548,55.143
21ST CENTURY SMOKE,2019,0.001,2.636,12.904,34.012
21ST CENTURY SMOKE,2020,NA,NA,NA,NA
21ST CENTURY SMOKE,2021,NA,NA,NA,NA
21ST CENTURY SMOKE,2022,NA,NA,NA,NA
21ST CENTURY SMOKE,2023,NA,NA,NA,NA
BLU,2013,0.56,13.589,3.913,53.177
BLU,2014,0.35,13.434,3.923,52.696
BLU,2015,0.206,15.369,2.874,44.173
BLU,2016,0.202,16.282,2.395,39.002
BLU,2017,0.185,16.314,2.308,37.656
BLU,2018,0.078,15.651,2.276,35.623
BLU,2019,0.057,15.456,2.558,39.54
BLU,2020,0.031,18.33,2.507,45.956
BLU,2021,0.023,17.011,2.672,45.457
BLU,2022,0.018,17.154,2.606,44.703
BLU,2023,0.01,19.002,2.739,52.053
BREEZE,2013,NA,NA,NA,NA
BREEZE,2014,NA,NA,NA,NA
BREEZE,2015,NA,NA,NA,NA
BREEZE,2016,NA,NA,NA,NA
BREEZE,2017,NA,NA,NA,NA
BREEZE,2018,NA,NA,NA,NA
BREEZE,2019,NA,NA,NA,NA
BREEZE,2020,NA,NA,NA,NA
BREEZE,2021,NA,NA,NA,NA
BREEZE,2022,NA,NA,NA,NA
BREEZE,2023,0.033,34,6,204
FINITI,2013,0.131,9.877,3.166,31.274
FINITI,2014,0.17,11.696,3.843,44.951
FINITI,2015,0.108,12.782,4.54,58.029
FINITI,2016,0.077,12.442,4.81,59.843
FINITI,2017,0.033,12.075,4.799,57.949
FINITI,2018,NA,NA,NA,NA
FINITI,2019,NA,NA,NA,NA
FINITI,2020,NA,NA,NA,NA
FINITI,2021,NA,NA,NA,NA
FINITI,2022,NA,NA,NA,NA
FINITI,2023,NA,NA,NA,NA
HYPPE,2013,NA,NA,NA,NA
HYPPE,2014,NA,NA,NA,NA
HYPPE,2015,NA,NA,NA,NA
HYPPE,2016,NA,NA,NA,NA
HYPPE,2017,NA,NA,NA,NA
HYPPE,2018,NA,NA,NA,NA
HYPPE,2019,NA,NA,NA,NA
HYPPE,2020,NA,NA,NA,NA
HYPPE,2021,0.011,34,6,203.987
HYPPE,2022,0.037,34,6,204
HYPPE,2023,0.028,33.99,6.003,204.044
JUUL,2013,NA,NA,NA,NA
JUUL,2014,NA,NA,NA,NA
JUUL,2015,NA,NA,NA,NA
JUUL,2016,NA,NA,NA,NA
JUUL,2017,0.055,34,2.8,95.2
JUUL,2018,0.479,33.997,2.793,94.965
JUUL,2019,0.451,32.2,2.655,85.484
JUUL,2020,0.348,31.802,2.647,84.174
JUUL,2021,0.279,31.966,2.673,85.43
JUUL,2022,0.244,31.592,2.688,84.933
JUUL,2023,0.188,31.458,2.687,84.527
LOGIC,2013,0.033,4.593,7.142,32.801
LOGIC,2014,0.084,10.025,7.11,71.275
LOGIC,2015,0.1,11.76,6.832,80.351
LOGIC,2016,0.107,13.311,5.267,70.113
LOGIC,2017,0.168,13.358,4.375,58.446
LOGIC,2018,0.071,12.729,3.182,40.501
LOGIC,2019,0.038,12.794,2.73,34.928
LOGIC,2020,0.018,12.886,2.724,35.102
LOGIC,2021,0.014,15.957,2.678,42.739
LOGIC,2022,0.014,13.906,2.665,37.063
LOGIC,2023,0.014,14.302,2.639,37.741
MARKTEN,2013,NA,NA,NA,NA
MARKTEN,2014,0.013,24.789,1.414,35.059
MARKTEN,2015,0.022,18.133,1.586,28.764
MARKTEN,2016,0.022,21.86,2.296,50.189
MARKTEN,2017,0.025,23.083,2.506,57.851
MARKTEN,2018,0.106,24.086,2.634,63.435
MARKTEN,2019,0.01,24.076,2.702,65.061
MARKTEN,2020,NA,NA,NA,NA
MARKTEN,2021,NA,NA,NA,NA
MARKTEN,2022,NA,NA,NA,NA
MARKTEN,2023,NA,NA,NA,NA
MISTIC,2013,0.02,10.85,4.558,49.449
MISTIC,2014,0.086,12.707,6.855,87.108
MISTIC,2015,0.24,13.711,9.561,131.091
MISTIC,2016,0.259,11.608,14.696,170.595
MISTIC,2017,0.208,10.332,16.635,171.883
MISTIC,2018,0.042,8.102,18.3,148.274
MISTIC,2019,0.021,3.911,27.571,107.826
MISTIC,2020,NA,NA,NA,NA
MISTIC,2021,NA,NA,NA,NA
MISTIC,2022,NA,NA,NA,NA
MISTIC,2023,NA,NA,NA,NA
MNGO,2013,NA,NA,NA,NA
MNGO,2014,NA,NA,NA,NA
MNGO,2015,NA,NA,NA,NA
MNGO,2016,NA,NA,NA,NA
MNGO,2017,NA,NA,NA,NA
MNGO,2018,NA,NA,NA,NA
MNGO,2019,NA,NA,NA,NA
MNGO,2020,NA,NA,NA,NA
MNGO,2021,0.023,40.8,1.426,58.187
MNGO,2022,0.006,40.8,1.806,73.681
MNGO,2023,0.002,40.8,1.405,57.312
NICOTEK,2013,0.066,7.691,5.587,42.967
NICOTEK,2014,0.051,8.126,5.333,43.336
NICOTEK,2015,0.021,10.111,4.014,40.585
NICOTEK,2016,0.013,10.2,3.882,39.593
NICOTEK,2017,0.004,5.84,6.914,40.378
NICOTEK,2018,NA,NA,NA,NA
NICOTEK,2019,NA,NA,NA,NA
NICOTEK,2020,NA,NA,NA,NA
NICOTEK,2021,NA,NA,NA,NA
NICOTEK,2022,NA,NA,NA,NA
NICOTEK,2023,NA,NA,NA,NA
NJOY,2013,0.085,23.928,2.621,62.722
NJOY,2014,0.097,22.884,4.925,112.696
NJOY,2015,0.11,16.666,6.577,109.614
NJOY,2016,0.151,19.922,4.62,92.033
NJOY,2017,0.159,23.104,2.539,58.672
NJOY,2018,0.075,24.716,1.895,46.834
NJOY,2019,0.252,32.786,3.417,112.043
NJOY,2020,0.26,33.99,3.597,122.271
NJOY,2021,0.161,33.249,3.546,117.897
NJOY,2022,0.129,34.185,3.448,117.874
NJOY,2023,0.132,30.571,3.381,103.37
VUSE,2013,0.002,35.926,1.077,38.696
VUSE,2014,0.016,33.213,0.962,31.944
VUSE,2015,0.029,32.65,0.965,31.495
VUSE,2016,0.045,32.349,1.052,34.04
VUSE,2017,0.063,26.974,2.361,63.696
VUSE,2018,0.102,22.547,2.48,55.923
VUSE,2019,0.117,28.224,3.164,89.312
VUSE,2020,0.293,26.472,3.508,92.866
VUSE,2021,0.437,27.904,5.323,148.523
VUSE,2022,0.505,27.646,5.636,155.822
VUSE,2023,0.548,28.017,5.844,163.732
