month,brand,share
2013-01-01,BLU,0.5779622509578106
2013-01-01,FINITI,0.20208944525634867
2013-01-01,21ST CENTURY SMOKE,0.08317581717644483
2013-01-01,NJOY,0.05933789473705564
2013-01-01,MISTIC,0.04492070473967358
2013-01-01,Other,0.03251388713266668
2013-02-01,BLU,0.594621419176288
2013-02-01,FINITI,0.1811605195031243
2013-02-01,21ST CENTURY SMOKE,0.08532564164153969
2013-02-01,NJOY,0.07826312576456523
2013-02-01,NICOTEK,0.039974900769638604
2013-02-01,Other,0.02065439314484428
2013-03-01,BLU,0.5948501137453766
2013-03-01,FINITI,0.16804098719607005
2013-03-01,21ST CENTURY SMOKE,0.08898201869408735
2013-03-01,NICOTEK,0.06953554975020201
2013-03-01,NJOY,0.06796416008158222
2013-03-01,Other,0.010627170532681729
2013-04-01,BLU,0.5875909825609383
2013-04-01,FINITI,0.1491458292438391
2013-04-01,21ST CENTURY SMOKE,0.09364447553404749
2013-04-01,NJOY,0.0808100695540777
2013-04-01,NICOTEK,0.07234875366853741
2013-04-01,Other,0.01645988943855994
2013-05-01,BLU,0.5739943967000963
2013-05-01,FINITI,0.12908291980196854
2013-05-01,NJOY,0.09618655265545625
2013-05-01,21ST CENTURY SMOKE,0.0916182155521167
2013-05-01,NICOTEK,0.07045445277697275
2013-05-01,Other,0.03866346251338948
2013-06-01,BLU,0.5506562575588314
2013-06-01,FINITI,0.12486400781420424
2013-06-01,NJOY,0.10194667696973178
2013-06-01,21ST CENTURY SMOKE,0.100646201569264
2013-06-01,NICOTEK,0.07328899250977575
2013-06-01,Other,0.04859786357819274
2013-07-01,BLU,0.5518054605228085
2013-07-01,FINITI,0.1096507579795787
2013-07-01,NJOY,0.09132154640923243
2013-07-01,21ST CENTURY SMOKE,0.09088873905007412
2013-07-01,NICOTEK,0.08973666913609735
2013-07-01,Other,0.06659682690220879
2013-08-01,BLU,0.5745006952067602
2013-08-01,Other,0.08755040747279474
2013-08-01,FINITI,0.08718926858363427
2013-08-01,21ST CENTURY SMOKE,0.08700711657074375
2013-08-01,NICOTEK,0.08376898352853447
2013-08-01,NJOY,0.07998352863753255
2013-09-01,BLU,0.5685877703425959
2013-09-01,Other,0.09988486105284074
2013-09-01,FINITI,0.09309105139401797
2013-09-01,21ST CENTURY SMOKE,0.09190366683889749
2013-09-01,NJOY,0.07797056306053055
2013-09-01,NICOTEK,0.06856208731111736
2013-10-01,BLU,0.5392089473513836
2013-10-01,Other,0.11296792885145399
2013-10-01,FINITI,0.10310615738292647
2013-10-01,21ST CENTURY SMOKE,0.09884640315663853
2013-10-01,NJOY,0.07980078422337289
2013-10-01,NICOTEK,0.0660697790342245
2013-11-01,BLU,0.5122357860551221
2013-11-01,FINITI,0.11796836318457934
2013-11-01,Other,0.11505719061458775
2013-11-01,21ST CENTURY SMOKE,0.09866798072979492
2013-11-01,NJOY,0.0957578666210529
2013-11-01,NICOTEK,0.06031281279486308
2013-12-01,BLU,0.4915460232159834
2013-12-01,FINITI,0.13310696301292388
2013-12-01,Other,0.11699149684389885
2013-12-01,NJOY,0.10770712818810586
2013-12-01,21ST CENTURY SMOKE,0.09487864748368789
2013-12-01,LOGIC,0.05576974125540006
2014-01-01,BLU,0.4760925781936326
2014-01-01,FINITI,0.13631863051198356
2014-01-01,NJOY,0.1223103626293106
2014-01-01,Other,0.12053090637750287
2014-01-01,21ST CENTURY SMOKE,0.09144460518865782
2014-01-01,LOGIC,0.05330291709891259
2014-02-01,BLU,0.4631439995792689
2014-02-01,FINITI,0.13538430633183737
2014-02-01,NJOY,0.12830445626508094
2014-02-01,Other,0.12337914909170881
2014-02-01,21ST CENTURY SMOKE,0.09418137030811247
2014-02-01,LOGIC,0.05560671842399153
2014-03-01,BLU,0.43691794705793036
2014-03-01,FINITI,0.16910448994255972
2014-03-01,Other,0.12358406511029416
2014-03-01,NJOY,0.11867278140129926
2014-03-01,21ST CENTURY SMOKE,0.09295898713129386
2014-03-01,LOGIC,0.058761729356622626
2014-04-01,BLU,0.41944465813655313
2014-04-01,FINITI,0.17620245801879642
2014-04-01,Other,0.13258307637125663
2014-04-01,21ST CENTURY SMOKE,0.10504990372318398
2014-04-01,NJOY,0.1001714427244777
2014-04-01,LOGIC,0.06654846102573216
2014-05-01,BLU,0.4087060968464225
2014-05-01,FINITI,0.18342740037037383
2014-05-01,Other,0.14186957194905297
2014-05-01,21ST CENTURY SMOKE,0.1044541315313258
2014-05-01,NJOY,0.08769746060682708
2014-05-01,LOGIC,0.07384533869599785
2014-06-01,BLU,0.3639301811911408
2014-06-01,FINITI,0.2325482028464034
2014-06-01,Other,0.1583694889977686
2014-06-01,21ST CENTURY SMOKE,0.0935627767734341
2014-06-01,LOGIC,0.07847487798396599
2014-06-01,NJOY,0.0731144722072871
2014-07-01,BLU,0.3714230837117486
2014-07-01,Other,0.19685816415188037
2014-07-01,FINITI,0.16876655706256685
2014-07-01,21ST CENTURY SMOKE,0.09539516066463473
2014-07-01,LOGIC,0.09303738796453065
2014-07-01,NJOY,0.07451964644463882
2014-08-01,BLU,0.3365863246186275
2014-08-01,Other,0.20758956788003785
2014-08-01,FINITI,0.16033884999658785
2014-08-01,MISTIC,0.10305170002887329
2014-08-01,LOGIC,0.10165572466288576
2014-08-01,21ST CENTURY SMOKE,0.09077783281298778
2014-09-01,BLU,0.27886313017324144
2014-09-01,Other,0.19876398629178643
2014-09-01,MISTIC,0.1959465837719217
2014-09-01,FINITI,0.13038233111651137
2014-09-01,LOGIC,0.10439262863086485
2014-09-01,NJOY,0.09165134001567413
2014-10-01,BLU,0.24080884512986747
2014-10-01,FINITI,0.1938738244756026
2014-10-01,Other,0.1863719047899563
2014-10-01,MISTIC,0.18326244152763213
2014-10-01,LOGIC,0.10285969564708555
2014-10-01,NJOY,0.09282328842985596
2014-11-01,BLU,0.22442703831682634
2014-11-01,FINITI,0.20110474368681455
2014-11-01,MISTIC,0.19142241805090635
2014-11-01,Other,0.1811366187955673
2014-11-01,LOGIC,0.10929926816525722
2014-11-01,NJOY,0.09260991298462823
2014-12-01,MISTIC,0.22003263150382565
2014-12-01,BLU,0.21304732281581873
2014-12-01,Other,0.20684620717722205
2014-12-01,FINITI,0.15502244541029153
2014-12-01,LOGIC,0.10507635886584288
2014-12-01,NICOTEK,0.09997503422699913
2015-01-01,MISTIC,0.2782836770830332
2015-01-01,BLU,0.21224352625893714
2015-01-01,Other,0.19518332678053152
2015-01-01,FINITI,0.12096034856118881
2015-01-01,LOGIC,0.1039672602277573
2015-01-01,NJOY,0.08936186108855204
2015-02-01,MISTIC,0.2701307648629418
2015-02-01,BLU,0.2059388516897356
2015-02-01,Other,0.19954480877477157
2015-02-01,FINITI,0.11532992979541501
2015-02-01,LOGIC,0.10684350400528562
2015-02-01,NJOY,0.1022121408718504
2015-03-01,MISTIC,0.26205439844214246
2015-03-01,BLU,0.20671201434558228
2015-03-01,Other,0.19389741612135308
2015-03-01,FINITI,0.13224238356488796
2015-03-01,LOGIC,0.10692226657758024
2015-03-01,NJOY,0.09817152094845397
2015-04-01,MISTIC,0.2658073184758525
2015-04-01,BLU,0.21464008795802852
2015-04-01,Other,0.19189287605698915
2015-04-01,FINITI,0.12291013613169269
2015-04-01,NJOY,0.10341141554007895
2015-04-01,LOGIC,0.10133816583735819
2015-05-01,MISTIC,0.2699755256053895
2015-05-01,BLU,0.22539210114382519
2015-05-01,Other,0.19043981818233693
2015-05-01,FINITI,0.11112591588505275
2015-05-01,NJOY,0.10229813152895395
2015-05-01,LOGIC,0.10076850765444176
2015-06-01,MISTIC,0.26902523733860817
2015-06-01,BLU,0.22907102048753772
2015-06-01,Other,0.18234369600317052
2015-06-01,FINITI,0.11581486388427316
2015-06-01,NJOY,0.1086826146568441
2015-06-01,LOGIC,0.09506256762956639
2015-07-01,MISTIC,0.348273769209915
2015-07-01,BLU,0.2060038566231262
2015-07-01,Other,0.1531030036294722
2015-07-01,FINITI,0.104198883343599
2015-07-01,NJOY,0.10312859346960881
2015-07-01,LOGIC,0.08529189372427876
2015-08-01,MISTIC,0.34602029591841005
2015-08-01,BLU,0.19340105270134159
2015-08-01,Other,0.15373783244655642
2015-08-01,NJOY,0.11097711974232385
2015-08-01,FINITI,0.10462891955253224
2015-08-01,LOGIC,0.09123477963883576
2015-09-01,MISTIC,0.30048082069493387
2015-09-01,BLU,0.20242774256475515
2015-09-01,Other,0.17322486894969685
2015-09-01,NJOY,0.13001243400870038
2015-09-01,LOGIC,0.10156067943762422
2015-09-01,FINITI,0.09229345434428951
2015-10-01,MISTIC,0.31339899212047073
2015-10-01,BLU,0.19642838230734452
2015-10-01,Other,0.17583347994609888
2015-10-01,NJOY,0.11507310240475493
2015-10-01,LOGIC,0.10877924944349068
2015-10-01,FINITI,0.09048679377784032
2015-11-01,MISTIC,0.317984100664156
2015-11-01,BLU,0.18789124973874505
2015-11-01,Other,0.17258704147796414
2015-11-01,NJOY,0.13583787952533552
2015-11-01,LOGIC,0.10027728789660723
2015-11-01,FINITI,0.08542244069719204
2015-12-01,MISTIC,0.32043685356768575
2015-12-01,BLU,0.1880351800068733
2015-12-01,Other,0.1718998719837332
2015-12-01,NJOY,0.12369759383582206
2015-12-01,LOGIC,0.1008839167328007
2015-12-01,FINITI,0.09504658387308504
2016-01-01,MISTIC,0.3025507323048408
2016-01-01,BLU,0.18771698685553953
2016-01-01,Other,0.17334450456253367
2016-01-01,NJOY,0.14339903078502314
2016-01-01,LOGIC,0.10419564908974471
2016-01-01,FINITI,0.08879309640231808
2016-02-01,MISTIC,0.3322712514350049
2016-02-01,BLU,0.18479139830449798
2016-02-01,Other,0.16151482197223985
2016-02-01,NJOY,0.1485266915163639
2016-02-01,LOGIC,0.1013528404101935
2016-02-01,FINITI,0.07154299636169976
2016-03-01,MISTIC,0.3160160698614735
2016-03-01,BLU,0.1933794036196052
2016-03-01,Other,0.15546676458413158
2016-03-01,NJOY,0.14813335131526736
2016-03-01,LOGIC,0.110656296623312
2016-03-01,FINITI,0.07634811399621033
2016-04-01,MISTIC,0.32076236041199324
2016-04-01,BLU,0.1957543119769671
2016-04-01,NJOY,0.15727497861486808
2016-04-01,Other,0.15290620222484724
2016-04-01,LOGIC,0.09517451174573363
2016-04-01,FINITI,0.07812763502559066
2016-05-01,MISTIC,0.32662356309655566
2016-05-01,BLU,0.18956588347864434
2016-05-01,NJOY,0.1670858143162769
2016-05-01,Other,0.162439248923755
2016-05-01,LOGIC,0.07996391055539591
2016-05-01,FINITI,0.07432157962937225
2016-06-01,MISTIC,0.3105966283024847
2016-06-01,BLU,0.19494917340833998
2016-06-01,NJOY,0.17964586346908623
2016-06-01,Other,0.1605041995544181
2016-06-01,LOGIC,0.07758874440209054
2016-06-01,FINITI,0.07671539086358041
2016-07-01,MISTIC,0.28497569334785416
2016-07-01,BLU,0.21051493346179614
2016-07-01,NJOY,0.18856819158724716
2016-07-01,Other,0.15889129024512616
2016-07-01,FINITI,0.0802683904814468
2016-07-01,LOGIC,0.07678150087652966
2016-08-01,MISTIC,0.284812827834819
2016-08-01,BLU,0.22203688668127458
2016-08-01,NJOY,0.18006523337435354
2016-08-01,Other,0.15292013302921167
2016-08-01,LOGIC,0.082623653160667
2016-08-01,FINITI,0.07754126591967424
2016-09-01,MISTIC,0.2837159754797186
2016-09-01,BLU,0.22424526739801331
2016-09-01,NJOY,0.1732037858792027
2016-09-01,Other,0.15065523943207962
2016-09-01,LOGIC,0.09234137797468674
2016-09-01,FINITI,0.07583835383629893
2016-10-01,MISTIC,0.2863113128368489
2016-10-01,BLU,0.21446846794183555
2016-10-01,Other,0.15890739100004367
2016-10-01,LOGIC,0.13238894501086412
2016-10-01,NJOY,0.12933939959371088
2016-10-01,FINITI,0.07858448361669683
2016-11-01,MISTIC,0.2927804314201566
2016-11-01,BLU,0.2118219720533805
2016-11-01,Other,0.16652495222537236
2016-11-01,LOGIC,0.15987665966303113
2016-11-01,NJOY,0.09244005309986195
2016-11-01,FINITI,0.07655593153819755
2016-12-01,MISTIC,0.2931662628257395
2016-12-01,BLU,0.20118135034600976
2016-12-01,LOGIC,0.16704987770436244
2016-12-01,Other,0.16474425748887403
2016-12-01,NJOY,0.10194845937473186
2016-12-01,FINITI,0.07190979226028246
2017-01-01,MISTIC,0.27339125650277196
2017-01-01,BLU,0.19615036643108213
2017-01-01,Other,0.17938646758892965
2017-01-01,LOGIC,0.17295007626599593
2017-01-01,NJOY,0.11159636391305287
2017-01-01,FINITI,0.06652546929816738
2017-02-01,MISTIC,0.257303549841532
2017-02-01,Other,0.18944894689183253
2017-02-01,BLU,0.18660023529774158
2017-02-01,LOGIC,0.17629311739519993
2017-02-01,NJOY,0.12977389216380222
2017-02-01,FINITI,0.0605802584098917
2017-03-01,MISTIC,0.25923093575114337
2017-03-01,BLU,0.1913831491382737
2017-03-01,Other,0.1888236497181809
2017-03-01,LOGIC,0.16818212546682332
2017-03-01,NJOY,0.13628975968303708
2017-03-01,FINITI,0.056090380242541676
2017-04-01,MISTIC,0.23032193789525132
2017-04-01,Other,0.19566728726277574
2017-04-01,BLU,0.19550735117300336
2017-04-01,LOGIC,0.1771622093429301
2017-04-01,NJOY,0.14093336692173966
2017-04-01,FINITI,0.06040784740429983
2017-05-01,MISTIC,0.2243597685379271
2017-05-01,Other,0.20555922065731255
2017-05-01,BLU,0.2047214795752499
2017-05-01,LOGIC,0.16143136735575028
2017-05-01,NJOY,0.14773260196442312
2017-05-01,VUSE,0.05619556190933708
2017-06-01,MISTIC,0.23743883361000032
2017-06-01,BLU,0.20316026184298197
2017-06-01,Other,0.18859314432223942
2017-06-01,LOGIC,0.16012714003970827
2017-06-01,NJOY,0.1562539925868211
2017-06-01,VUSE,0.05442662759824892
2017-07-01,MISTIC,0.21853144082025186
2017-07-01,Other,0.1912393902574348
2017-07-01,BLU,0.18896535195198405
2017-07-01,LOGIC,0.17722351819965584
2017-07-01,NJOY,0.16735684264101144
2017-07-01,JUUL,0.05668345612966209
2017-08-01,MISTIC,0.2244717750826113
2017-08-01,LOGIC,0.18361647809919193
2017-08-01,Other,0.1835713867781838
2017-08-01,NJOY,0.1756431697220279
2017-08-01,BLU,0.17530813194764042
2017-08-01,VUSE,0.057389058370344664
2017-09-01,MISTIC,0.21848588193989177
2017-09-01,Other,0.1863805821935683
2017-09-01,BLU,0.1802005210164536
2017-09-01,LOGIC,0.1749634106261539
2017-09-01,NJOY,0.17366121706003299
2017-09-01,VUSE,0.06630838716389946
2017-10-01,MISTIC,0.2255919566104548
2017-10-01,Other,0.181374469666537
2017-10-01,NJOY,0.18098029339000624
2017-10-01,BLU,0.17686517205352445
2017-10-01,LOGIC,0.15620818290718336
2017-10-01,VUSE,0.07897992537229404
2017-11-01,MISTIC,0.2103902813771561
2017-11-01,Other,0.19538530795075268
2017-11-01,NJOY,0.1928308891939827
2017-11-01,BLU,0.16870968814976683
2017-11-01,LOGIC,0.1486057243074913
2017-11-01,VUSE,0.08407810902085028
2017-12-01,MISTIC,0.20559775955523427
2017-12-01,Other,0.19156625747959538
2017-12-01,NJOY,0.18226114422824316
2017-12-01,LOGIC,0.15895573246110492
2017-12-01,BLU,0.15872056780736532
2017-12-01,JUUL,0.10289853846845697
2018-01-01,JUUL,0.2697720626512601
2018-01-01,Other,0.2356268144384608
2018-01-01,VUSE,0.15292727372887646
2018-01-01,MARKTEN,0.13862236913696188
2018-01-01,BLU,0.10515230921762686
2018-01-01,LOGIC,0.09789917082681397
2018-02-01,JUUL,0.2871033345931896
2018-02-01,Other,0.2204734968749761
2018-02-01,VUSE,0.15938277565172917
2018-02-01,MARKTEN,0.13785681672974875
2018-02-01,BLU,0.10021732291337726
2018-02-01,LOGIC,0.09496625323697909
2018-03-01,JUUL,0.3460197181240601
2018-03-01,Other,0.19534727882441652
2018-03-01,VUSE,0.1515886018068114
2018-03-01,MARKTEN,0.13210448370293146
2018-03-01,BLU,0.09175123741495896
2018-03-01,NJOY,0.08318868012682151
2018-04-01,JUUL,0.41681002251710103
2018-04-01,Other,0.17059625358885458
2018-04-01,MARKTEN,0.12493634216779338
2018-04-01,VUSE,0.12340800259923498
2018-04-01,BLU,0.08599919088408843
2018-04-01,NJOY,0.07825018824292759
2018-05-01,JUUL,0.4703359630881237
2018-05-01,Other,0.15032280473299642
2018-05-01,MARKTEN,0.11584247768950612
2018-05-01,BLU,0.09360307803154407
2018-05-01,VUSE,0.09309121279952319
2018-05-01,NJOY,0.0768044636583065
2018-06-01,JUUL,0.49803402018849213
2018-06-01,Other,0.13929765423511098
2018-06-01,MARKTEN,0.1021654625545621
2018-06-01,VUSE,0.09267351676773578
2018-06-01,BLU,0.09147652143131743
2018-06-01,NJOY,0.07635282482278163
2018-07-01,JUUL,0.5020374137021767
2018-07-01,Other,0.1379337435817535
2018-07-01,MARKTEN,0.10219672182571192
2018-07-01,BLU,0.09199785335452627
2018-07-01,VUSE,0.08934544932947225
2018-07-01,NJOY,0.07648881820635939
2018-08-01,JUUL,0.5056341292194715
2018-08-01,Other,0.16128486775425235
2018-08-01,MARKTEN,0.09770148564098331
2018-08-01,BLU,0.08151113317000615
2018-08-01,VUSE,0.07948440991810943
2018-08-01,NJOY,0.07438397429717727
2018-09-01,JUUL,0.542937748496302
2018-09-01,Other,0.13409479728281684
2018-09-01,MARKTEN,0.09278325212371352
2018-09-01,BLU,0.08050507221436069
2018-09-01,VUSE,0.0768085757898682
2018-09-01,NJOY,0.07287055409293873
2018-10-01,JUUL,0.5749372701875269
2018-10-01,Other,0.1056345695198112
2018-10-01,MARKTEN,0.0922447200653851
2018-10-01,BLU,0.08092663329467312
2018-10-01,VUSE,0.07827736856576752
2018-10-01,NJOY,0.0679794383668362
2018-11-01,JUUL,0.5784141977041969
2018-11-01,Other,0.10647611793732402
2018-11-01,MARKTEN,0.08728369463748734
2018-11-01,VUSE,0.08612497984398632
2018-11-01,BLU,0.0776472681442552
2018-11-01,NJOY,0.06405374173275014
2018-12-01,JUUL,0.5665182248121899
2018-12-01,Other,0.11387275515054376
2018-12-01,VUSE,0.09115936530593649
2018-12-01,MARKTEN,0.08817206766437821
2018-12-01,BLU,0.0752729775174426
2018-12-01,NJOY,0.06500460954950898
2019-01-01,JUUL,0.543160668595794
2019-01-01,Other,0.1111124014478851
2019-01-01,VUSE,0.10795332490891861
2019-01-01,MARKTEN,0.08431970658903738
2019-01-01,BLU,0.08282948309676372
2019-01-01,NJOY,0.07062441536160113
2019-02-01,JUUL,0.5537591599055424
2019-02-01,VUSE,0.1282346883221178
2019-02-01,Other,0.09013399701141792
2019-02-01,BLU,0.08881377150182225
2019-02-01,NJOY,0.08305096534138771
2019-02-01,LOGIC,0.05600741791771188
2019-03-01,JUUL,0.577445897364786
2019-03-01,VUSE,0.13590030290205682
2019-03-01,NJOY,0.09302352717053539
2019-03-01,BLU,0.08908262664327418
2019-03-01,LOGIC,0.05279814743731756
2019-03-01,Other,0.05174949848203008
2019-04-01,JUUL,0.5699588521804959
2019-04-01,VUSE,0.13596492991080528
2019-04-01,NJOY,0.10595589317467519
2019-04-01,BLU,0.08344897998155223
2019-04-01,Other,0.057137909885378396
2019-04-01,LOGIC,0.04753343486709302
2019-05-01,JUUL,0.5016613607883582
2019-05-01,NJOY,0.15421114292928567
2019-05-01,VUSE,0.12062387238651888
2019-05-01,Other,0.09158113918117937
2019-05-01,BLU,0.07249065263619946
2019-05-01,MISTIC,0.059431832078458355
2019-06-01,JUUL,0.4705757601555509
2019-06-01,NJOY,0.21447137503658395
2019-06-01,VUSE,0.10995755696490231
2019-06-01,Other,0.08669090078864888
2019-06-01,BLU,0.06008223760366379
2019-06-01,MISTIC,0.058222169450650056
2019-07-01,JUUL,0.4627177868296097
2019-07-01,NJOY,0.296756998835281
2019-07-01,VUSE,0.09349282426213051
2019-07-01,Other,0.062294656422430636
2019-07-01,BLU,0.0530393227941074
2019-07-01,LOGIC,0.03169841085644074
2019-08-01,JUUL,0.4193606718035346
2019-08-01,NJOY,0.35983996394455214
2019-08-01,VUSE,0.0995905351519038
2019-08-01,BLU,0.0475360901251006
2019-08-01,Other,0.04449449635848265
2019-08-01,LOGIC,0.02917824261642628
2019-09-01,NJOY,0.400611622010365
2019-09-01,JUUL,0.367111514526391
2019-09-01,VUSE,0.12125618844899268
2019-09-01,BLU,0.04712056615825287
2019-09-01,Other,0.035057093553579034
2019-09-01,LOGIC,0.028843015302419395
2019-10-01,JUUL,0.37772152400963777
2019-10-01,NJOY,0.36392889101220544
2019-10-01,VUSE,0.15175660238084826
2019-10-01,BLU,0.05183282674475
2019-10-01,LOGIC,0.030488731067049194
2019-10-01,Other,0.024271424785509362
2019-11-01,JUUL,0.3999541962482347
2019-11-01,NJOY,0.32032256509837914
2019-11-01,VUSE,0.17718162675359797
2019-11-01,BLU,0.051663978537300266
2019-11-01,LOGIC,0.032414870932326915
2019-11-01,Other,0.018462762430161084
2019-12-01,JUUL,0.37190869001679167
2019-12-01,NJOY,0.3267876832620137
2019-12-01,VUSE,0.20266740079569323
2019-12-01,BLU,0.04618929547136947
2019-12-01,LOGIC,0.03198073901789813
2019-12-01,Other,0.020466191436233853
2020-01-01,NJOY,0.33890639494822417
2020-01-01,JUUL,0.32281276773442125
2020-01-01,VUSE,0.230359595172103
2020-01-01,BLU,0.05490275350655358
2020-01-01,LOGIC,0.03196590295002057
2020-01-01,Other,0.02105258568867743
2020-02-01,JUUL,0.35382763578890397
2020-02-01,NJOY,0.2868355364702624
2020-02-01,VUSE,0.281407041962672
2020-02-01,BLU,0.03856412596699847
2020-02-01,LOGIC,0.02293779974646763
2020-02-01,Other,0.016427860064695578
2020-03-01,JUUL,0.37429961933684686
2020-03-01,VUSE,0.28558492746644515
2020-03-01,NJOY,0.27225015162492017
2020-03-01,BLU,0.03157027597044161
2020-03-01,LOGIC,0.021071337892439836
2020-03-01,Other,0.015223687708906315
2020-04-01,JUUL,0.38927902684553883
2020-04-01,VUSE,0.2777096506886276
2020-04-01,NJOY,0.2689789307705627
2020-04-01,BLU,0.030153738932553194
2020-04-01,LOGIC,0.018206405648680694
2020-04-01,Other,0.015672247114037086
2020-05-01,JUUL,0.3817827071348269
2020-05-01,VUSE,0.2889348629370632
2020-05-01,NJOY,0.2679769569040516
2020-05-01,BLU,0.02920475889626928
2020-05-01,LOGIC,0.0174812676728089
2020-05-01,Other,0.014619446454980055
2020-06-01,JUUL,0.37176221635703516
2020-06-01,VUSE,0.3042710492897523
2020-06-01,NJOY,0.2646229860655626
2020-06-01,BLU,0.028905814429248698
2020-06-01,LOGIC,0.0164258269267755
2020-06-01,Other,0.014012106931625736
2020-07-01,JUUL,0.36805430483556134
2020-07-01,VUSE,0.31456211099242276
2020-07-01,NJOY,0.25897348076436694
2020-07-01,BLU,0.028505803948154634
2020-07-01,LOGIC,0.015539141153736896
2020-07-01,Other,0.014365158305757393
2020-08-01,JUUL,0.36421411773023205
2020-08-01,VUSE,0.3274876469264557
2020-08-01,NJOY,0.2523633876541533
2020-08-01,BLU,0.02766235185545115
2020-08-01,LOGIC,0.01522890329498054
2020-08-01,Other,0.01304359253872734
2020-09-01,VUSE,0.3516352564833331
2020-09-01,JUUL,0.34786102547835396
2020-09-01,NJOY,0.2444036509192868
2020-09-01,BLU,0.026729569582839202
2020-09-01,LOGIC,0.015252205657746706
2020-09-01,Other,0.014118291878440119
2020-10-01,VUSE,0.38461466056133936
2020-10-01,JUUL,0.33011727918932166
2020-10-01,NJOY,0.2298800263896232
2020-10-01,BLU,0.025857897815328802
2020-10-01,LOGIC,0.01535742969343841
2020-10-01,Other,0.014172706350948612
2020-11-01,VUSE,0.4063774645559785
2020-11-01,JUUL,0.31919091740593847
2020-11-01,NJOY,0.2177265438883284
2020-11-01,BLU,0.025305515436606738
2020-11-01,Other,0.015936150039819227
2020-11-01,LOGIC,0.015463408673328592
2020-12-01,VUSE,0.39669828753536257
2020-12-01,JUUL,0.32363520720193295
2020-12-01,NJOY,0.22129764601821075
2020-12-01,BLU,0.02479154321946356
2020-12-01,Other,0.017886350307172623
2020-12-01,LOGIC,0.01569096571785755
2021-01-01,VUSE,0.4020961515009938
2021-01-01,JUUL,0.29547874422285975
2021-01-01,NJOY,0.20340686679924952
2021-01-01,Other,0.05517213351160631
2021-01-01,MNGO,0.02272687650851041
2021-01-01,BLU,0.0211192274567802
2021-02-01,VUSE,0.41469069775590295
2021-02-01,JUUL,0.29017043336910603
2021-02-01,NJOY,0.193943927139056
2021-02-01,Other,0.05795953793662374
2021-02-01,MNGO,0.021875786698723265
2021-02-01,BLU,0.021359617100587952
2021-03-01,VUSE,0.42289171229378764
2021-03-01,JUUL,0.28527638865904564
2021-03-01,NJOY,0.1824024894659307
2021-03-01,Other,0.06295172004164173
2021-03-01,MNGO,0.0255840749734135
2021-03-01,BLU,0.020893614566180756
2021-04-01,VUSE,0.4264995901649195
2021-04-01,JUUL,0.28724544759111353
2021-04-01,NJOY,0.17347521619885928
2021-04-01,Other,0.06707451914970369
2021-04-01,MNGO,0.024309034307361064
2021-04-01,BLU,0.02139619258804289
2021-05-01,VUSE,0.43058053644960287
2021-05-01,JUUL,0.29073076185469116
2021-05-01,NJOY,0.16645657618490672
2021-05-01,Other,0.06407140014582251
2021-05-01,MNGO,0.025125938531916348
2021-05-01,BLU,0.02303478683306036
2021-06-01,VUSE,0.43889242521328425
2021-06-01,JUUL,0.28715038784856944
2021-06-01,NJOY,0.15766231860634963
2021-06-01,Other,0.06649835071502452
2021-06-01,MNGO,0.025809960070332396
2021-06-01,BLU,0.023986557546439784
2021-07-01,VUSE,0.4456803634099823
2021-07-01,JUUL,0.2804863124478444
2021-07-01,NJOY,0.15019374189664145
2021-07-01,Other,0.07266091075059994
2021-07-01,MNGO,0.02590350534600411
2021-07-01,BLU,0.02507516614892774
2021-08-01,VUSE,0.44262079232941487
2021-08-01,JUUL,0.27686648039540934
2021-08-01,NJOY,0.14636172398224373
2021-08-01,Other,0.0838329673707542
2021-08-01,BLU,0.02522675125539549
2021-08-01,MNGO,0.02509128466678228
2021-09-01,VUSE,0.4436431604234736
2021-09-01,JUUL,0.2690365196429812
2021-09-01,NJOY,0.14391108945854386
2021-09-01,Other,0.09363390686753484
2021-09-01,BLU,0.025068053263698126
2021-09-01,HYPPE,0.024707270343768288
2021-10-01,VUSE,0.4517175255054468
2021-10-01,JUUL,0.2639163956785279
2021-10-01,NJOY,0.13921436331538434
2021-10-01,Other,0.09242009451050319
2021-10-01,HYPPE,0.0283548170858531
2021-10-01,BLU,0.024376803904284615
2021-11-01,VUSE,0.46004006649461243
2021-11-01,JUUL,0.26082672045052163
2021-11-01,NJOY,0.13731198366810973
2021-11-01,Other,0.08749943023127318
2021-11-01,HYPPE,0.029865373409258884
2021-11-01,BLU,0.02445642574622417
2021-12-01,VUSE,0.4663586216270309
2021-12-01,JUUL,0.25921485946095707
2021-12-01,NJOY,0.13615736268564582
2021-12-01,Other,0.08502381267200848
2021-12-01,HYPPE,0.028600762191481756
2021-12-01,BLU,0.024644581362875964
2022-01-01,VUSE,0.45809118781671365
2022-01-01,JUUL,0.27093467609848704
2022-01-01,NJOY,0.13170825950900025
2022-01-01,Other,0.08416667817055076
2022-01-01,HYPPE,0.02874211284901144
2022-01-01,BLU,0.026357085556236826
2022-02-01,VUSE,0.4614154060070099
2022-02-01,JUUL,0.2648454699495732
2022-02-01,NJOY,0.1290986242059125
2022-02-01,Other,0.08141146769878928
2022-02-01,HYPPE,0.037544780529760576
2022-02-01,BLU,0.025684251608954455
2022-03-01,VUSE,0.46140289471768386
2022-03-01,JUUL,0.26255788957488796
2022-03-01,NJOY,0.12642893268288152
2022-03-01,Other,0.08466606099482063
2022-03-01,HYPPE,0.040442631635723474
2022-03-01,BLU,0.024501590394002612
2022-04-01,VUSE,0.46675184206218656
2022-04-01,JUUL,0.2628686383288116
2022-04-01,NJOY,0.12363295282678964
2022-04-01,Other,0.08203198486493132
2022-04-01,HYPPE,0.041891830385568374
2022-04-01,IGNITE,0.022822751531712582
2022-05-01,VUSE,0.4754629442878389
2022-05-01,JUUL,0.2676555866801568
2022-05-01,NJOY,0.12479501933875199
2022-05-01,Other,0.07055295330548837
2022-05-01,HYPPE,0.042912852112584735
2022-05-01,BLU,0.01862064427517918
2022-06-01,VUSE,0.4846342105384377
2022-06-01,JUUL,0.27356405145755525
2022-06-01,NJOY,0.1230433164114116
2022-06-01,Other,0.060419218552931975
2022-06-01,HYPPE,0.04105497164150277
2022-06-01,BLU,0.017284231398160637
2022-07-01,VUSE,0.5331379360699916
2022-07-01,JUUL,0.21641771185727382
2022-07-01,NJOY,0.13055378593290837
2022-07-01,Other,0.06101672600300894
2022-07-01,HYPPE,0.04243748570189031
2022-07-01,BLU,0.016436354434926904
2022-08-01,VUSE,0.5390348501224678
2022-08-01,JUUL,0.2212249113924067
2022-08-01,NJOY,0.13036842227062098
2022-08-01,Other,0.053117061362747874
2022-08-01,HYPPE,0.04169841028281005
2022-08-01,LOGIC,0.014556344568946727
2022-09-01,VUSE,0.5425135197198131
2022-09-01,JUUL,0.22315430452214305
2022-09-01,NJOY,0.13284199899823892
2022-09-01,Other,0.04750614315969233
2022-09-01,HYPPE,0.039165820682126554
2022-09-01,LOGIC,0.014818212917985983
2022-10-01,VUSE,0.544717454381734
2022-10-01,JUUL,0.22233773427951117
2022-10-01,NJOY,0.1341100663220749
2022-10-01,Other,0.05030011302606367
2022-10-01,HYPPE,0.03317541290563
2022-10-01,LOGIC,0.01535921908498626
2022-11-01,VUSE,0.5480855626930521
2022-11-01,JUUL,0.2231585542425703
2022-11-01,NJOY,0.13324571552928594
2022-11-01,Other,0.05196825950192847
2022-11-01,HYPPE,0.028133668232864537
2022-11-01,LOGIC,0.015408239800298712
2022-12-01,VUSE,0.5524364552499833
2022-12-01,JUUL,0.22136824840461367
2022-12-01,NJOY,0.13247327497797245
2022-12-01,Other,0.051845455934742275
2022-12-01,HYPPE,0.026292745258156343
2022-12-01,LOGIC,0.01558382017453192
2023-01-01,VUSE,0.5624785030145537
2023-01-01,JUUL,0.20986733405943644
2023-01-01,NJOY,0.1406513967504464
2023-01-01,Other,0.04825293795093521
2023-01-01,HYPPE,0.02334210583267671
2023-01-01,LOGIC,0.015407722391951538
2023-02-01,VUSE,0.562349927729433
2023-02-01,JUUL,0.20648987027303048
2023-02-01,NJOY,0.1404134832905518
2023-02-01,Other,0.05284992425657294
2023-02-01,HYPPE,0.022214232395045563
2023-02-01,LOGIC,0.015682562055366233
2023-03-01,VUSE,0.5631512394262916
2023-03-01,JUUL,0.20382690654957172
2023-03-01,NJOY,0.14198769521606516
2023-03-01,Other,0.05327455321858482
2023-03-01,HYPPE,0.022066187536736958
2023-03-01,LOGIC,0.01569341805274973
2023-04-01,VUSE,0.5590163037614704
2023-04-01,JUUL,0.205029010433451
2023-04-01,NJOY,0.14345933497895597
2023-04-01,Other,0.05518490469275662
2023-04-01,HYPPE,0.02167273648907719
2023-04-01,LOGIC,0.015637709644288886
2023-05-01,VUSE,0.5695009688027446
2023-05-01,JUUL,0.19772836185234993
2023-05-01,NJOY,0.14158685192863715
2023-05-01,Other,0.0554226958111001
2023-05-01,HYPPE,0.020087305870158546
2023-05-01,LOGIC,0.01567381573500979
2023-06-01,VUSE,0.5756250278382301
2023-06-01,JUUL,0.19011961271185246
2023-06-01,NJOY,0.13640330916569787
2023-06-01,Other,0.061426190873677886
2023-06-01,HYPPE,0.02153349062762082
2023-06-01,LOGIC,0.01489236878292076
2023-07-01,VUSE,0.5557933775690392
2023-07-01,JUUL,0.18264838181383067
2023-07-01,NJOY,0.12996692669994656
2023-07-01,Other,0.07294313578572155
2023-07-01,HYPPE,0.03138510160525525
2023-07-01,BREEZE,0.02726307652620669
2023-08-01,VUSE,0.5465201884975185
2023-08-01,JUUL,0.18093046847863953
2023-08-01,NJOY,0.12540304237003558
2023-08-01,Other,0.0723633318692118
2023-08-01,BREEZE,0.04363075050874828
2023-08-01,HYPPE,0.03115221827584634
2023-09-01,VUSE,0.5396880308710623
2023-09-01,JUUL,0.1741287406367786
2023-09-01,NJOY,0.11836482701258216
2023-09-01,Other,0.07397969779672446
2023-09-01,BREEZE,0.06269017661046822
2023-09-01,HYPPE,0.031148527072384257
2023-10-01,VUSE,0.5236212751994376
2023-10-01,JUUL,0.17359697911770078
2023-10-01,NJOY,0.11663625104685872
2023-10-01,Other,0.07669288813142112
2023-10-01,BREEZE,0.0752396747163584
2023-10-01,HYPPE,0.034212931788223495
2023-11-01,VUSE,0.5187052635283746
2023-11-01,JUUL,0.1701188417709741
2023-11-01,NJOY,0.12098650778250235
2023-11-01,BREEZE,0.078696406027749
2023-11-01,Other,0.07696459673236335
2023-11-01,HYPPE,0.03452838415803656
2023-12-01,VUSE,0.5110289323696755
2023-12-01,JUUL,0.16620344082536398
2023-12-01,NJOY,0.130305163269701
2023-12-01,BREEZE,0.08070239334103524
2023-12-01,Other,0.07722400264332457
2023-12-01,HYPPE,0.03453606755089969
