"brand","type","s0","x0","s1","x1","within","composition","interaction","total","base_month","comp_month"
"VUSE","Closed pod",0,0,0.476013610555481,16.0600699243166,0,0,7.64481187044744,7.64481187044744,2013-01-01,2023-12-01
"JUUL","Closed pod",0,0,0.165987295754368,31.4644330042274,0,0,5.22269614681618,5.22269614681618,2013-01-01,2023-12-01
"BLU","Closed pod",0.380152255244767,10.8920128608295,0.00714740019380425,17.9266638839275,2.67423845129061,-4.06277367836693,-2.62395898520477,-4.0124942122811,2013-01-01,2023-12-01
"BLU","Disposable",0.197809995713043,16.3199999999963,0.00206988355500398,21.751570159071,1.07441886988167,-3.19447863041847,-1.06317615213155,-3.18323591266835,2013-01-01,2023-12-01
"BREEZE","Disposable",0,0,0.0807060172797389,34,0,0,2.74400458751112,2.74400458751112,2013-01-01,2023-12-01
"NJOY","Closed pod",0.028828738757185,19.2737158431752,0.110790528737016,27.7481497289611,0.244307240608358,1.57970825006928,0.694579770344751,2.51859526102239,2013-01-01,2023-12-01
"HYPPE","Disposable",0,0,0.0345376183920419,33.9983245549362,0,0,1.17422115944718,1.17422115944718,2013-01-01,2023-12-01
"VUSE","Disposable",0,0,0.0349933645820457,31.9547328246292,0,0,1.11820361585411,1.11820361585411,2013-01-01,2023-12-01
"FINITI","Open refill",0.108019122320343,9.60584117865998,0,0,-1.03761453326746,-1.03761453326746,1.03761453326746,-1.03761453326746,2013-01-01,2023-12-01
"21ST CENTURY SMOKE","Closed pod",0.0831758171764453,10.8817130164554,4.18938514026296e-06,10.88,-0.000142481543517641,-0.905049784736431,0.000142474367031957,-0.905049791912917,2013-01-01,2023-12-01
"FINITI","Closed pod",0.0940703229360059,9.50457798020844,0,0,-0.894098719968659,-0.894098719968659,0.894098719968659,-0.894098719968659,2013-01-01,2023-12-01
"MISTIC","Closed pod",0.0391736939559102,10.5864847165313,0,0,-0.414711712354318,-0.414711712354318,0.414711712354318,-0.414711712354318,2013-01-01,2023-12-01
"MADURO DISTRIBUTORS","Disposable",0,0,0.0120203605841281,33.2180971129681,0,0,0.399293505216461,0.399293505216461,2013-01-01,2023-12-01
"NICOTEK","Closed pod",0.0257200139055296,11.621895660347,0,0,-0.29891531799274,-0.29891531799274,0.29891531799274,-0.29891531799274,2013-01-01,2023-12-01
"BIDI","Disposable",0,0,0.00303484296292136,56.1493693165033,0,0,0.170404518342663,0.170404518342663,2013-01-01,2023-12-01
"LOGIC","Closed pod",0.000992857813931147,13.5999999999999,0.0125718080409579,13.9988202595289,0.000395971811027366,0.157473723087563,0.00461791993461562,0.162487614833206,2013-01-01,2023-12-01
"SHENZEN HQD TECHNOLOGY","Disposable",0,0,0.012431411271445,7.92642869554686,0,0,0.0985366950281262,0.0985366950281262,2013-01-01,2023-12-01
"MNGO","Disposable",0,0,0.00226376044419864,40.8000000000004,0,0,0.0923614261233055,0.0923614261233055,2013-01-01,2023-12-01
"NJOY","Disposable",0.0305091559798707,20.4692884752525,0.0195204858824541,35.9338389523778,0.471810382665202,-0.224930258183401,-0.169934843397977,0.0769452810838241,2013-01-01,2023-12-01
"STAGBAR","Disposable",0,0,0.00409996795117547,16.2533288629179,0,0,0.0666381274378787,0.0666381274378787,2013-01-01,2023-12-01
"ZEO","Disposable",0,0,0.0018965477448257,32.571842750145,0,0,0.0617740549126049,0.0617740549126049,2013-01-01,2023-12-01
"JUICY BAR","Disposable",0,0,0.00769105652609463,7.84615384615385,0,0,0.060345212743204,0.060345212743204,2013-01-01,2023-12-01
"NICOTEK","Open refill",0.00388909605010502,12.24,0,0,-0.0476025356532855,-0.0476025356532855,0.0476025356532855,-0.0476025356532855,2013-01-01,2023-12-01
"LEAP","Closed pod",0,0,0.00156088962524774,25.3054306413235,0,0,0.039498984150468,0.039498984150468,2013-01-01,2023-12-01
"MISTIC","Disposable",0.00574701078376337,5.87519999999995,0,0,-0.0337648377567663,-0.0337648377567663,0.0337648377567663,-0.0337648377567663,2013-01-01,2023-12-01
"STICK","Disposable",0,0,0.000644798740400698,50.4297896532132,0,0,0.032517064847064,0.032517064847064,2013-01-01,2023-12-01
"GLAS","Closed pod",0,0,0.000586657929751016,40.8734462520364,0,0,0.0239787313600091,0.0239787313600091,2013-01-01,2023-12-01
"UNKNOWN","Disposable",0,0,0.00190443557153501,12.3549246395243,0,0,0.0235291579671444,0.0235291579671444,2013-01-01,2023-12-01
"ESCO BARS","Disposable",0,0,0.00136594555564817,17.0006949201058,0,0,0.0232220236690489,0.0232220236690489,2013-01-01,2023-12-01
"IGNITE","Disposable",0,0,0.000747065559223121,21.4051013344779,0,0,0.0159910139986694,0.0159910139986694,2013-01-01,2023-12-01
