year_month,type,units_sum,cart_sum,units_na_cart,mL_sum
2013-01,Closed pod,238502,959757,14231,973238.1
2013-01,Disposable,331002,331002,0,349107.6147815
2013-01,Open refill,97756,97756,0,166689.25
2013-02,Closed pod,256666,1033127,13144,1043967.35
2013-02,Disposable,362613,362613,0,380986.4531415
2013-02,Open refill,87105,87105,0,153633.79853
2013-03,Closed pod,335223,1350625,14312,1360700.6
2013-03,Disposable,485201,485201,0,530258.372677
2013-03,Open refill,114223,114223,0,216387.01420900002
2013-04,Closed pod,271875,1086079,9719,1097415
2013-04,Disposable,394842,394842,0,433826.400829
2013-04,Open refill,82833,82833,0,157196.695474
2013-05,Closed pod,275713,1088508,8007,1126074.1
2013-05,Disposable,397020,397020,0,436336.61421850004
2013-05,Open refill,73354,73354,0,140353.294662
2013-06,Closed pod,347688,1350029,10077,1405664.8
2013-06,Disposable,482860,482860,8,532717.3904650001
2013-06,Open refill,88424,88424,0,168385.841452
2013-07,Closed pod,311738,1242287,6886,1296514.7
2013-07,Disposable,346981,347097,25,389276.3864925
2013-07,Open refill,73739,73739,0,174389.85305
2013-08,Closed pod,407207,1653859,5460,1730644.5
2013-08,Disposable,384126,384578,62,441903.7119175
2013-08,Open refill,75103,75103,0,181804.030447
2013-09,Closed pod,311854,1261008,3761,1320325.95
2013-09,Disposable,286131,286543,52,329575.4241185
2013-09,Open refill,57619,57619,0,110101.306553
2013-10,Closed pod,298357,1181192,5383,1233089.75
2013-10,Disposable,264978,265369,53,307397.5268835
2013-10,Open refill,52584,52584,0,96907.659415
2013-11,Closed pod,377537,1525142,5169,1573954.3
2013-11,Disposable,301555,302011,51,349183.2536815
2013-11,Open refill,79185,79185,0,141386.301913
2013-12,Closed pod,308897,1262354,4048,1308404.2
2013-12,Disposable,240634,240977,33,275264.5954455
2013-12,Open refill,63922,63922,0,111216.242072
2014-01,Closed pod,344158,1392165,4154,1451925.55
2014-01,Disposable,260633,260928,38,300969.592207
2014-01,Open refill,68807,68807,0,117896.46597
2014-02,Closed pod,345699,1397276,3402,1453491.5
2014-02,Disposable,245974,246234,53,283826.594972
2014-02,Open refill,62171,62171,0,106527.449342
2014-03,Closed pod,421970,1698364,6580,1772387.15
2014-03,Disposable,293440,294239,57,339712.17467
2014-03,Open refill,98628,98628,0,175073.831592
2014-04,Closed pod,304678,1217053,4090,1271592.4
2014-04,Disposable,209396,210067,50,241153.9289145
2014-04,Open refill,63130,63130,0,114631.649941
2014-05,Closed pod,351768,1402802,3861,1461367.5
2014-05,Disposable,238587,239414,118,277014.532153
2014-05,Open refill,68722,68722,0,125108.64214
2014-06,Closed pod,298541,1147978,2525,1197172.824179
2014-06,Disposable,187276,187965,249,219773.63283
2014-06,Open refill,79744,79744,0,130996.058108
2014-07,Closed pod,294613,1064982,3084,1112895.1544930001
2014-07,Disposable,189701,190299,360,220853.744141
2014-07,Open refill,56199,56199,0,97559.5561
2014-08,Closed pod,359894,1298232,3571,1368129.4701140001
2014-08,Disposable,236940,237607,2858,308227.3220125
2014-08,Open refill,61185,61185,0,154549.441804
2014-09,Closed pod,298611,1021458,1875,1086442.764443
2014-09,Disposable,203163,203810,8142,326621.0418115
2014-09,Open refill,53255,53255,0,239700.40002
2014-10,Closed pod,329382,1106345,4922,1181073.7724030002
2014-10,Disposable,201946,202394,8523,327688.666057
2014-10,Open refill,96522,96522,0,327025.610611
2014-11,Closed pod,386799,1334820,4868,1452295.405238
2014-11,Disposable,239371,240151,11015,425315.7215445
2014-11,Open refill,133738,133738,0,451426.42555600003
2014-12,Closed pod,309801,1064708,2049,1171975.51426
2014-12,Disposable,205667,207873,10068,455834.576494
2014-12,Open refill,77101,77101,0,386488.865591
2015-01,Closed pod,409086,1327047,1983,1459729.80887
2015-01,Disposable,253605,254361,17056,501026.45854
2015-01,Open refill,90397,90397,0,593220.3346310001
2015-02,Closed pod,334927,1063984,1475,1161918.5006780003
2015-02,Disposable,186171,186483,13391,378296.2664915
2015-02,Open refill,65060,65060,0,460816.10495
2015-03,Closed pod,338299,1063752,1340,1181467.5255040003
2015-03,Disposable,179838,180118,11894,348424.7397925
2015-03,Open refill,62075,62075,0,440631.8055445
2015-04,Closed pod,333308,1054622,1556,1134488.9177760002
2015-04,Disposable,184980,185256,11942,356849.468185
2015-04,Open refill,69971,69971,0,456578.2589565
2015-05,Closed pod,414134,1298050,1555,1391094.874973
2015-05,Disposable,222440,222867,14368,427506.948983
2015-05,Open refill,75306,75306,0,547883.0585805
2015-06,Closed pod,327830,1025519,1386,1092590.6762670001
2015-06,Disposable,174430,174713,10826,337613.048156
2015-06,Open refill,64032,64032,0,450824.26018599997
2015-07,Closed pod,322024,999458,1232,1070695.489849
2015-07,Disposable,175112,175376,11632,353279.84586
2015-07,Open refill,84115,84115,0,637296.753856
2015-08,Closed pod,410171,1257037,1511,1346790.4845750001
2015-08,Disposable,221231,221539,15189,466834.343542
2015-08,Open refill,106283,106283,0,803620.4915435
2015-09,Closed pod,327762,977039,1134,1033774.551209
2015-09,Disposable,171776,172025,12579,357082.962576
2015-09,Open refill,63333,63333,0,514518.671876
2015-10,Closed pod,422950,1238416,1260,1313161.186217
2015-10,Disposable,220732,221027,14103,398648.140285
2015-10,Open refill,76841,76841,0,675773.3358965
2015-11,Closed pod,342834,996456,935,1038699.036516
2015-11,Disposable,186542,186795,10692,337713.7217465
2015-11,Open refill,68665,68665,0,598676.558116
2015-12,Closed pod,352921,1017177,916,1071785.8432490001
2015-12,Disposable,193159,193330,10479,333918.414732
2015-12,Open refill,66159,66159,0,588768.2656515
2016-01,Closed pod,439490,1282794,982,1333960.6841395001
2016-01,Disposable,281965,282149,12010,440311.363228
2016-01,Open refill,83583,83583,0,736853.918887
2016-02,Closed pod,355667,1031048,816,1074879.8207845
2016-02,Disposable,258838,258963,11237,392446.959009
2016-02,Open refill,80931,80931,0,709506.144741
2016-03,Closed pod,357685,1042317,798,1087571.9988275
2016-03,Disposable,239097,239258,10900,372609.234021
2016-03,Open refill,73039,73039,0,637617.1490205
2016-04,Closed pod,446484,1286169,1007,1322705.4616105
2016-04,Disposable,308560,308742,13374,472857.814778
2016-04,Open refill,93886,93886,0,808553.051123
2016-05,Closed pod,375957,1043777,725,1067414.799142
2016-05,Disposable,280232,280373,11162,415174.270701
2016-05,Open refill,81879,81879,0,707773.4172275
2016-06,Closed pod,369617,1030911,702,1042779.9899705001
2016-06,Disposable,283203,283409,10201,409164.807459
2016-06,Open refill,78443,78443,0,667643.568993
2016-07,Closed pod,475649,1323355,820,1331586.988388
2016-07,Disposable,356557,356765,11176,499998.588232
2016-07,Open refill,92892,92892,0,786048.1985155001
2016-08,Closed pod,394172,1089437,707,1093654.893283
2016-08,Disposable,291416,291605,8550,400358.54987
2016-08,Open refill,74398,74398,0,631601.8411105
2016-09,Closed pod,398784,1099317,645,1098217.3990570002
2016-09,Disposable,295536,295676,8384,397034.204906
2016-09,Open refill,77721,77721,0,646626.374436
2016-10,Closed pod,481948,1323210,855,1339817.0603295001
2016-10,Disposable,300019,300193,8833,416496.709842
2016-10,Open refill,95318,95318,0,784092.3101655
2016-11,Closed pod,385955,1052242,613,1081820.729982
2016-11,Disposable,206308,206454,6643,289000.10324
2016-11,Open refill,71838,71838,0,628235.2415335
2016-12,Closed pod,468743,1274965,686,1326599.4295490002
2016-12,Disposable,310173,310323,7588,397895.3232
2016-12,Open refill,82880,82880,0,775806.587981
2017-01,Closed pod,376960,1052289,2660,1090745.4806650002
2017-01,Disposable,278271,278272.056,5598,340965.983279
2017-01,Open refill,69699,69699,0,617242.1389095
2017-02,Closed pod,393874,1099126,3270,1141347.9474640002
2017-02,Disposable,298795,298795.042,5563,358807.767285
2017-02,Open refill,74287,74287,0,611138.514711
2017-03,Closed pod,417376,1161581,1782,1203831.5968015
2017-03,Disposable,322144,322147.238,5854,387938.96135399997
2017-03,Open refill,81878,81878,0,649267.9132625
2017-04,Closed pod,550129,1533110,3908,1594831.58141
2017-04,Disposable,421590,421596.14,6849,505002.22582299996
2017-04,Open refill,103340,103340,0,795346.3310275
2017-05,Closed pod,454509,1250608,3834,1290285.7493895001
2017-05,Disposable,359012,359014.042,5312,427095.959585
2017-05,Open refill,86111,86111,0,679186.5505845
2017-06,Closed pod,462741,1268946,3134,1304401.2712795
2017-06,Disposable,386828,386831.042,6505,467674.36545399996
2017-06,Open refill,93584,93584,0,731937.674655
2017-07,Closed pod,452786,1249501,5845,1288120.2188745001
2017-07,Disposable,388340,388344,5180,459884.970983
2017-07,Open refill,91602,91602,0,674973.389392
2017-08,Closed pod,430312,1192142,3551,1233450.3939145003
2017-08,Disposable,382971,382971.014,4997,455521.695647
2017-08,Open refill,92586,92586,0,664769.2652505
2017-09,Closed pod,526390,1433632,3066,1468993.2028825001
2017-09,Disposable,449736,449739,6106,529184.594615
2017-09,Open refill,111960,111960,0,789833.0093865
2017-10,Closed pod,431087,1127248,4013,1152630.321478
2017-10,Disposable,375321,375321,5159,425961.96452599997
2017-10,Open refill,97639,97639,0,647606.3229615
2017-11,Closed pod,458510,1172600,5781,1200896.8723544998
2017-11,Disposable,397346,397348,5584,448763.708587
2017-11,Open refill,104072,104072,0,661072.0797745
2017-12,Closed pod,616156,1589816,8758,1611544.5996319996
2017-12,Disposable,484271,484274,6331,540907.292021
2017-12,Open refill,127819,127819,0,826785.3574404999
2018-01,Closed pod,1739390,4520905,99260,4399437.418357501
2018-01,Disposable,545780,545788,6295,634507.0471089999
2018-01,Open refill,118336,118336,0,736868.7729295
2018-02,Closed pod,1861505,4898663,116332,4758165.643394003
2018-02,Disposable,555104,555109,6874,629612.2918415
2018-02,Open refill,123830,123830,0,741578.434564
2018-03,Closed pod,2698442,7292612,205259,7003316.776166506
2018-03,Disposable,738416,738427,8197,819046.0998994999
2018-03,Open refill,153378,153378,0,923629.9282155
2018-04,Closed pod,2380821,6714642,176982,6168894.355353002
2018-04,Disposable,611106,611112,6086,665644.7744184999
2018-04,Open refill,116431,116431,0,677506.1589825
2018-05,Closed pod,2660277,7773631,161898,6747645.944784499
2018-05,Disposable,670075,670079,5893,735745.5034719998
2018-05,Open refill,130084,130084,0,651644.310667
2018-06,Closed pod,3496876,10472935,208157,8984093.711823499
2018-06,Disposable,840435,840436,6552,912543.3088819997
2018-06,Open refill,167902,167902,0,786966.125671
2018-07,Closed pod,2899527,8695882,143943,7369692.5900845
2018-07,Disposable,706777,706779,4971,773909.5507709997
2018-07,Open refill,128077,128077,0,607555.337702
2018-08,Closed pod,3022909,9053594,158003,7907718.5233930005
2018-08,Disposable,664508,664508,5390,713440.0326364998
2018-08,Open refill,129940,129940,0,617316.161871
2018-09,Closed pod,3852818,11683775,227843,9930357.643902503
2018-09,Disposable,816048,816051,6231,874429.4000684997
2018-09,Open refill,153652,153652,0,724875.9218785
2018-10,Closed pod,3210644,9780226,213169,8240792.966227503
2018-10,Disposable,637416,637416,4620,690733.1969164999
2018-10,Open refill,108917,108917,0,478109.0951885
2018-11,Closed pod,3343038,10282954,194078,8642538.030304506
2018-11,Disposable,642823,642823,5664,708189.3633794999
2018-11,Open refill,103955,103955,0,521623.112885
2018-12,Closed pod,4105110,12651753,190954,10633060.495718516
2018-12,Disposable,781545,781548,8044,854064.4622804997
2018-12,Open refill,126805,126805,0,725395.7706305
2019-01,Closed pod,3203873,9717921,165061,8396439.205534505
2019-01,Disposable,608928,608931,6326,659754.124817
2019-01,Open refill,96350,96350,0,545176.0656225
2019-02,Closed pod,3237690,9804281,162828,8507679.195215005
2019-02,Disposable,614860,614860,1596,628666.5285445
2019-02,Open refill,84919,84919,0,355879.1612885
2019-03,Closed pod,4383323,13370189,217518,11530890.551197512
2019-03,Disposable,771294,771294,998,783063.6779889999
2019-03,Open refill,101165,101165,0,426483.5810725
2019-04,Closed pod,3797887,11586773,183233,10071566.4223605
2019-04,Disposable,600290,600290,528,605401.8495735
2019-04,Open refill,85346,85346,0,593109.0374895
2019-05,Closed pod,4026123,12092395,169571,10956604.207302505
2019-05,Disposable,610330,610332,966,617920.3645355001
2019-05,Open refill,109615,109615,0,1348011.284633
2019-06,Closed pod,5426970,15985991,202370,15069310.153179519
2019-06,Disposable,768804,768804,1991,787435.5177624999
2019-06,Open refill,142427,142427,0,1847764.3556915
2019-07,Closed pod,4736981,13550716,179584,13296622.690095505
2019-07,Disposable,615898,615898,537,617938.6233675
2019-07,Open refill,90724,90724,0,911813.74305
2019-08,Closed pod,6357353,17589364,273041,18337216.39343449
2019-08,Disposable,766060,766060,389,768056.7412609999
2019-08,Open refill,99477,99477,0,820172.378412
2019-09,Closed pod,4751857,12499445,298176,13950879.312075509
2019-09,Disposable,554488,554489,268,554628.3580915
2019-09,Open refill,61617,61617,0,369984.0404695
2019-10,Closed pod,4768652,12346510,378059,13764469.081898008
2019-10,Disposable,579715,579715,92,577876.1274845001
2019-10,Open refill,52343,52343,0,190132.4028905
2019-11,Closed pod,6191989,16081621,479073,17715047.60383899
2019-11,Disposable,573750,573750,106,572568.583181
2019-11,Open refill,41096,41096,0,150781.3182855
2019-12,Closed pod,4766944,11864550,392228,13609341.214088
2019-12,Disposable,375481,375481,68,374677.0765975
2019-12,Open refill,19310,19310,0,103671.7646135
2020-01,Closed pod,4120489,9997801,332994,12033491.0273855
2020-01,Disposable,339965,339965,98,339640.73087050003
2020-01,Open refill,13875,13875,0,91081.1740235
2020-02,Closed pod,4359798,11124699,295459,12767877.24940501
2020-02,Disposable,586150,586150,37,584865.5939965
2020-02,Open refill,918,918,0,7084.8862625
2020-03,Closed pod,3599576,9518899,184409,10654055.432805007
2020-03,Disposable,428482,428482,14,428975.8729795
2020-03,Open refill,47,47,0,309.4106245
2020-04,Closed pod,3667621,9871993,163949,10937379.578555007
2020-04,Disposable,314067,314067,2,314743.973338
2020-04,Open refill,35,35,0,291.904389
2020-05,Closed pod,4770319,12754014,236013,14309543.031810012
2020-05,Disposable,368693,368693,7,369249.58176800003
2020-05,Open refill,104,104,0,1044.254737
2020-06,Closed pod,3842362,10177975,220245,11568681.118423507
2020-06,Disposable,315491,315491,7,315850.46294550004
2020-06,Open refill,31,31,0,253.135478
2020-07,Closed pod,3859526,10171845,236147,11628563.074304007
2020-07,Disposable,315866,315866,0,317023.05
2020-07,Open refill,23,23,0,222.41686
2020-08,Closed pod,4818145,12739150,250289,14598133.119071512
2020-08,Disposable,385980,385981,4,388162.62333800003
2020-08,Open refill,30,30,0,252.933488
2020-09,Closed pod,3876226,10166158,200908,11815266.520486007
2020-09,Disposable,299030,299030,11,301297.251666
2020-09,Open refill,14,14,0,132.9521945
2020-10,Closed pod,4966297,12897023,262766,15277927.883940512
2020-10,Disposable,367899,367899,16,371346.10499
2020-10,Open refill,20,20,0,180.691802
2020-11,Closed pod,4064266,10405131,192939,12448160.48785401
2020-11,Disposable,291240,291240,13,293921.25
2020-11,Open refill,18,18,0,179.95635149999998
2020-12,Closed pod,4031551,10345007,140531,12281337.99923351
2020-12,Disposable,288570,288570,9,291406.7
2020-12,Open refill,13,13,0,171.687645
2021-01,Closed pod,4608521,12499718,0,14699819.643593507
2021-01,Disposable,952777,982692,0,1449237.163503499
2021-01,Open refill,29,29,0,328.79817299999996
2021-02,Closed pod,3670958,10061034,0,11889302.115729004
2021-02,Disposable,792209,816721,0,1248255.7840599995
2021-02,Open refill,2,2,0,29.987529
2021-03,Closed pod,3613187,10387651,0,12334034.410088003
2021-03,Disposable,860965,890938,0,1378226.0729974993
2021-03,Open refill,15,15,0,125.864816
2021-04,Closed pod,3501824,10393210,0,12306377.998677002
2021-04,Disposable,861413,892754,0,1403623.6348204992
2021-04,Open refill,15,15,0,161.42249
2021-05,Closed pod,4367221,13149223,0,15512985.747156505
2021-05,Disposable,1074159,1106390,0,1763221.8784344986
2021-05,Open refill,82,82,0,758.8853135
2021-06,Closed pod,3453030,10514860,0,12438595.822030002
2021-06,Disposable,889267,917839,0,1497780.8841369993
2021-06,Open refill,15,15,0,121.940591
2021-07,Closed pod,4266553,13007692,0,15440692.360088006
2021-07,Disposable,1213843,1255977,0,2097239.693696498
2021-07,Open refill,18,18,0,189.937645
2021-08,Closed pod,3364332,10254919,0,12194387.959169501
2021-08,Disposable,941501,963068,0,1781892.8058664987
2021-08,Open refill,8,8,0,64.7752855
2021-09,Closed pod,3333271,10174302,0,12172915.3895165
2021-09,Disposable,958338,977275,0,1937560.5224944986
2021-09,Open refill,13,13,0,189.660019
2021-10,Closed pod,4140663,12665384,0,15232634.959132506
2021-10,Disposable,1197497,1219992,0,2496632.224572999
2021-10,Open refill,24,24,0,215.59047950000001
2021-11,Closed pod,3288464,10076106,0,12177740.894324502
2021-11,Disposable,920958,938259,0,1966928.3924464989
2021-11,Open refill,6,6,0,84.9646655
2021-12,Closed pod,3298094,10116986,0,12274177.744944502
2021-12,Disposable,873757,890042,0,1906767.292557999
2021-12,Open refill,12,12,0,124.9812935
2022-01,Closed pod,3056068,9402030,0,11202002.228985501
2022-01,Disposable,906712,918848,0,1927410.4973489991
2022-01,Open refill,1,1,0,14.9937645
2022-02,Closed pod,3128994,9657165,0,11569691.598756002
2022-02,Disposable,930006,940352,0,2088585.952592999
2022-02,Open refill,5,5,0,23.230688
2022-03,Closed pod,3113101,9677949,0,11604708.218447503
2022-03,Disposable,939419,946712,0,2191004.279212499
2022-03,Open refill,4,4,0,59.975058
2022-04,Closed pod,3880282,12111471,0,14523495.121845506
2022-04,Disposable,1150329,1156322,0,2738938.725450499
2022-04,Open refill,7,7,0,60.9634545
2022-05,Closed pod,3102236,9707992,0,11623679.167239001
2022-05,Disposable,863866,866775,0,2045801.9823479992
2022-05,Open refill,10,10,0,78.9524565
2022-06,Closed pod,3151261,9912232,0,11826567.791377502
2022-06,Disposable,834315,835874,0,1947946.6739339994
2022-06,Open refill,6,6,0,45.957219
2022-07,Closed pod,3552761,10901823,0,13940493.315133506
2022-07,Disposable,1054706,1055737,0,2445806.297790999
2022-07,Open refill,5,5,0,59.975058000000004
2022-08,Closed pod,2814040,8670070,0,11050082.640825002
2022-08,Disposable,813366,813885,0,1830045.2892224996
2022-08,Open refill,2,2,0,15.9937645
2022-09,Closed pod,2765374,8515910,0,10844325.9432905
2022-09,Disposable,800025,800394,0,1742085.2864229996
2022-09,Open refill,2,2,0,4.7369235
2022-10,Closed pod,3351720,10311301,0,13162238.696132505
2022-10,Disposable,952874,953133,0,2066154.9599379993
2022-10,Open refill,3,3,0,44.9812935
2022-11,Closed pod,2645159,8134655,0,10390840.9519395
2022-11,Disposable,727277,727419,0,1569615.5844289998
2022-11,Open refill,5,5,0,64.9729795
2022-12,Closed pod,3277633,10089914,0,12927827.941188004
2022-12,Disposable,888640,888739,0,1914928.7371209995
2022-12,Open refill,3,3,0,20.9676115
2023-01,Closed pod,2557326,7889474,0,10305079.368652
2023-01,Disposable,614585,614634,0,1336521.1292769997
2023-01,Open refill,1,1,0,14.9937645
2023-02,Closed pod,2537505,7850453,0,10288999.2460045
2023-02,Disposable,611031,611112,0,1374590.3194654998
2023-03,Closed pod,2519773,7823785,0,10271184.7815865
2023-03,Disposable,648562,648599,0,1451311.4666339997
2023-04,Closed pod,3115373,9647120,0,12642545.972007003
2023-04,Disposable,801150,801189,0,1811321.1054184993
2023-04,Open refill,2,2,0,19.991686
2023-05,Closed pod,2461160,7641954,0,10085545.805742
2023-05,Disposable,703966,704020,0,1562811.8480609995
2023-05,Open refill,1,1,0,9.995843
2023-06,Closed pod,2405554,7503399,0,9961884.34598
2023-06,Disposable,770563,772588,0,1757827.0296309995
2023-06,Open refill,9,9,0,134.9438805
2023-07,Closed pod,2969322,9271080,0,12316475.980819004
2023-07,Disposable,1084894,1091944,0,2757748.609833999
2023-08,Closed pod,2330621,7306604,0,9678891.965666
2023-08,Disposable,899923,904909,0,2414564.870088999
2023-08,Open refill,2,2,0,12.9827665
2023-09,Closed pod,2814798,8837887,0,11736477.758746503
2023-09,Disposable,1161050,1166562,0,3352210.737831499
2023-09,Open refill,1,1,0,1.75
2023-10,Closed pod,2223418,6990161,0,9284297.089982
2023-10,Disposable,837271,841309,0,2683708.300196999
2023-10,Open refill,1,1,0,9.995843
2023-11,Closed pod,2228648,6988553,0,9339806.9791935
2023-11,Disposable,813908,817952,0,2697837.574287999
2023-12,Closed pod,2817897,8800283,0,11834298.287277503
2023-12,Disposable,1021853,1027437,0,3442406.493313999
