month,pod_std,disp_std,open_std,pod_pkg,rms_raw,rms_cdc_std
2013-01-01,191951.4,331002,97756,238502,58.12110187110187,53.32640362784904
2013-02-01,206625.4,362613,87105,256666,58.5540604477142,55.247451257984764
2013-03-01,270125,485201,114223,335223,59.14027380963989,55.79915565425295
2013-04-01,217215.8,394842,82833,271875,59.22182875192923,56.82072636448777
2013-05-01,217701.6,397020,73354,275713,59.01598405310874,57.70005505209021
2013-06-01,270005.8,482860,88424,347688,58.13751884298078,57.39520436358553
2013-07-01,248457.4,346981,73739,311738,52.67511640016456,51.8518706698702
2013-08-01,330771.8,384126,75103,407207,48.5416379703614,48.623495064815124
2013-09-01,252201.6,286131,57619,311854,47.84919354164402,48.01245604508823
2013-10-01,236238.4,264978,52584,298357,47.03737562906618,47.84720271057948
2013-11-01,305028.4,301555,79185,377537,44.405618090037876,43.97330060702709
2013-12-01,252470.8,240634,63922,308897,43.78897641807286,43.19971678202916
2014-01-01,278433,260633,68807,344158,43.09472197833632,42.87622579058455
2014-02-01,279455.2,245974,62171,345699,41.57262541978424,41.86077540477352
2014-03-01,339672.8,293440,98628,421970,41.01703918033016,40.101631616003914
2014-04-01,243410.6,209396,63130,304678,40.73265716608893,40.58560683618879
2014-05-01,280560.4,238587,68722,351768,40.41415758314912,40.585034703286134
2014-06-01,229595.6,187276,79744,298541,38.54867161914878,37.71045452458602
2014-07-01,212996.4,189701,56199,294613,39.169010187605565,41.33852433795514
2014-08-01,259646.4,236940,61185,359894,39.69948092769514,42.47976859336997
2014-09-01,204291.6,203163,53255,298611,40.4889452223511,44.097843847838206
2014-10-01,221269,201946,96522,329382,38.00778426885088,38.85542110721384
2014-11-01,266964,239371,133738,386799,38.22779756296214,37.39745310300544
2014-12-01,212941.6,205667,77101,309801,39.899081999270564,41.48941234948849
2015-01-01,265409.4,253605,90397,409086,38.26896698461274,41.61474498179719
2015-02-01,212796.8,186171,65060,334927,35.72667713174873,40.12065656411103
2015-03-01,212750.4,179838,62075,338299,34.708580935158075,39.55409650303939
2015-04-01,210924.4,184980,69971,333308,35.690581298428675,39.7058956107148
2015-05-01,259610,222440,75306,414134,34.943305884311954,39.90986012530591
2015-06-01,205103.8,174430,64032,327830,34.729024807868434,39.32449255555771
2015-07-01,199891.6,175112,84115,322024,35.22416401145763,38.14090738210127
2015-08-01,251407.4,221231,106283,410171,35.038058162628566,38.2143413596388
2015-09-01,195407.8,171776,63333,327762,34.38697356357274,39.899952800912764
2015-10-01,247683.2,220732,76841,422950,34.29208832933032,40.482254030307224
2015-11-01,199291.2,186542,68665,342834,35.238091639968566,41.04350688297556
2015-12-01,203435.4,193159,66159,352921,35.37192352768825,41.74123842201916
2016-01-01,256558.8,281965,83583,439490,39.082825678663255,45.32421121260851
2016-02-01,206209.6,258838,80931,355667,42.12138225075467,47.40808522531836
2016-03-01,208463.4,239097,73039,357685,40.064378617317544,45.927252317232785
2016-04-01,257233.8,308560,93886,446484,40.866492548778616,46.774207729265015
2016-05-01,208755.4,280232,81879,375957,42.70598867094694,49.088893653576385
2016-06-01,206182.2,283203,78443,369617,43.38148341043473,49.874768459896856
2016-07-01,264671,356557,92892,475649,42.84480044604341,49.929563658768835
2016-08-01,217887.4,291416,74398,394172,42.50599485405229,49.92552699034129
2016-09-01,219863.4,295536,77721,398784,42.56481161424127,49.82732005171294
2016-10-01,264642,300019,95318,481948,38.36722010008095,45.45887066103619
2016-11-01,210448.4,206308,71838,385955,34.833849151474936,42.224798319424046
2016-12-01,254993,310173,82880,468743,39.821110363633565,47.862806035374035
2017-01-01,210457.8,278271,69699,376960,42.46914446966032,49.831150956309834
2017-02-01,219825.2,298795,74287,393874,43.13676517932808,50.394901596742294
2017-03-01,232316.2,322144,81878,417376,43.56122890523583,50.624652111094385
2017-04-01,306622,421590,103340,550129,43.385999450458414,50.6991745555299
2017-05-01,250121.6,359012,86111,454509,44.130637070217,51.63822919300632
2017-06-01,253789.2,386828,93584,462741,45.532264006808155,52.686920152132686
2017-07-01,249900.2,388340,91602,452786,46.169063850124715,53.20876211323489
2017-08-01,238428.4,382971,92586,430312,47.0895125067166,53.63849176747872
2017-09-01,286726.4,449736,111960,526390,46.07356017563306,53.00850142570493
2017-10-01,225449.6,375321,97639,431087,46.54232100872015,53.73938158925651
2017-11-01,234520,397346,104072,458510,46.4267353386551,53.991776481170966
2017-12-01,317963.2,484271,127819,616156,44.007553431531576,52.06917195704504
2018-01-01,904181,545780,118336,1739390,23.88356227326632,34.80080622484134
2018-02-01,979732.6,555104,123830,1861505,22.970368810179885,33.466882374070835
2018-03-01,1458522.4,738416,153378,2698442,21.485205382357957,31.417727417466008
2018-04-01,1342928.4,611106,116431,2380821,20.425164116637873,29.5153930126048
2018-05-01,1554726.2,670075,130084,2660277,20.120245547617788,28.454677960522236
2018-06-01,2094587,840435,167902,3496876,19.376867372434212,27.08525893640966
2018-07-01,1739176.4,706777,128077,2899527,19.598375511326832,27.457989618149032
2018-08-01,1810718.8,664508,129940,3022909,18.020961556558426,25.507311086568432
2018-09-01,2336755,816048,153652,3852818,17.478505487199676,24.680450815147946
2018-10-01,1956045.2,637416,108917,3210644,16.564606580978467,23.58722402363962
2018-11-01,2056590.8,642823,103955,3343038,16.127581970369764,22.93037576789754
2018-12-01,2530350.6,781545,126805,4105110,15.993455646040083,22.727916469377995
2019-01-01,1943584.2,608928,96350,3203873,15.970621073588681,22.98828530982095
2019-02-01,1960856.2,614860,84919,3237690,15.959818821300178,23.109519110323728
2019-03-01,2674037.8,771294,101165,4383323,14.963167971548614,21.748052895465747
2019-04-01,2317354.6,600290,85346,3797887,13.648609412490675,19.989739561622336
2019-05-01,2418479,610330,109615,4026123,13.163726667778148,19.447021817319776
2019-06-01,3197198.2,768804,142427,5426970,12.408522325055756,18.712845288900194
2019-07-01,2710143.2,615898,90724,4736981,11.505920458878297,18.02576308140811
2019-08-01,3517872.8,766060,99477,6357353,10.754114635779226,17.47634911981079
2019-09-01,2499889,554488,61617,4751857,10.449527876532716,17.79489947669989
2019-10-01,2469302,579715,52343,4768652,10.839102851393706,18.692283385353523
2019-11-01,3216324.2,573750,41096,6191989,8.480226624172172,14.975842106936412
2019-12-01,2372910,375481,19310,4766944,7.3016329844382755,13.56653048866189
2020-01-01,1999560.2,339965,13875,4120489,7.621757785194063,14.445694361715443
2020-02-01,2224939.8,586150,918,4359798,11.851115296804576,20.84453677546698
2020-03-01,1903779.8,428482,47,3599576,10.637433721162903,18.37158098447341
2020-04-01,1974398.6,314067,35,3667621,7.887785281016494,13.723701885854869
2020-05-01,2550802.8,368693,104,4770319,7.174394611259908,12.628203358556197
2020-06-01,2035595,315491,31,3842362,7.587834394337655,13.418770737483502
2020-07-01,2034369,315866,23,3859526,7.564942405407684,13.439630883077518
2020-08-01,2547830,385980,30,4818145,7.416808781495448,13.15613666730292
2020-09-01,2033231.6,299030,14,3876226,7.161956057305229,12.821383544894951
2020-10-01,2579404.6,367899,20,4966297,6.89699066176046,12.482477322815859
2020-11-01,2081026.2,291240,18,4064266,6.686708731430975,12.276775270011914
2020-12-01,2069001.4,288570,13,4031551,6.679674018389763,12.240070811462784
2021-01-01,2499943.6,952777,29,4608521,17.13227739279571,27.594732036171983
2021-02-01,2012206.8,792209,2,3670958,17.749929590355908,28.248608320771606
2021-03-01,2077530.2,860965,15,3613187,19.24308785217847,29.29937081722568
2021-04-01,2078642,861413,15,3501824,19.742521435347197,29.299064307992666
2021-05-01,2629844.6,1074159,82,4367221,19.740562136810883,28.999302823887223
2021-06-01,2102972,889267,15,3453030,20.47918417372188,29.718967707955272
2021-07-01,2601538.4,1213843,18,4266553,22.14881917292108,31.814310187289962
2021-08-01,2050983.8,941501,8,3364332,21.865711001796864,31.462097419248597
2021-09-01,2034860.4,958338,13,3333271,22.330505877865388,32.0170503159249
2021-10-01,2533076.8,1197497,24,4140663,22.43276709577832,32.099332712842966
2021-11-01,2015221.2,920958,6,3288464,21.878490681143397,31.365800767608253
2021-12-01,2023397.2,873757,12,3298094,20.94410850243693,30.15902228874546
2022-01-01,1880406,906712,1,3056068,22.880704959649538,32.53223131125725
2022-02-01,1931433,930006,5,3128994,22.91219512195122,32.501282569220294
2022-03-01,1935589.8,939419,4,3113101,23.181107064246444,32.67529800215151
2022-04-01,2422294.2,1150329,7,3880282,22.866586186051755,32.19837866230879
2022-05-01,1941598.4,863866,10,3102236,21.78123507665713,30.79215408274622
2022-06-01,1982446.4,834315,6,3151261,20.933360698679436,29.619591592830847
2022-07-01,2180364.6,1054706,5,3552761,22.89123286178718,32.60220564860988
2022-08-01,1734014,813366,2,2814040,22.4228002048847,31.929486822157024
2022-09-01,1703182,800025,2,2765374,22.43858261024923,31.959976174582305
2022-10-01,2062260.2,952874,3,3351720,22.136210755300034,31.60300632422299
2022-11-01,1626931,727277,5,2645159,21.565331410292146,30.892574291281207
2022-12-01,2017982.8,888640,3,3277633,21.329375199368837,30.572906908071896
2023-01-01,1577894.8,614585,1,2557326,19.37585890650778,28.031488348723514
2023-02-01,1570090.6,611031,0,2537505,19.40682907865751,28.014531606124113
2023-03-01,1564757,648562,0,2519773,20.47012074165137,29.30268976139454
2023-04-01,1929424,801150,2,3115373,20.455643947450326,29.33996343628597
2023-05-01,1528390.8,703966,1,2461160,22.24132625367837,31.53464019074362
2023-06-01,1500679.8,770563,9,2405554,24.261165441953178,33.926797548382794
2023-07-01,1854216,1084894,0,2969322,26.75964970785967,36.912330603482005
2023-08-01,1461320.8,899923,2,2330621,27.85670153385931,38.112211782441285
2023-09-01,1767577.4,1161050,1,2814798,29.202575148748142,39.64483851894628
2023-10-01,1398032.2,837271,1,2223418,27.355637897218568,37.45669157692273
2023-11-01,1397710.6,813908,0,2228648,26.750797684578362,36.801462964726376
2023-12-01,1760056.6,1021853,0,2817897,26.61248779217397,36.73207066110272
