"row_id","upc","brand_filled","product_line","product_descr","imputed_num_cartridges","imputed_mL_per_cartridge","imputed_total_mL","imputed_nic_mg_per_ml","imputation_basis","priority","total_units","cum_unit_share"
1,"009700000500","MARLBORO",,,20,,,,"none","1-no-value",146904,0.017
2,"009700000501","MARLBORO",,,20,,,,"none","1-no-value",100252,0.029
3,"081342001259","KRAVE","KRAVE E-CG OGN","KRAVE E-CG OGN",1,,,,"none","1-no-value",68900,0.038
4,"081342001260","KRAVE","KRAVE E-CG MN","KRAVE E-CG MN",1,,,,"none","1-no-value",62069,0.045
5,"085000134243",,,,,,,,"none","1-no-value",35392,0.049
6,"085607300311","JAK","JAK E-CG REGULAR","JAK E-CG REGULAR",1,,,,"none","1-no-value",35043,0.053
7,"009700000502",,,,,,,,"none","1-no-value",29155,0.057
8,"081085902000","ZOOM","ZOOM E-CG TOB","ZOOM E-CG TOB",1,,,,"none","1-no-value",28856,0.06
9,"085000134237",,,,,,,,"none","1-no-value",24954,0.063
10,"085607300312","JAK","JAK E-CG MN","JAK E-CG MN",1,,,,"none","1-no-value",24817,0.066
11,"085000134234",,,,,,,,"none","1-no-value",23984,0.069
12,"085570400539","HAUS",,,,,,,"none","1-no-value",23607,0.072
13,"075166726863",,,,,,,,"none","1-no-value",22057,0.074
14,"081085902006","ZOOM","ZOOM E-CG MN","ZOOM E-CG MN",1,,,,"none","1-no-value",21967,0.077
15,"075166726879",,,,,,,,"none","1-no-value",20230,0.079
16,"075166726883","VOODOO","VOODOO E-HOOKAH EHOK WCWML","VOODOO E-HOOKAH EHOK WCWML",1,,,,"none","1-no-value",19052,0.082
17,"081085902003","ZOOM","ZOOM E-CG TOB","ZOOM E-CG TOB",1,,,,"none","1-no-value",18258,0.084
18,"085604000300","VICTORY","VICTORY E-CG TOB","VICTORY E-CG TOB",1,,,,"none","1-no-value",17357,0.086
19,"085013000743","COSMIC FOG","CSM FG ECGL SONRISE","CSM FG ECGL SONRISE",1,,,,"none","1-no-value",17121,0.088
20,"081085902009","ZOOM","ZOOM E-CG MN","ZOOM E-CG MN",1,,,,"none","1-no-value",15187,0.09
21,"085604000306","VICTORY","VICTORY E-CGC RFL","VICTORY E-CGC RFL",5,,,,"none","1-no-value",14485,0.091
22,"081713502417",,,,,,,,"none","1-no-value",13212,0.093
23,"085452700318","VIENTI","VIENTI E-CGC","VIENTI E-CGC",5,,,,"none","1-no-value",13113,0.095
24,"085452700319","VIENTI","VIENTI E-CGC MN","VIENTI E-CGC MN",5,,,,"none","1-no-value",12267,0.096
25,"079997584256","VX BRANDZ","VX BRANDZ E-CG CLMR/BT&ECC","VX BRANDZ E-CG CLMR/BT&ECC",1,,,,"none","1-no-value",10803,0.097
26,"085604000302","VICTORY","VICTORY E-CG MN","VICTORY E-CG MN",1,,,,"none","1-no-value",10097,0.099
27,"085570400540","HAUS",,,,,,,"none","1-no-value",9674,0.1
28,"085607300315","JAK","JAK E-CG VANILLA","JAK E-CG VANILLA",1,,,,"none","1-no-value",7926,0.101
29,"071275599740","XFIRE","XFIRE E-CG LIQUID POD MANGO","XFIRE E-CG LIQUID POD MANGO",4,,,,"none","1-no-value",7657,0.102
30,"085604000308","VICTORY","VICTORY E-CGC MN RFL","VICTORY E-CGC MN RFL",5,,,,"none","1-no-value",7453,0.102
31,"081085902012","ZOOM","ZOOM E-CG TOB","ZOOM E-CG TOB",3,,,,"none","1-no-value",6511,0.103
32,"088886111000","INFUSE","INFUSE","INFUSE SMOKING ALTERNATIVE PRODUCT ELECTRONIC CIGARETTE STRAWBERRY BOX 1 COUNT",1,,,,"none","1-no-value",6496,0.104
33,"085607300316","JAK","JAK E-CG GRAPE","JAK E-CG GRAPE",1,,,,"none","1-no-value",6102,0.105
34,"085604000312","VICTORY","VICTORY E-CGC RFL","VICTORY E-CGC RFL",5,,,,"none","1-no-value",5857,0.105
35,"071275599739","XFIRE","XFIRE E-CG LIQUID POD MINT","XFIRE E-CG LIQUID POD MINT",4,,,,"none","1-no-value",5806,0.106
36,"088886111004","INFUSE","INFUSE","INFUSE SMOKING ALTERNATIVE PRODUCT ELECTRONIC CIGARETTE BLUEBERRY BOX 1 COUNT",1,,,,"none","1-no-value",5555,0.107
37,"081085902018","ZOOM","ZOOM E-CG MN BOLD","ZOOM E-CG MN BOLD",3,,,,"none","1-no-value",5420,0.107
38,"081009691192","JUICE","JUICE HEAD","JUICE HEAD SMOKING ALTERNATIVE PRODUCT ELECTRONIC CIGARETTE LIQUID PO STRAWBERRY PEACH JUICE HEAD BOX 1 COUNT",1,,,,"none","1-no-value",5277,0.108
39,"085607300384","JAK","JAK E-CG PASSION","JAK E-CG PASSION",1,,,,"none","1-no-value",5108,0.109
40,"088886111002","INFUSE","INFUSE","INFUSE SMOKING ALTERNATIVE PRODUCT ELECTRONIC CIGARETTE BERRY ICE BOX 1 COUNT",1,,,,"none","1-no-value",5083,0.109
41,"088886111003","INFUSE","INFUSE","INFUSE SMOKING ALTERNATIVE PRODUCT ELECTRONIC CIGARETTE BERRY ICE BOX 1 COUNT",1,,,,"none","1-no-value",4979,0.11
42,"068808300402","WHISL","WHISL","WHISL SMOKING ALTERNATIVE PRODUCT ELECTRONIC CIGARETTE LIQUID PO TO FOCUS ON THE TASK AT HAND BOX 2 COUNT",2,,,,"none","1-no-value",4978,0.11
43,"085607300314","JAK","JAK E-CG CHERRY","JAK E-CG CHERRY",1,,,,"none","1-no-value",4714,0.111
44,"081009691190","JUICE","JUICE HEAD","JUICE HEAD SMOKING ALTERNATIVE PRODUCT ELECTRONIC CIGARETTE LIQUID PO WATERMELON STRAWBERRY MESH COIL BOX 1 COUNT",1,,,,"none","1-no-value",4511,0.111
45,"081009691194","JUICE","JUICE HEAD","JUICE HEAD SMOKING ALTERNATIVE PRODUCT ELECTRONIC CIGARETTE LIQUID PO FRESH MINT JUICE HEAD BOX 1 COUNT",1,,,,"none","1-no-value",4451,0.112
46,"088886111005","INFUSE","INFUSE","INFUSE SMOKING ALTERNATIVE PRODUCT ELECTRONIC CIGARETTE MANGO ICE BOX 1 COUNT",1,,,,"none","1-no-value",4448,0.113
47,"088886111006","INFUSE","INFUSE","INFUSE SMOKING ALTERNATIVE PRODUCT ELECTRONIC CIGARETTE BANANA ICE BOX 1 COUNT",1,,,,"none","1-no-value",4432,0.113
48,"085539000300","FLAVOR VAPES","FLAVOR VAPES E-CG TOB","FLAVOR VAPES E-CG TOB",1,,,,"none","1-no-value",4403,0.114
49,"088886111007","INFUSE","INFUSE","INFUSE SMOKING ALTERNATIVE PRODUCT ELECTRONIC CIGARETTE BANANA ICE BOX 1 COUNT",1,,,,"none","1-no-value",4368,0.114
50,"085607300324","JAK","JAK E-CG PINEAPPLE","JAK E-CG PINEAPPLE",4,,,,"none","1-no-value",4336,0.115
51,"085607300385","JAK","JAK E-CG BLACKBERRY","JAK E-CG BLACKBERRY",1,,,,"none","1-no-value",4233,0.115
52,"085607300383","JAK","JAK E-CG BERRY","JAK E-CG BERRY",1,,,,"none","1-no-value",3821,0.116
53,"085452700314","VIENTI","VIENTI E-CG VOF","VIENTI E-CG VOF",1,,,,"none","1-no-value",3789,0.116
54,"081009691189","JUICE","JUICE HEAD","JUICE HEAD SMOKING ALTERNATIVE PRODUCT ELECTRONIC CIGARETTE LIQUID PO WATERMELON LIME JUICE HEAD BOX 1 COUNT",1,,,,"none","1-no-value",3731,0.116
55,"002145801000","CLEAN CIG","CLEAN CIG E-CGA REGULAR","CLEAN CIG E-CGA REGULAR",5,,,,"none","1-no-value",3567,0.117
56,"088886111001","INFUSE","INFUSE","INFUSE SMOKING ALTERNATIVE PRODUCT ELECTRONIC CIGARETTE BERRY ICE BOX 1 COUNT",1,,,,"none","1-no-value",3396,0.117
57,"085452700315","VIENTI","VIENTI E-CG MN VOF","VIENTI E-CG MN VOF",1,,,,"none","1-no-value",2951,0.118
58,"001396427296","SMART SMOKE","SMART SMOKE E-CG RFL","SMART SMOKE E-CG RFL",2,,,,"none","1-no-value",2568,0.118
59,"081190403395","SOCIAL",,,1,,,,"none","1-no-value",2099,0.118
60,"089961000241","CIGIREX","CIGIREX E-CG REGULAR VO","CIGIREX E-CG REGULAR VO",1,,,,"none","1-no-value",1999,0.118
61,"002145805007","CLEAN CIG","CLN-CG E-CGA REGULAR","CLN-CG E-CGA REGULAR",5,,,,"none","1-no-value",1729,0.119
62,"085143800734","JAK",,"JAK SMOKING ALTERNATIVE PRODUCT ELECTRONIC CIGARETTE MENTHOL 800 PUFFS TUBE 1 COUNT",1,,,,"none","1-no-value",1624,0.119
63,"085005158211","RIZN","RIZN","RIZN SMOKING ALTERNATIVE PRODUCT ELECTRONIC CIGARETTE LIQUID PO STRAWBERRY WATERMELON BOX 1 COUNT",1,,,,"none","1-no-value",1598,0.119
64,"081009691187","JUICE","JUICE HEAD","JUICE HEAD SMOKING ALTERNATIVE PRODUCT ELECTRONIC CIGARETTE LIQUID PO RASPBERRY LEMONADE JUICE HEAD BOX 1 COUNT",1,,,,"none","1-no-value",1592,0.119
65,"002145801050","CLEAN CIG","CLN-CG E-CGA REGULAR","CLN-CG E-CGA REGULAR",5,,,,"none","1-no-value",1578,0.119
66,"001396427294","SMART SMOKE","SMART SMOKE E-CG MN","SMART SMOKE E-CG MN",10,,,,"none","1-no-value",1429,0.12
67,"002145801025","CLEAN CIG","CLN-CG E-CGA REGULAR","CLN-CG E-CGA REGULAR",5,,,,"none","1-no-value",1373,0.12
68,"081190403396",,,,,,,,"none","1-no-value",1358,0.12
69,"081102002396","IMPERIAL",,,,,,,"none","1-no-value",1352,0.12
70,"081190403394",,,,,,,,"none","1-no-value",1327,0.12
71,"081102002403","IMPERIAL",,,,,,,"none","1-no-value",1319,0.12
72,"081102002395","IMPERIAL",,,,,,,"none","1-no-value",1308,0.121
73,"081102002394","IMPERIAL",,,,,,,"none","1-no-value",1290,0.121
74,"085682400211","ECO-CIGS","ECO-CIGS E-CG TF","ECO-CIGS E-CG TF",1,,,,"none","1-no-value",1285,0.121
75,"085005158206","RIZN","RIZN","RIZN SMOKING ALTERNATIVE PRODUCT ELECTRONIC CIGARETTE LIQUID PO BLUE RASPBERRY LEMONADE BOX 1 COUNT",1,,,,"none","1-no-value",1243,0.121
76,"085682400216","ECO-CIGS","ECO-CIGS E-CGCM TF","ECO-CIGS E-CGCM TF",3,,,,"none","1-no-value",1243,0.121
77,"081102002393","IMPERIAL",,,,,,,"none","1-no-value",1231,0.121
78,"068808300400","WHISL","WHISL","WHISL SMOKING ALTERNATIVE PRODUCT ELECTRONIC CIGARETTE LIQUID PO TO FOCUS ON THE TASK AT HAND BOX 2 COUNT",2,,,,"none","1-no-value",1196,0.121
79,"084851100000","INTELLICIG","INTELLICIG E-CG","INTELLICIG E-CG",1,,,,"none","1-no-value",1160,0.122
80,"081102002401","IMPERIAL",,,,,,,"none","1-no-value",1157,0.122
81,"081102002402","IMPERIAL",,,,,,,"none","1-no-value",1101,0.122
82,"085609000300","ISMOK","ISMOK E-CG CT","ISMOK E-CG CT",1,,,,"none","1-no-value",1045,0.122
83,"085682400215","ECO-CIGS","ECO-CIGS E-CG MN","ECO-CIGS E-CG MN",3,,,,"none","1-no-value",1033,0.122
84,"089961000242","CIGIREX","CIGIREX E-CG MN OLS","CIGIREX E-CG MN OLS",1,,,,"none","1-no-value",1003,0.122
85,"085005158208","RIZN","RIZN","RIZN SMOKING ALTERNATIVE PRODUCT ELECTRONIC CIGARETTE LIQUID PO PEACH BLUE RASPBERRY BOX 1 COUNT",1,,,,"none","1-no-value",991,0.122
86,"001396427293","SMART SMOKE","SMART SMOKE E-CG COFFEE","SMART SMOKE E-CG COFFEE",2,,,,"none","1-no-value",914,0.122
87,"085003554338","FIFTY","FIFTY BAR","FIFTY BAR SMOKING ALTERNATIVE PRODUCT ELECTRONIC CIGARETTE LIQUID PO BLUE RAZZLE ICE BOX 1 COUNT",1,,,,"none","1-no-value",825,0.122
88,"085005158209","RIZN","RIZN","RIZN SMOKING ALTERNATIVE PRODUCT ELECTRONIC CIGARETTE LIQUID PO STRAWBERRY LIME CRANBERRY BOX 1 COUNT",1,,,,"none","1-no-value",819,0.123
89,"070471534527",,,,,,,,"none","1-no-value",815,0.123
90,"085005158207","RIZN","RIZN","RIZN SMOKING ALTERNATIVE PRODUCT ELECTRONIC CIGARETTE LIQUID PO MIXED BERRIES BOX 1 COUNT",1,,,,"none","1-no-value",812,0.123
91,"003760401203",,,,,,,,"none","1-no-value",806,0.123
92,"085003554343","FIFTY","FIFTY BAR","FIFTY BAR SMOKING ALTERNATIVE PRODUCT ELECTRONIC CIGARETTE LIQUID PO JUICY MANGO MELON ICE BOX 1 COUNT",1,,,,"none","1-no-value",725,0.123
93,"061772491452",,,,,,,,"none","1-no-value",654,0.123
94,"085003554344","FIFTY","FIFTY BAR","FIFTY BAR SMOKING ALTERNATIVE PRODUCT ELECTRONIC CIGARETTE LIQUID PO ALOE GRAPPLE WATERMELON BOX 1 COUNT",1,,,,"none","1-no-value",637,0.123
95,"085005158210","RIZN","RIZN","RIZN SMOKING ALTERNATIVE PRODUCT ELECTRONIC CIGARETTE LIQUID PO SUPER SOUR BOX 1 COUNT",1,,,,"none","1-no-value",631,0.123
96,"085609000332","ISMOK","ISMOK E-CG CT RFL/ECC=","ISMOK E-CG CT RFL/ECC=",5,,,,"none","1-no-value",619,0.123
97,"061737594344","SQUARE","SQUARE","SQUARE SMOKING ALTERNATIVE PRODUCT LIQUID VAPORIZER PEN ORIGINAL RED 1000 PUFFS BOX 1 COUNT",1,,,,"none","1-no-value",608,0.123
98,"085609000315","ISMOK","ISMOK E-CGC CT","ISMOK E-CGC CT",3,,,,"none","1-no-value",608,0.123
99,"061772451137","SQUARE","SQ-DR E-CG LIQUID LOVE ME","SQ-DR E-CG LIQUID LOVE ME",1,,,,"none","1-no-value",601,0.123
100,"061772451152","SQUARE","SQ-DR E-CG LIQUID NBG","SQ-DR E-CG LIQUID NBG",1,,,,"none","1-no-value",574,0.124
101,"061772451170","SQUARE","SQ-DR E-CG LIQUID OST","SQ-DR E-CG LIQUID OST",1,,,,"none","1-no-value",569,0.124
102,"089961000209","CIGIREX","CIGIREX E-CG","CIGIREX E-CG",2,,,,"none","1-no-value",540,0.124
103,"085436100477",,,,,,,,"none","1-no-value",535,0.124
104,"089961000214","CIGIREX","CIGIREX E-CGC MN RFL","CIGIREX E-CGC MN RFL",5,,,,"none","1-no-value",531,0.124
105,"089961000212","CIGIREX","CIGIREX E-CGC REGULAR RFL","CIGIREX E-CGC REGULAR RFL",5,,,,"none","1-no-value",522,0.124
106,"002145800003","CLEAN CIG","CLEAN CIG E-CG REGULAR","CLEAN CIG E-CG REGULAR",1,,,,"none","1-no-value",485,0.124
107,"085609000317","ISMOK","ISMOK E-CGC MN/BT/ECC","ISMOK E-CGC MN/BT/ECC",2,,,,"none","1-no-value",481,0.124
108,"061772451156","SQUARE","SQ-DR E-CG LIQUID RYDGR","SQ-DR E-CG LIQUID RYDGR",1,,,,"none","1-no-value",479,0.124
109,"061772451131","SQUARE","SQ-DR E-CG LIQUID CMYK","SQ-DR E-CG LIQUID CMYK",1,,,,"none","1-no-value",469,0.124
110,"061772491336","SQUARE","SQUARE","SQUARE SMOKING ALTERNATIVE PRODUCT LIQUID VAPORIZER PEN MINTY MENTHOL 1000 PUFFS BOX 1 COUNT",1,,,,"none","1-no-value",453,0.124
111,"085124700303","MODERN SMOKE","MD-SMK E-CGCM MN","MD-SMK E-CGCM MN",5,,,,"none","1-no-value",448,0.124
112,"089961000210","CIGIREX","CIGIREX E-CG","CIGIREX E-CG",2,,,,"none","1-no-value",438,0.124
113,"089961000211","CIGIREX","CIGIREX E-CG MN","CIGIREX E-CG MN",2,,,,"none","1-no-value",437,0.124
114,"061772451132",,,,,,,,"none","1-no-value",436,0.124
115,"061772451153",,,,,,,,"none","1-no-value",436,0.124
116,"085003554337","FIFTY","FIFTY BAR","FIFTY BAR SMOKING ALTERNATIVE PRODUCT ELECTRONIC CIGARETTE LIQUID PO VANILLA CUSTARD BOX 1 COUNT",1,,,,"none","1-no-value",436,0.124
117,"061772451138","SQUARE","SQ-DR E-CG LIQUID MML","SQ-DR E-CG LIQUID MML",1,,,,"none","1-no-value",434,0.125
118,"085436100482",,,,,,,,"none","1-no-value",400,0.125
119,"089961000213","CIGIREX","CIGIREX E-CGC RFL","CIGIREX E-CGC RFL",5,,,,"none","1-no-value",400,0.125
120,"085436100421",,,,,,,,"none","1-no-value",395,0.125
121,"065436770663","CIGALECTRIC","CIGALECTRIC E-CGC REGULAR","CIGALECTRIC E-CGC REGULAR",1,,,,"none","1-no-value",391,0.125
122,"085682400258","ECO-CIGS","ECO-CIGS E-CGCM TOB RFL","ECO-CIGS E-CGCM TOB RFL",3,,,,"none","1-no-value",367,0.125
123,"085607300329",,,,,,,,"none","1-no-value",355,0.125
124,"085436100481",,,,,,,,"none","1-no-value",346,0.125
125,"073621120294","SMOKERS 1 CHOICE","S1C E-CG MN N-FL MEDIUM","S1C E-CG MN N-FL MEDIUM",1,,,,"none","1-no-value",344,0.125
126,"002145802000","CLEAN CIG","CLN-CG E-CGA MN","CLN-CG E-CGA MN",5,,,,"none","1-no-value",331,0.125
127,"065436770664","CIGALECTRIC","CIGALECTRIC E-CGC MN","CIGALECTRIC E-CGC MN",1,,,,"none","1-no-value",329,0.125
128,"085436100420",,,,,,,,"none","1-no-value",321,0.125
129,"073621120264","SMOKERS 1 CHOICE","S1C E-CG MEDIUM","S1C E-CG MEDIUM",1,,,,"none","1-no-value",311,0.125
130,"085830200521","NE WHERE","NE WHERE ECGVT RFL","NE WHERE ECGVT RFL",1,,,,"none","1-no-value",300,0.125
131,"085436100424",,,,,,,,"none","1-no-value",297,0.125
132,"085607300328",,,,,,,,"none","1-no-value",289,0.125
133,"085436100422","NE WHERE","NE WHERE EHOK ORANGE CREAM","NE WHERE EHOK ORANGE CREAM",1,,,,"none","1-no-value",287,0.125
134,"065436704331","CIGALECTRIC","CIGALECTRIC E-CGC REGULAR","CIGALECTRIC E-CGC REGULAR",1,,,,"none","1-no-value",280,0.125
135,"002145801075",,,,,,,,"none","1-no-value",269,0.125
136,"085308600483","CRISS-CROSS","CRISS-CROSS E-CG REGULAR","CRISS-CROSS E-CG REGULAR",1,,,,"none","1-no-value",258,0.125
137,"085436100423",,,,,,,,"none","1-no-value",256,0.125
138,"081022002111","ISMOKE VAPER TECH","IVPT E-CGC OGN RFL","IVPT E-CGC OGN RFL",5,,,,"none","1-no-value",254,0.125
139,"085682400218","ECO-CIGS","ECO-CIGS E-CG TF","ECO-CIGS E-CG TF",1,,,,"none","1-no-value",254,0.125
140,"085609000333","ISMOK","ISMOK E-CG MN RFL/ECC=","ISMOK E-CG MN RFL/ECC=",5,,,,"none","1-no-value",246,0.125
141,"081323902441","SPACE JAM","SPC JM-KGT AST 3'S","SPC JM-KGT AST 3'S",3,,,,"none","1-no-value",241,0.125
142,"085436100408",,,,,,,,"none","1-no-value",228,0.125
143,"081323902462","SPACE JAM","SPC JM E-CG LIQUID MTR MLK","SPC JM E-CG LIQUID MTR MLK",1,,,,"none","1-no-value",222,0.125
144,"081323902014","SPACE JAM","SPC JM E-CG LIQUID ASTRO","SPC JM E-CG LIQUID ASTRO",1,,,,"none","1-no-value",209,0.125
145,"085436100425","NE WHERE",,"NE WHERE EHOK GRAPE GATSBY",1,,,,"none","1-no-value",205,0.126
146,"085436100490","NE WHERE","NE WHERE E-CG LIQUID BGM","NE WHERE E-CG LIQUID BGM",1,,,,"none","1-no-value",203,0.126
147,"693728100036","VAPCIGS","VAPCIGS E-CGC","VAPCIGS E-CGC",14,,,,"none","1-no-value",203,0.126
148,"081323902013","SPACE JAM","SPC JM E-CG LIQUID ASTRO","SPC JM E-CG LIQUID ASTRO",1,,,,"none","1-no-value",199,0.126
149,"081323902463","SPACE JAM","SPC JM E-CG LIQUID MTR MLK","SPC JM E-CG LIQUID MTR MLK",1,,,,"none","1-no-value",198,0.126
150,"085682400217",,,,,,,,"none","1-no-value",191,0.126
151,"081342001169",,,,,,,,"none","1-no-value",190,0.126
152,"081022002113","ISMOKE VAPER TECH","IVPT E-CGC MN RFL","IVPT E-CGC MN RFL",5,,,,"none","1-no-value",187,0.126
153,"081323902002","SPACE JAM","SPC JM E-CG LIQUID ANDROMEDA","SPC JM E-CG LIQUID ANDROMEDA",1,,,,"none","1-no-value",187,0.126
154,"085143800755","JAK","JAK","JAK SMOKING ALTERNATIVE PRODUCT ELECTRONIC CIGARETTE STRAWBERRY BOX 1 COUNT",1,,,,"none","1-no-value",185,0.126
155,"085830200500","NE WHERE","NE WHERE E-CG LIQUID MN","NE WHERE E-CG LIQUID MN",1,,,,"none","1-no-value",179,0.126
156,"085436100458","NE WHERE","NE WHERE E-CG LIQUID SR APTN","NE WHERE E-CG LIQUID SR APTN",1,,,,"none","1-no-value",178,0.126
157,"085436100467","NE WHERE","NE WHERE E-CG LIQUID GGSB","NE WHERE E-CG LIQUID GGSB",1,,,,"none","1-no-value",177,0.126
158,"075166716631","EZ CIG","EZ CIG E-CG WB","EZ CIG E-CG WB",1,,,,"none","1-no-value",175,0.126
159,"085436100465","NE WHERE","NE WHERE E-CG LIQUID ISSQ","NE WHERE E-CG LIQUID ISSQ",1,,,,"none","1-no-value",170,0.126
160,"085604000326",,,,,,,,"none","1-no-value",169,0.126
161,"085830200503","NE WHERE","NE WHERE E-CG LIQUID PICO","NE WHERE E-CG LIQUID PICO",1,,,,"none","1-no-value",168,0.126
162,"085830200514","NE WHERE","NE WHERE E-CG LIQUID VANILLA","NE WHERE E-CG LIQUID VANILLA",1,,,,"none","1-no-value",164,0.126
163,"081323902001","SPACE JAM","SPC JM E-CG LIQUID ANDROMEDA","SPC JM E-CG LIQUID ANDROMEDA",1,,,,"none","1-no-value",163,0.126
164,"085436100499","NE WHERE","NE WHERE E-CG LIQUID CHERRY","NE WHERE E-CG LIQUID CHERRY",1,,,,"none","1-no-value",162,0.126
165,"085436100496","NE WHERE","NE WHERE E-CG LIQUID BB","NE WHERE E-CG LIQUID BB",1,,,,"none","1-no-value",157,0.126
166,"075166716627","EZ CIG","EZ CIG E-CG WG","EZ CIG E-CG WG",1,,,,"none","1-no-value",155,0.126
167,"085830200509","NE WHERE","NE WHERE E-CG LIQUID TOB","NE WHERE E-CG LIQUID TOB",1,,,,"none","1-no-value",154,0.126
168,"079357311753",,,,,,,,"none","1-no-value",153,0.126
169,"085436100495","NE WHERE","NE WHERE E-CG LIQUID EGV","NE WHERE E-CG LIQUID EGV",1,,,,"none","1-no-value",153,0.126
170,"081323902062","SPACE JAM","SPC JM E-CG LIQUID PLUTO","SPC JM E-CG LIQUID PLUTO",1,,,,"none","1-no-value",152,0.126
171,"081066902112",,,,,,,,"none","1-no-value",151,0.126
172,"065436704332","CIGALECTRIC","CIGALECTRIC E-CGC REGULAR","CIGALECTRIC E-CGC REGULAR",1,,,,"none","1-no-value",150,0.126
173,"075166716619","EZ CIG","EZ CIG E-CG VANILLA","EZ CIG E-CG VANILLA",1,,,,"none","1-no-value",149,0.126
174,"085830200528","NE WHERE","NE WHERE E-CG LIQUID BAMA","NE WHERE E-CG LIQUID BAMA",1,,,,"none","1-no-value",146,0.126
175,"065436704335","CIGALECTRIC","CIGALECTRIC E-CGC MN","CIGALECTRIC E-CGC MN",1,,,,"none","1-no-value",143,0.126
176,"081323902061","SPACE JAM","SPC JM E-CG LIQUID PLUTO","SPC JM E-CG LIQUID PLUTO",1,,,,"none","1-no-value",143,0.126
177,"085308600485","CRISS-CROSS","CRISS-CROSS E-CG MN","CRISS-CROSS E-CG MN",1,,,,"none","1-no-value",141,0.126
178,"085436100419",,,,,,,,"none","1-no-value",139,0.126
179,"081066902114",,,,,,,,"none","1-no-value",138,0.126
180,"081836802784",,,,,,,,"none","1-no-value",138,0.126
181,"085830200506","NE WHERE","NE WHERE E-CG LIQUID P-L","NE WHERE E-CG LIQUID P-L",1,,,,"none","1-no-value",137,0.126
182,"085830200520","NE WHERE","NE WHERE E-CG LIQUID STMT","NE WHERE E-CG LIQUID STMT",1,,,,"none","1-no-value",136,0.126
183,"693728100022","NBL-NCL","NBL-NCL E-CG","NBL-NCL E-CG",5,,,,"none","1-no-value",133,0.126
184,"079357310108",,,,,,,,"none","1-no-value",132,0.126
185,"061645399354","SQUARE","SQUARE LVP P-SN XL","SQUARE LVP P-SN XL",1,,,,"none","1-no-value",131,0.126
186,"061772491329",,,,,,,,"none","1-no-value",131,0.126
187,"085003554362","FIFTY","FIFTY BAR","FIFTY BAR SMOKING ALTERNATIVE PRODUCT ELECTRONIC CIGARETTE LIQUID PO PINK SQUARES BOX 1 COUNT",1,,,,"none","1-no-value",130,0.126
188,"061772451155","SQUARE","SQ-DR E-CG LIQUID PE-SRS","SQ-DR E-CG LIQUID PE-SRS",1,,,,"none","1-no-value",128,0.126
189,"085436100466","NE WHERE","NE WHERE E-CG LIQUID WM MINT","NE WHERE E-CG LIQUID WM MINT",1,,,,"none","1-no-value",127,0.126
190,"061645399352","SQUARE","SQUARE LVP MOMMA MIA XL","SQUARE LVP MOMMA MIA XL",1,,,,"none","1-no-value",125,0.126
191,"079357305740",,,,,,,,"none","1-no-value",117,0.126
192,"081009691191","JUICE","JUICE HEAD","JUICE HEAD SMOKING ALTERNATIVE PRODUCT ELECTRONIC CIGARETTE LIQUID PO PEACH PEAR JUICE HEAD BOX 1 COUNT",1,,,,"none","1-no-value",117,0.126
193,"061772451140","SQUARE","SQ-DR E-CG LIQUID MML","SQ-DR E-CG LIQUID MML",1,,,,"none","1-no-value",116,0.126
194,"085193300304","BLAZE","BLAZE E-CG OGN OLS","BLAZE E-CG OGN OLS",1,,,,"none","1-no-value",113,0.126
195,"061737594343","SQUARE","SQUARE LVP ROYAL DAGGER XL","SQUARE LVP ROYAL DAGGER XL",1,,,,"none","1-no-value",111,0.126
196,"075166716459","EZ CIG","EZ CIG E-CG BC","EZ CIG E-CG BC",1,,,,"none","1-no-value",110,0.126
197,"081066902118",,,,,,,,"none","1-no-value",109,0.126
198,"061645399353","SQUARE","SQUARE","SQUARE SMOKING ALTERNATIVE PRODUCT LIQUID VAPORIZER PEN MAGIC MELON 1000 PUFFS BOX 1 COUNT",1,,,,"none","1-no-value",106,0.126
199,"081066902111",,,,,,,,"none","1-no-value",104,0.126
200,"085604000325",,,,,,,,"none","1-no-value",99,0.126
201,"081066902117",,,,,,,,"none","1-no-value",97,0.127
202,"065436704336","CIGALECTRIC","CIGALECTRIC E-CGC MN","CIGALECTRIC E-CGC MN",1,,,,"none","1-no-value",96,0.127
203,"081066902116",,,,,,,,"none","1-no-value",95,0.127
204,"079357323340",,,,,,,,"none","1-no-value",94,0.127
205,"081066902141",,,,,,,,"none","1-no-value",94,0.127
206,"084727700018","JASPER & JASPER","JJ-IMPLS E-CG TF","JJ-IMPLS E-CG TF",1,,,,"none","1-no-value",94,0.127
207,"081009691188","JUICE","JUICE HEAD","JUICE HEAD SMOKING ALTERNATIVE PRODUCT ELECTRONIC CIGARETTE LIQUID PO LYCHEE MANGO MESH COIL BOX 1 COUNT",1,,,,"none","1-no-value",91,0.127
208,"081066902115",,,,,,,,"none","1-no-value",88,0.127
209,"085830200517","NE WHERE","NE WHERE E-CG LIQUID WM","NE WHERE E-CG LIQUID WM",1,,,,"none","1-no-value",88,0.127
210,"081066902122",,,,,,,,"none","1-no-value",85,0.127
211,"081066902139",,,,,,,,"none","1-no-value",84,0.127
212,"061772451143","SQUARE","SQ-DR E-CG LIQUID M-SLK","SQ-DR E-CG LIQUID M-SLK",1,,,,"none","1-no-value",82,0.127
213,"084872800344","J'ADORE FOR HER","JDR FH E-CG","JDR FH E-CG",1,,,,"none","1-no-value",81,0.127
214,"085143800756","JAK","JAK","JAK SMOKING ALTERNATIVE PRODUCT ELECTRONIC CIGARETTE STRAWBERRY BOX 1 COUNT",1,,,,"none","1-no-value",81,0.127
215,"081962001769","SOUTH BEACH SMOKE","STH-BS E-CG LIQUID MN","STH-BS E-CG LIQUID MN",1,,,,"none","1-no-value",77,0.127
216,"081066902121",,,,,,,,"none","1-no-value",76,0.127
217,"085371500500","BLAC LABEL","BLAC LABEL E-CG CT","BLAC LABEL E-CG CT",2,,,,"none","1-no-value",76,0.127
218,"085371500502","BLAC LABEL","BLAC LABEL E-CG MN","BLAC LABEL E-CG MN",2,,,,"none","1-no-value",73,0.127
219,"002145800004","CLEAN CIG","CLN-CG E-CGC MN/ECC","CLN-CG E-CGC MN/ECC",1,,,,"none","1-no-value",72,0.127
220,"079357305739",,,,,,,,"none","1-no-value",72,0.127
221,"065436770660","CIGALECTRIC","CIGALECTRIC E-CGC REGULAR OL-V","CIGALECTRIC E-CGC REGULAR OL-V",1,,,,"none","1-no-value",70,0.127
222,"061645399351","SQUARE","SQUARE LVP MALIBU SILK XL","SQUARE LVP MALIBU SILK XL",1,,,,"none","1-no-value",68,0.127
223,"079357311750",,,,,,,,"none","1-no-value",68,0.127
224,"081066902120",,,,,,,,"none","1-no-value",68,0.127
225,"081076702014","MILLENNIUM","MLNM E-CG LIQUID PLUM","MLNM E-CG LIQUID PLUM",1,,,,"none","1-no-value",65,0.127
226,"081102002246","IMPERIAL",,,,,,,"none","1-no-value",65,0.127
227,"081962001942","SOUTH BEACH SMOKE","STH-BS E-CG LIQUID MN","STH-BS E-CG LIQUID MN",1,,,,"none","1-no-value",65,0.127
228,"081066902138",,,,,,,,"none","1-no-value",55,0.127
229,"085371500501","BLAC LABEL","BLAC LABEL E-CG BOLD TOB","BLAC LABEL E-CG BOLD TOB",2,,,,"none","1-no-value",55,0.127
230,"062784346466","EAGLEENERGY","EAGLE.ENERGY","EAGLE.ENERGY SMOKING ALTERNATIVE PRODUCT STICK CAFFEINE 1 COUNT",1,,,,"none","1-no-value",54,0.127
231,"081066902140",,,,,,,,"none","1-no-value",54,0.127
232,"081076702017","MILLENNIUM","MLNM E-CG LIQUID KIWI","MLNM E-CG LIQUID KIWI",1,,,,"none","1-no-value",53,0.127
233,"085641900305","PROGRESSIGS","PROGRESSIGS E-CG MN","PROGRESSIGS E-CG MN",1,,,,"none","1-no-value",53,0.127
234,"079357323334",,,,,,,,"none","1-no-value",51,0.127
235,"065436770661","CIGALECTRIC","CIGALECTRIC E-CGC MN OL-V","CIGALECTRIC E-CGC MN OL-V",1,,,,"none","1-no-value",49,0.127
236,"079357310107",,,,,,,,"none","1-no-value",47,0.127
237,"079357323338",,,,,,,,"none","1-no-value",47,0.127
238,"084005680159","NUX","NU-X NUTRA","NU-X NUTRA SMOKING ALTERNATIVE PRODUCT LIQUID ENERGY CAFFENINE 200 PLUS PUFFS BOX 1 COUNT",1,,,,"none","1-no-value",47,0.127
239,"084005680156","NUX","NU-X NUTRA","NU-X NUTRA SMOKING ALTERNATIVE PRODUCT LIQUID ENERGY CAFFENINE 200 PLUS PUFFS BOX 1 COUNT",1,,,,"none","1-no-value",45,0.127
240,"085641900308","PROGRESSIGS","PROGRESSIGS E-CG VANILLA","PROGRESSIGS E-CG VANILLA",1,,,,"none","1-no-value",43,0.127
241,"061772491345","SQUARE","SQUARE","SQUARE SMOKING ALTERNATIVE PRODUCT LIQUID VAPORIZER PEN OLD SCHOOL TABAC 1000 PUFFS BOX 1 COUNT",1,,,,"none","1-no-value",41,0.127
242,"084727700034","XPLORER","XPLORER E-CG TF","XPLORER E-CG TF",1,,,,"none","1-no-value",41,0.127
243,"081323902444","SPACE JAM","SPC JM-KGT ECCVPR","SPC JM-KGT ECCVPR",2,,,,"none","1-no-value",40,0.127
244,"071375793315",,,,,,,,"none","1-no-value",37,0.127
245,"085399000323","CLAYTON","CLAYTON E-CG","CLAYTON E-CG",1,,,,"none","1-no-value",37,0.127
246,"085641900302","PROGRESSIGS","PROGRESSIGS E-CG TOB","PROGRESSIGS E-CG TOB",1,,,,"none","1-no-value",36,0.127
247,"085641900300","PROGRESSIGS","PROGRESSIGS E-CG TOB","PROGRESSIGS E-CG TOB",1,,,,"none","1-no-value",35,0.127
248,"085433800492",,,,,,,,"none","1-no-value",34,0.127
249,"081076702018","MILLENNIUM","MLNM E-CG LIQUID CREAM","MLNM E-CG LIQUID CREAM",1,,,,"none","1-no-value",33,0.127
250,"085371500503","BLAC LABEL","BLAC LABEL E-CG LIGHT VANILLA","BLAC LABEL E-CG LIGHT VANILLA",2,,,,"none","1-no-value",32,0.127
251,"081076702029","MILLENNIUM","MLNM E-CG LIQUID SB CHSCK","MLNM E-CG LIQUID SB CHSCK",1,,,,"none","1-no-value",31,0.127
252,"085607300367","JAK","JAK E-CG MN","JAK E-CG MN",1,,,,"none","1-no-value",30,0.127
253,"085308600486","CRISS-CROSS","CRISS-CROSS E-CG MN","CRISS-CROSS E-CG MN",1,,,,"none","1-no-value",25,0.127
254,"081342001159",,,,,,,,"none","1-no-value",24,0.127
255,"079408027633","E-SMOKES","E-SMOKES E-CG MINT RFL","E-SMOKES E-CG MINT RFL",1,,,,"none","1-no-value",23,0.127
256,"081076702012","MILLENNIUM","MLNM E-CG LIQUID PINEAPPLE","MLNM E-CG LIQUID PINEAPPLE",1,,,,"none","1-no-value",23,0.127
257,"081342001429","KRAVE","KRAVE E-CG OGN","KRAVE E-CG OGN",1,,,,"none","1-no-value",21,0.127
258,"085143800757","JAK","JAK","JAK SMOKING ALTERNATIVE PRODUCT ELECTRONIC CIGARETTE WILD BERRY BOX 1 COUNT",1,,,,"none","1-no-value",21,0.127
259,"073621191069","SQUARE","SQ E-CG VO","SQ E-CG VO",1,,,,"none","1-no-value",19,0.127
260,"075166712763","EZ CIG","EZ CIG E-CG MN","EZ CIG E-CG MN",1,,,,"none","1-no-value",18,0.127
261,"081076702013","MILLENNIUM","MLNM E-CG LIQUID WM","MLNM E-CG LIQUID WM",1,,,,"none","1-no-value",18,0.127
262,"075166717399","VOODOO","VOODOO E-HOOKAH E-CG S-S","VOODOO E-HOOKAH E-CG S-S",1,,,,"none","1-no-value",17,0.127
263,"081342001430","KRAVE","KRAVE E-CG MN","KRAVE E-CG MN",1,,,,"none","1-no-value",17,0.127
264,"085371500504","BLAC LABEL","BLAC LABEL E-CG LIGHT TOB","BLAC LABEL E-CG LIGHT TOB",2,,,,"none","1-no-value",17,0.127
265,"081342001389",,,,,,,,"none","1-no-value",16,0.127
266,"085143800754","JAK","JAK","JAK SMOKING ALTERNATIVE PRODUCT ELECTRONIC CIGARETTE FRUIT BOX 1 COUNT",1,,,,"none","1-no-value",16,0.127
267,"085220700570",,,,,,,,"none","1-no-value",16,0.127
268,"085607300300","JAK","JAK E-CG REGULAR","JAK E-CG REGULAR",1,,,,"none","1-no-value",16,0.127
269,"075166704975","EZ CIG","EZ CIG E-CG TOB","EZ CIG E-CG TOB",1,,,,"none","1-no-value",15,0.127
270,"081342001265",,,,,,,,"none","1-no-value",15,0.127
271,"002145802050","CLEAN CIG","CLN-CG E-CGA MN","CLN-CG E-CGA MN",5,,,,"none","1-no-value",14,0.127
272,"073621122926","SQUARE","SQ82 E-CG OR","SQ82 E-CG OR",1,,,,"none","1-no-value",14,0.127
273,"081085902007","ZOOM","ZOOM E-CG MN BOLD 10P","ZOOM E-CG MN BOLD 10P",10,,,,"none","1-no-value",14,0.127
274,"085371500505","BLAC LABEL","BLAC LABEL E-CG SPECIAL BLEND","BLAC LABEL E-CG SPECIAL BLEND",2,,,,"none","1-no-value",14,0.127
275,"075166717247","VOODOO","VOODOO E-HOOKAH E-CG GOE","VOODOO E-HOOKAH E-CG GOE",1,,,,"none","1-no-value",12,0.127
276,"085488600303","SMOKER'S ONE CHOICE","SOC E-CG MN","SOC E-CG MN",1,,,,"none","1-no-value",12,0.127
277,"081323902000","SPACE JAM","SPC JM E-CG LIQUID ANDROMEDA","SPC JM E-CG LIQUID ANDROMEDA",1,,,,"none","1-no-value",11,0.127
278,"065436704330","CIGALECTRIC","CGR E-CGC AST OL-V 2'S/BT/ECC","CGR E-CGC AST OL-V 2'S/BT/ECC",2,,,,"none","1-no-value",10,0.127
279,"070098780115","KING DISTRIBUTION","LAVA PLUS","LAVA PLUS SMOKING ALTERNATIVE PRODUCT ELECTRONIC CIGARETTE LIQUID PO COOL MINT BOX 1 COUNT",1,,,,"none","1-no-value",10,0.127
280,"073621122916","SQUARE","SQ E-CG MINTY MN VO","SQ E-CG MINTY MN VO",1,,,,"none","1-no-value",10,0.127
281,"085005158236","RIZN","RIZN","RIZN SMOKING ALTERNATIVE PRODUCT ELECTRONIC CIGARETTE LIQUID PO BLACKBERRY ICE MESH COIL BOX 1 COUNT",1,,,,"none","1-no-value",10,0.127
282,"002145802025","CLEAN CIG","CLN-CG E-CGA MN","CLN-CG E-CGA MN",5,,,,"none","1-no-value",9,0.127
283,"085436100400","NE WHERE","NE WHERE E-CG CT","NE WHERE E-CG CT",1,,,,"none","1-no-value",9,0.127
284,"085488600301","SMOKER'S ONE CHOICE","SOC E-CG MEDIUM","SOC E-CG MEDIUM",1,,,,"none","1-no-value",9,0.127
285,"001396461400","X HALE O2","X HALE O2 E-CG","X HALE O2 E-CG",1,,,,"none","1-no-value",8,0.127
286,"073621191079",,,,,,,,"none","1-no-value",8,0.127
287,"081342001433","KRAVE","KRAVE E-CG TOB","KRAVE E-CG TOB",1,,,,"none","1-no-value",8,0.127
288,"085005158239","RIZN","RIZN","RIZN SMOKING ALTERNATIVE PRODUCT ELECTRONIC CIGARETTE LIQUID PO STRAWBERRY WATERMELON BOX 1 COUNT",1,,,,"none","1-no-value",8,0.127
289,"505671640243","LOST","LOST MARY","LOST MARY SMOKING ALTERNATIVE PRODUCT ELECTRONIC CIGARETTE LIQUID PO STRAWBERRY LEMONADE MESH COIL BOX 1 COUNT",1,,,,"none","1-no-value",8,0.127
290,"075602973446","NIIN","NIIN AIR","NIIN AIR SMOKING ALTERNATIVE PRODUCT GUAVA CHILL 1 COUNT",1,,,,"none","1-no-value",7,0.127
291,"081342001286",,,,,,,,"none","1-no-value",7,0.127
292,"073621190409","SQUARE","SQUARE E-CG VO","SQUARE E-CG VO",1,,,,"none","1-no-value",6,0.127
293,"075166721591",,,,,,,,"none","1-no-value",6,0.127
294,"075166721595","VOODOO","VOODOO E-HOOKAH E-CG MN","VOODOO E-HOOKAH E-CG MN",1,,,,"none","1-no-value",6,0.127
295,"081076702202","MILLENNIUM","MLNM E-CG LIQUID CRANBERRY","MLNM E-CG LIQUID CRANBERRY",1,,,,"none","1-no-value",6,0.127
296,"075166701019","VOODOO","V E-L E-CG LIQUID BB","V E-L E-CG LIQUID BB",1,,,,"none","1-no-value",5,0.127
297,"081342001434","KRAVE","KRAVE E-CG MN","KRAVE E-CG MN",1,,,,"none","1-no-value",5,0.127
298,"081717001001","NICSTICK","NICSTICK E-CGAC USA MIX","NICSTICK E-CGAC USA MIX",1,,,,"none","1-no-value",5,0.127
299,"085682400255","ECO-CIGS","ECO-CIGS E-CGCM MN MINI","ECO-CIGS E-CGCM MN MINI",3,,,,"none","1-no-value",5,0.127
300,"505671640280","LOST","LOST MARY","LOST MARY SMOKING ALTERNATIVE PRODUCT ELECTRONIC CIGARETTE LIQUID PO ACAI BERRY STORM ICE MESH COIL BOX 1 COUNT",1,,,,"none","1-no-value",5,0.127
301,"075166721827","VOODOO","VOODOO E-CG LIQUID MN","VOODOO E-CG LIQUID MN",1,,,,"none","1-no-value",4,0.127
302,"075166726959",,,,,,,,"none","1-no-value",4,0.127
303,"075166726963",,,,,,,,"none","1-no-value",4,0.127
304,"081076702038","MILLENNIUM","MLNM E-CG LIQUID PICO","MLNM E-CG LIQUID PICO",1,,,,"none","1-no-value",4,0.127
305,"081076702206","MILLENNIUM","MLNM E-CG LIQUID ENERGY COW","MLNM E-CG LIQUID ENERGY COW",1,,,,"none","1-no-value",4,0.127
306,"081076702218","MILLENNIUM","MLNM E-CG LIQUID LEMON","MLNM E-CG LIQUID LEMON",1,,,,"none","1-no-value",4,0.127
307,"081323902284","SPACE JAM","SPC JM E-CG LIQUID PLSR","SPC JM E-CG LIQUID PLSR",1,,,,"none","1-no-value",4,0.127
308,"084727700005","REVIVE","REVIVE E-CG TOB","REVIVE E-CG TOB",1,,,,"none","1-no-value",4,0.127
309,"085682400257",,,,,,,,"none","1-no-value",4,0.127
310,"086000489504","FUMEE","FUMEE","FUMEE SMOKING ALTERNATIVE PRODUCT MANGO 1 COUNT",1,,,,"none","1-no-value",4,0.127
311,"505671640230","LOST","LOST MARY","LOST MARY SMOKING ALTERNATIVE PRODUCT ELECTRONIC CIGARETTE LIQUID PO WATERMELON BOX 1 COUNT",1,,,,"none","1-no-value",4,0.127
312,"505671640274","LOST","LOST MARY","LOST MARY SMOKING ALTERNATIVE PRODUCT ELECTRONIC CIGARETTE LIQUID PO TRIPLE BERRY DUO ICE MESH COIL BOX 1 COUNT",1,,,,"none","1-no-value",4,0.127
313,"065436770665","CIGALECTRIC","CIGALECTRIC E-CGC REGULAR","CIGALECTRIC E-CGC REGULAR",1,,,,"none","1-no-value",3,0.127
314,"081323902063","SPACE JAM","SPC JM E-CG LIQUID PLUTO","SPC JM E-CG LIQUID PLUTO",1,,,,"none","1-no-value",3,0.127
315,"081717001006","NICSTICK","NICSTICK E-CGAC USA MIX","NICSTICK E-CGAC USA MIX",1,,,,"none","1-no-value",3,0.127
316,"085005158237","RIZN","RIZN","RIZN SMOKING ALTERNATIVE PRODUCT ELECTRONIC CIGARETTE LIQUID PO PEACH BLUE RASPBERRY BOX 1 COUNT",1,,,,"none","1-no-value",3,0.127
317,"085436100411","NE WHERE","NE WHERE E-CG G-G","NE WHERE E-CG G-G",1,,,,"none","1-no-value",3,0.127
318,"085682400256",,,,,,,,"none","1-no-value",3,0.127
319,"089961000227",,,,,,,,"none","1-no-value",3,0.127
320,"065436704351","CIGALECTRIC","CIGALECTRIC E-CGC REGULAR","CIGALECTRIC E-CGC REGULAR",2,,,,"none","1-no-value",2,0.127
321,"075166723931",,,,,,,,"none","1-no-value",2,0.127
322,"075166726955","VOODOO","VOODOO E-HOOKAH E-CG MN","VOODOO E-HOOKAH E-CG MN",1,,,,"none","1-no-value",2,0.127
323,"081076702041","ROYAL SMOKE","ROYAL SMOKE E-CG RED KING","ROYAL SMOKE E-CG RED KING",1,,,,"none","1-no-value",2,0.127
324,"081323902015","SPACE JAM","SPC JM E-CG LIQUID ASTRO","SPC JM E-CG LIQUID ASTRO",1,,,,"none","1-no-value",2,0.127
325,"081323902464","SPACE JAM","SPC JM E-CG LIQUID MTR MLK","SPC JM E-CG LIQUID MTR MLK",1,,,,"none","1-no-value",2,0.127
326,"085005158238","RIZN","RIZN","RIZN SMOKING ALTERNATIVE PRODUCT ELECTRONIC CIGARETTE LIQUID PO RED GRAPES BOX 1 COUNT",1,,,,"none","1-no-value",2,0.127
327,"085452700316","VIENTI","VIENTI","VIENTI SMOKING ALTERNATIVE PRODUCT TRAY IN BOX 1 COUNT",1,,,,"none","1-no-value",2,0.127
328,"002145800006","CLEAN CIG","CLN-CG E-CGA&CT/BT&ECC","CLN-CG E-CGA&CT/BT&ECC",3,,,,"none","1-no-value",1,0.127
329,"002145806005","CLEAN CIG","CLN-CG E-CG LIQUID CHERRY","CLN-CG E-CG LIQUID CHERRY",1,,,,"none","1-no-value",1,0.127
330,"002145806011","CLEAN CIG","CLN-CG E-CG LIQUID WM","CLN-CG E-CG LIQUID WM",1,,,,"none","1-no-value",1,0.127
331,"005284312007","SMOKE FREE","SMOKE FREE E-CG","SMOKE FREE E-CG",20,,,,"none","1-no-value",1,0.127
332,"009874701305","VIIGO","VIIGO","VIIGO SMOKING ALTERNATIVE PRODUCT MIXED FRUIT 3 COUNT",3,,,,"none","1-no-value",1,0.127
333,"061693254774","V-GAR 300","V-GAR 300 E-CG TOB","V-GAR 300 E-CG TOB",1,,,,"none","1-no-value",1,0.127
334,"065436704352","CIGALECTRIC","CIGALECTRIC E-CGC MN","CIGALECTRIC E-CGC MN",2,,,,"none","1-no-value",1,0.127
335,"075166721843","VOODOO","V E-L E-CG LIQUID PEACH","V E-L E-CG LIQUID PEACH",1,,,,"none","1-no-value",1,0.127
336,"081076702224","MILLENNIUM","MLNM E-CG LIQUID RASPBERRY","MLNM E-CG LIQUID RASPBERRY",1,,,,"none","1-no-value",1,0.127
337,"081085902015","ZOOM","ZOOM","ZOOM SMOKING ALTERNATIVE PRODUCT ELECTRONIC CIGARETTE TOBACCO PREMIUM BOX 3 COUNT",3,,,,"none","1-no-value",1,0.127
338,"081323902003",,,,,,,,"none","1-no-value",1,0.127
339,"081323902012",,,,,,,,"none","1-no-value",1,0.127
340,"081323902286","SPACE JAM","SPC JM E-CG LIQUID PLSR","SPC JM E-CG LIQUID PLSR",1,,,,"none","1-no-value",1,0.127
341,"081323902797",,,,,,,,"none","1-no-value",1,0.127
342,"081717001002","NICSTICK","NICSTICK E-CGAC MN","NICSTICK E-CGAC MN",1,,,,"none","1-no-value",1,0.127
343,"084727700006","JASPER & JASPER","JJC E-CGC TOB","JJC E-CGC TOB",5,,,,"none","1-no-value",1,0.127
344,"085436100401","NE WHERE","NE WHERE E-CG MN","NE WHERE E-CG MN",1,,,,"none","1-no-value",1,0.127
345,"084920501793","VUSE",,,,,"3.6","24","prefix11","2-siblings-disagree",268658,0.159
346,"085438400415","LOGIC","LOGIC E-CG TOB","LOGIC E-CG TOB",1,7.25,"7.25","18","prefix10","2-siblings-disagree",181440,0.18
347,"009710000218","MARKTEN","MARKTEN EVCC CREAM","MARKTEN EVCC CREAM",2,0.8,"1.6","35","prefix8+carts","2-siblings-disagree",152653,0.199
348,"009710000289","NJOY","ELCT CGRTT LIQUID POD","ELCT CGRTT LIQUID POD",1,0.8,"0.8","35","prefix8+carts","2-siblings-disagree",129487,0.214
349,"009710000287","NJOY","ELCT CGRTT LIQUID POD","ELCT CGRTT LIQUID POD",1,0.8,"0.8","35","prefix8+carts","2-siblings-disagree",116384,0.228
350,"009710000288","NJOY","ELCT CGRTT LIQUID POD","ELCT CGRTT LIQUID POD",1,0.8,"0.8","35","prefix8+carts","2-siblings-disagree",114694,0.241
351,"085438400414","LOGIC","LOGIC E-CG MN","LOGIC E-CG MN",2,3.62,"7.25","18","prefix10","2-siblings-disagree",114431,0.255
352,"085570400720","MISTIC","MISTIC E-CGC RFL","MISTIC E-CGC RFL",3,1.67,"5","18","prefix10","2-siblings-disagree",98207,0.267
353,"085570400719","MISTIC","MISTIC E-CGC RFL","MISTIC E-CGC RFL",3,1.67,"5","18","prefix10","2-siblings-disagree",94322,0.278
354,"036586038376","21ST CENTURY SMOKE","21CS E-CGC","21CS E-CGC",1,14.99,"14.9937645","16","prefix8+carts","2-siblings-disagree",66605,0.286
355,"009710000286","NJOY","ELCT CGRTT LIQUID POD","ELCT CGRTT LIQUID POD",1,0.8,"0.8","35","prefix8+carts","2-siblings-disagree",51035,0.292
356,"009710000285","NJOY","ELCT CGRTT LIQUID POD","ELCT CGRTT LIQUID POD",1,0.8,"0.8","35","prefix8+carts","2-siblings-disagree",50254,0.298
357,"081505802212","LOGIC","LOGIC LQD ECGT","LOGIC LQD ECGT",1,3,"3","18","prefix10","2-siblings-disagree",32811,0.302
358,"085570400702","MISTIC","MISTIC E-CG MN","MISTIC E-CG MN",1,5,"5","18","prefix11","2-siblings-disagree",22289,0.304
359,"081649401348","NICOTEK","N-M-C E-CG","N-M-C E-CG",1,10,"9.995843","24","prefix8+carts","2-siblings-disagree",21896,0.307
360,"085438400412","LOGIC","LOGIC E-CG REGULAR TOB","LOGIC E-CG REGULAR TOB",1,7.25,"7.25","18","prefix10","2-siblings-disagree",15965,0.309
361,"081068701811","NJOY","NJOY E-CG LIQUID PEACH TEA","NJOY E-CG LIQUID PEACH TEA",1,5.53,"5.527495","11.8","prefix11","2-siblings-disagree",15100,0.311
362,"081649401154","NICOTEK","NICOTEK METRO E-CG","NICOTEK METRO E-CG",1,10,"9.995843","24","prefix8+carts","2-siblings-disagree",14776,0.312
363,"085570400789","HAUS","HAUS ECSOC","HAUS ECSOC",3,1.67,"5","18","prefix10","2-siblings-disagree",13975,0.314
364,"081505802213","LOGIC","LOGIC LQD ECTA","LOGIC LQD ECTA",3,1,"3","18","prefix10","2-siblings-disagree",10907,0.315
365,"081649401300","NICOTEK","NCTK MTR MNGT E-CG MN","NCTK MTR MNGT E-CG MN",1,10,"9.995843","24","prefix8+carts","2-siblings-disagree",10306,0.317
366,"085570400737","MISTIC","MISTIC E-CGC CHERRY RFL","MISTIC E-CGC CHERRY RFL",3,1.67,"5","18","prefix10","2-siblings-disagree",9654,0.318
367,"036586038277","21ST CENTURY SMOKE","21SCS E-CG REGULAR TOB","21SCS E-CG REGULAR TOB",1,5.4,"5.4","16","prefix10","2-siblings-disagree",8865,0.319
368,"081649401155","NICOTEK","NCTK MTR SVN E-CG MN","NCTK MTR SVN E-CG MN",1,10,"9.995843","24","prefix8+carts","2-siblings-disagree",8101,0.32
369,"036586038210","21ST CENTURY SMOKE","21SCS E-CG MN","21SCS E-CG MN",1,5.4,"5.4","16","prefix11","2-siblings-disagree",7503,0.321
370,"081649401354","NICOTEK","NICOTEK METRO E-CG MN KING","NICOTEK METRO E-CG MN KING",1,10,"9.995843","24","prefix8+carts","2-siblings-disagree",7480,0.322
371,"081649401352","NICOTEK","NICOTEK METRO E-CG KING","NICOTEK METRO E-CG KING",1,10,"9.995843","24","prefix8+carts","2-siblings-disagree",6878,0.322
372,"081649401299","NICOTEK","NCTK MTR MNGT E-CG","NCTK MTR MNGT E-CG",1,10,"9.995843","24","prefix8+carts","2-siblings-disagree",6401,0.323
373,"081649401297","NICOTEK","NTK MR CK SK E-CG","NTK MR CK SK E-CG",1,10,"9.995843","24","prefix8+carts","2-siblings-disagree",6322,0.324
374,"081649401298","NICOTEK","NTK MR CK SK E-CG MN","NTK MR CK SK E-CG MN",1,10,"9.995843","24","prefix8+carts","2-siblings-disagree",6149,0.325
375,"816494011374","NICOTEK","N-M-C E-CG","N-M-C E-CG",1,10,"9.995843","24","brand+carts","2-siblings-disagree",6142,0.325
376,"081649401295","NICOTEK","N-M-C E-CG","N-M-C E-CG",1,10,"9.995843","24","prefix8+carts","2-siblings-disagree",6004,0.326
377,"081649401296","NICOTEK","N-M-C E-CG MN","N-M-C E-CG MN",1,10,"9.995843","24","prefix8+carts","2-siblings-disagree",5820,0.327
378,"085570400488","MISTIC","MISTIC E-CGC RFL","MISTIC E-CGC RFL",1,7.5,"7.5","18","prefix10","2-siblings-disagree",5486,0.327
379,"009710000107","MARKTEN","MARKTEN E-CGC","MARKTEN E-CGC",4,0.4,"1.6","35","prefix10","2-siblings-disagree",5190,0.328
380,"085438400413","LOGIC","LOGIC E-CG REGULAR MN","LOGIC E-CG REGULAR MN",1,7.25,"7.25","18","prefix10","2-siblings-disagree",4718,0.329
381,"085570400401","NEO","NEO SOLO E-CG","NEO SOLO E-CG",1,7.5,"7.5","20","prefix10","2-siblings-disagree",4594,0.329
382,"085570400420","MISTIC","MISTIC E-CG MN","MISTIC E-CG MN",1,7.5,"7.5","20","prefix10","2-siblings-disagree",4430,0.33
383,"036586038274","21ST CENTURY SMOKE","21SCS E-CG C-M","21SCS E-CG C-M",1,5.4,"5.4","16","prefix10","2-siblings-disagree",4131,0.33
384,"085570400402","NEO","NEO SOLO E-CG","NEO SOLO E-CG",1,7.5,"7.5","20","prefix10","2-siblings-disagree",3700,0.331
385,"009710000109","MARKTEN","MARKTEN E-CGC MN","MARKTEN E-CGC MN",4,0.4,"1.6","35","prefix10","2-siblings-disagree",3231,0.331
386,"072944053377","LOGIC","LBL E-CG REGULAR TOB","LBL E-CG REGULAR TOB",1,1.2,"1.2","24","brand+carts","2-siblings-disagree",3227,0.331
387,"081068701408","NJOY","NJOY ONE JOY E-CG","NJOY ONE JOY E-CG",1,3.8,"3.8","45","prefix10","2-siblings-disagree",2925,0.332
388,"081505802030","LOGIC","LOGIC E-CGC TOB","LOGIC E-CGC TOB",3,0.4,"1.2","24","prefix10","2-siblings-disagree",2912,0.332
389,"085570400487","MISTIC","MISTIC E-CGC RFL","MISTIC E-CGC RFL",1,7.5,"7.5","18","prefix10","2-siblings-disagree",2893,0.332
390,"081997901118","NJOY",,,,,"2.85","43","prefix10","2-siblings-disagree",2877,0.333
391,"081505802305","LOGIC","LOGIC VAPELEAF ECV&C","LOGIC VAPELEAF ECV&C",1,1.2,"1.2","24","prefix8+carts","2-siblings-disagree",2578,0.333
392,"081068701410","NJOY","NJOY ONE JOY E-CG","NJOY ONE JOY E-CG",1,3.8,"3.8","45","prefix10","2-siblings-disagree",2484,0.333
393,"081068701409","NJOY","NJOY ONE JOY E-CG MN","NJOY ONE JOY E-CG MN",1,3.8,"3.8","45","prefix10","2-siblings-disagree",2327,0.334
394,"072944053375","LOGIC","LOGIC E-CG REGULAR MN","LOGIC E-CG REGULAR MN",1,1.2,"1.2","24","brand+carts","2-siblings-disagree",2245,0.334
395,"081505802306","LOGIC","LOGIC VAPELEAF ECV&C MN GREEN","LOGIC VAPELEAF ECV&C MN GREEN",1,1.2,"1.2","24","prefix8+carts","2-siblings-disagree",1984,0.334
396,"085570400407","NEO","NEO E-CGC","NEO E-CGC",1,7.5,"7.5","20","prefix10","2-siblings-disagree",1884,0.334
397,"084920500055","VUSE","VUSE DVCC AST 2'S/BT&ECCR&L&T","VUSE DVCC AST 2'S/BT&ECCR&L&T",2,1.5,"3","48","prefix11","2-siblings-disagree",1882,0.335
398,"081505802028","LOGIC","LOGIC E-CGC TOB","LOGIC E-CGC TOB",3,0.4,"1.2","24","prefix10","2-siblings-disagree",1862,0.335
399,"081068701413","NJOY","NJOY ONE JOY E-CG MN","NJOY ONE JOY E-CG MN",1,3.8,"3.8","45","prefix10","2-siblings-disagree",1837,0.335
400,"009710000102","MARKTEN","MARKTEN E-CGC","MARKTEN E-CGC",4,0.4,"1.6","35","prefix10","2-siblings-disagree",1822,0.335
401,"009710000101","MARKTEN","MARKTEN E-CG","MARKTEN E-CG",1,1.6,"1.6","35","prefix10","2-siblings-disagree",1784,0.335
402,"081505802307","LOGIC","LOGIC VAPELEAF ECV&C MN PURPLE","LOGIC VAPELEAF ECV&C MN PURPLE",1,1.2,"1.2","24","prefix8+carts","2-siblings-disagree",1572,0.336
403,"081505802029","LOGIC","LOGIC E-CGC MN","LOGIC E-CGC MN",3,0.4,"1.2","24","prefix10","2-siblings-disagree",1536,0.336
404,"085001754883",,,,1,1.6,"1.6","59.4","brand+carts","2-siblings-disagree",1366,0.336
405,"085002678419",,,,1,1.6,"1.6","59.4","brand+carts","2-siblings-disagree",1217,0.336
406,"081505802031","LOGIC","LOGIC E-CGC MN","LOGIC E-CGC MN",3,0.4,"1.2","24","prefix10","2-siblings-disagree",1145,0.336
407,"009710000103","MARKTEN","MARKTEN E-CG MN","MARKTEN E-CG MN",1,1.6,"1.6","35","prefix10","2-siblings-disagree",988,0.336
408,"009710000104","MARKTEN","MARKTEN E-CGC MN","MARKTEN E-CGC MN",4,0.4,"1.6","35","prefix10","2-siblings-disagree",949,0.336
409,"085570400408","NEO","NEO E-CG MN","NEO E-CG MN",1,7.5,"7.5","20","prefix10","2-siblings-disagree",636,0.337
410,"085001754805",,,,1,1.6,"1.6","59.4","brand+carts","2-siblings-disagree",551,0.337
411,"081505802012","LOGIC","LOGIC E-CGC TOB","LOGIC E-CGC TOB",1,1.2,"1.2","24","prefix10","2-siblings-disagree",534,0.337
412,"081505802016","LOGIC","LOGIC E-CGC TOB","LOGIC E-CGC TOB",1,1.2,"1.2","24","prefix10","2-siblings-disagree",530,0.337
413,"087674200074",,,,1,1.6,"1.6","59.4","brand+carts","2-siblings-disagree",468,0.337
414,"081505802013","LOGIC","LOGIC E-CGC MN","LOGIC E-CGC MN",1,1.2,"1.2","24","prefix10","2-siblings-disagree",420,0.337
415,"081836802961",,,"STIG VGOD SMOKING ALTERNATIVE PRODUCT ELECTRONIC CIGARETTE LIQUID PO LUSH ICE WATERMELON BOX IN WRAP 3 COUNT",1,1.6,"1.6","59.4","brand+carts","2-siblings-disagree",416,0.337
416,"081649401225","NICOTEK","NICOTEK METRO E-CG VO","NICOTEK METRO E-CG VO",1,10,"9.995843","24","prefix8+carts","2-siblings-disagree",396,0.337
417,"081505802017","LOGIC","LOGIC E-CGC MN","LOGIC E-CGC MN",1,1.2,"1.2","24","prefix10","2-siblings-disagree",370,0.337
418,"081649401226","NICOTEK","NICOTEK METRO E-CG MN","NICOTEK METRO E-CG MN",1,10,"9.995843","24","prefix8+carts","2-siblings-disagree",370,0.337
419,"079361829246","DINNER LADY","DINNER LADY","DINNER LADY SMOKING ALTERNATIVE PRODUCT STRAWBERRY ICE 1 COUNT",1,1.5,"1.5","25","line+carts","2-siblings-disagree",325,0.337
420,"036586038289","21ST CENTURY SMOKE","21SCS E-CGC REGULAR","21SCS E-CGC REGULAR",3,1.8,"5.4","16","prefix10","2-siblings-disagree",318,0.337
421,"036586038204","21ST CENTURY SMOKE","21SCS E-CGAC MN","21SCS E-CGAC MN",3,1.8,"5.4","16","prefix10","2-siblings-disagree",299,0.337
422,"036586038207","21ST CENTURY SMOKE","21SCS E-CGAC REGULAR","21SCS E-CGAC REGULAR",3,1.8,"5.4","16","prefix10","2-siblings-disagree",287,0.337
423,"085438400456","LOGIC","LOGIC E-CG AST 2'S","LOGIC E-CG AST 2'S",2,3.62,"7.25","18","prefix10","2-siblings-disagree",195,0.337
424,"081068701813","NJOY","NJOY E-CG LIQUID PEACH TEA","NJOY E-CG LIQUID PEACH TEA",1,5.53,"5.527495","11.8","prefix11","2-siblings-disagree",191,0.337
425,"081068701801","NJOY","NJOY E-CG LIQUID BTR-CRNCH","NJOY E-CG LIQUID BTR-CRNCH",1,5.53,"5.527495","11.8","prefix10","2-siblings-disagree",176,0.337
426,"081068701805","NJOY","NJOY E-CG LIQUID S-MS","NJOY E-CG LIQUID S-MS",1,5.53,"5.527495","11.8","prefix10","2-siblings-disagree",148,0.337
427,"081068701803","NJOY","NJOY E-CG LIQUID S-MS","NJOY E-CG LIQUID S-MS",1,5.53,"5.527495","11.8","prefix10","2-siblings-disagree",147,0.337
428,"088796900580","BLU",,,,,"3","24","prefix10","2-siblings-disagree",114,0.337
429,"085962600290","FINITI","FIN E-CG","FIN E-CG",1,1.75,"1.75","16","prefix10","2-siblings-disagree",68,0.337
430,"085266256484","HYDE","HYPPE BAR","HYPPE BAR SMOKING ALTERNATIVE PRODUCT ELECTRONIC CIGARETTE LIQUID PO GRAPE SODA BOX 1 COUNT",1,3.2,"3.2","50","prefix10","2-siblings-disagree",60,0.337
431,"036586038509","FLAVORED MIST","F-M E-CG GRAPE","F-M E-CG GRAPE",1,14.99,"14.9937645","16","prefix8+carts","2-siblings-disagree",49,0.337
432,"036586038512","FLAVORED MIST","F-M E-CG MANGO","F-M E-CG MANGO",1,14.99,"14.9937645","16","prefix8+carts","2-siblings-disagree",47,0.337
433,"036586038336","VAPIN PLUS","VAPIN PLUS LVP","VAPIN PLUS LVP",1,14.99,"14.9937645","16","prefix8+carts","2-siblings-disagree",41,0.337
434,"036586038506","FLAVORED MIST","F-M E-CG CHERRY","F-M E-CG CHERRY",1,14.99,"14.9937645","16","prefix8+carts","2-siblings-disagree",39,0.337
435,"003095507662","LOGIC","LOGIC E-CG TOB","LOGIC E-CG TOB",1,1.2,"1.2","24","brand+carts","2-siblings-disagree",34,0.337
436,"036586038500","FLAVORED MIST","F-M E-CG APPLE","F-M E-CG APPLE",1,14.99,"14.9937645","16","prefix8+carts","2-siblings-disagree",32,0.337
437,"036586038503","FLAVORED MIST","F-M E-CG BLUEBERRY","F-M E-CG BLUEBERRY",1,14.99,"14.9937645","16","prefix8+carts","2-siblings-disagree",30,0.337
438,"036586038515","FLAVORED MIST","F-M E-CG STRAWBERRY","F-M E-CG STRAWBERRY",1,14.99,"14.9937645","16","prefix8+carts","2-siblings-disagree",27,0.337
439,"085438400410","LOGIC","LGL E-CG","LGL E-CG",1,7.25,"7.25","18","prefix10","2-siblings-disagree",17,0.337
440,"003095507669","LOGIC","LG-PLT E-CG MN","LG-PLT E-CG MN",1,1.2,"1.2","24","brand+carts","2-siblings-disagree",11,0.337
441,"072944053385","LOGIC","LGL E-CG TOB MEDIUM","LGL E-CG TOB MEDIUM",1,1.2,"1.2","24","brand+carts","2-siblings-disagree",10,0.337
442,"081505802304","LOGIC","LOGIC VAPELEAF","LOGIC VAPELEAF SMOKING ALTERNATIVE PRODUCT ELECTRONIC CIGARETTE VAPOR AND REGULAR VAPOR SYSTEM 1 COUNT",1,1.2,"1.2","24","prefix8+carts","2-siblings-disagree",10,0.337
443,"081649401362","NICOTEK","NICOTEK METRO E-CG MN KING","NICOTEK METRO E-CG MN KING",1,10,"9.995843","24","prefix8+carts","2-siblings-disagree",10,0.337
444,"697213645963","AIRIS","AIRIS NEO","AIRIS NEO SMOKING ALTERNATIVE PRODUCT ELECTRONIC CIGARETTE LIQUID PO KIWI STRAWBERRY BOX 1 COUNT",1,16,"16","25","prefix8+carts","2-siblings-disagree",10,0.337
445,"081649401135","NICOTEK","NICOTEK METRO CHICK STICK","NICOTEK METRO CHICK STICK SMOKING ALTERNATIVE PRODUCT BOX IN WRAP 1 COUNT",1,10,"9.995843","24","prefix8+carts","2-siblings-disagree",3,0.337
446,"081649401360","NICOTEK","NICOTEK METRO E-CG KING","NICOTEK METRO E-CG KING",1,10,"9.995843","24","prefix8+carts","2-siblings-disagree",2,0.337
447,"081649401579","FAZE","FAZE BASIC EPV","FAZE BASIC EPV",1,10,"9.995843","24","prefix8+carts","2-siblings-disagree",2,0.337
448,"060946510709","GREEN SMART LIVING","GS-L E-CGC MN RFL","GS-L E-CGC MN RFL",5,0.7,"3.5","18","prefix11","2-siblings-disagree",1,0.337
449,"060946510719","GREEN SMART LIVING","GS-L E-CGC REGULAR RFL","GS-L E-CGC REGULAR RFL",5,0.7,"3.5","18","prefix10","2-siblings-disagree",1,0.337
450,"088886130603","LEAP",,"LEAP GO SMOKING ALTERNATIVE PRODUCT ELECTRONIC CIGARETTE MINT BOX 1 COUNT",1,1.5,"1.5","96","prefix8_percart","3-weak-match",78149,0.347
451,"085000134231","EPIC","ELCT CGRTT LIQUID POD","ELCT CGRTT LIQUID POD",1,1.5,"1.5","60","line_percart","3-weak-match",73158,0.355
452,"085000134246","EPIC","ELCT CGRTT LIQUID POD","ELCT CGRTT LIQUID POD",1,1.5,"1.5","60","line_percart","3-weak-match",70327,0.364
453,"081821401474","GREEN SMOKE","GREEN SMOKE E-CGC M-I","GREEN SMOKE E-CGC M-I",5,1,"5","14.4","prefix8_percart","3-weak-match",50770,0.37
454,"081764101801","KRAVE","KRAVE 1001 E-CG RFL","KRAVE 1001 E-CG RFL",3,2,"6","6","prefix8_percart","3-weak-match",33080,0.374
455,"081764101804","KRAVE","KRAVE 1001 E-CG MN RFL","KRAVE 1001 E-CG MN RFL",3,2,"6","6","prefix8_percart","3-weak-match",25047,0.377
456,"819905028503","NJOY","ELCT CGRTT LIQUID POD","ELCT CGRTT LIQUID POD",1,1.5,"1.5","60","line_percart","3-weak-match",15271,0.378
457,"081679601414","V2 CIGS","V2 CIGS E-CG RT","V2 CIGS E-CG RT",1,1,"1","18","brand+carts","3-weak-match",8195,0.379
458,"084866646235","FINITI","FIN ECGVT VANILLA","FIN ECGVT VANILLA",2,2.4,"4.8","24","brand+carts","3-weak-match",8194,0.38
459,"081679601272","V2 CIGS","V2 CIGS E-CG MN OF","V2 CIGS E-CG MN OF",1,1,"1","18","brand+carts","3-weak-match",7332,0.381
460,"085143800763","EPIC","ELCT CGRTT LIQUID POD","ELCT CGRTT LIQUID POD",1,1.5,"1.5","60","line_percart","3-weak-match",4967,0.382
461,"081821401471","GREEN SMOKE","GREEN SMOKE EVPC CT","GREEN SMOKE EVPC CT",1,1,"1","72","prefix8_percart","3-weak-match",4870,0.382
462,"081821401472","GREEN SMOKE","GREEN SMOKE EVPC M-I","GREEN SMOKE EVPC M-I",1,1,"1","72","prefix8_percart","3-weak-match",3985,0.383
463,"081764101553","KRAVE","KRAVE E-CG","KRAVE E-CG",2,2,"4","9","prefix8_percart","3-weak-match",3963,0.383
464,"085143800796","EPIC","ELCT CGRTT LIQUID POD","ELCT CGRTT LIQUID POD",1,1.5,"1.5","60","line_percart","3-weak-match",3823,0.384
465,"081764101556","KRAVE","KRAVE E-CG MN KING","KRAVE E-CG MN KING",2,2,"4","9","prefix8_percart","3-weak-match",2826,0.384
466,"065875194366","JUUL","ELCT CGRTT CARTRIDGE","ELCT CGRTT CARTRIDGE",1,0.7,"0.7","128.6","line_percart","3-weak-match",2187,0.384
467,"065875194381","JUUL","ELCT CGRTT CARTRIDGE","ELCT CGRTT CARTRIDGE",1,0.7,"0.7","128.6","line_percart","3-weak-match",2026,0.385
468,"065875194371","BO VAPING","ELCT CGRTT CARTRIDGE","ELCT CGRTT CARTRIDGE",1,0.7,"0.7","128.6","line_percart","3-weak-match",1181,0.385
469,"081821401003","GREEN SMOKE","GREEN SMOKE E-CG A-T","GREEN SMOKE E-CG A-T",2,1,"2","36","prefix8_percart","3-weak-match",1059,0.385
470,"065875194356","BO VAPING","ELCT CGRTT CARTRIDGE","ELCT CGRTT CARTRIDGE",1,0.7,"0.7","128.6","line_percart","3-weak-match",909,0.385
471,"065875194361","JUUL","ELCT CGRTT CARTRIDGE","ELCT CGRTT CARTRIDGE",1,0.7,"0.7","128.6","line_percart","3-weak-match",810,0.385
472,"081821401001","GREEN SMOKE","GS-VP E-CG A-T","GS-VP E-CG A-T",1,1,"1","72","prefix8_percart","3-weak-match",666,0.385
473,"081821401004","GREEN SMOKE","GREEN SMOKE E-CG M-I","GREEN SMOKE E-CG M-I",2,1,"2","36","prefix8_percart","3-weak-match",596,0.385
474,"081821401002","GREEN SMOKE","GS-VP E-CG M-I","GS-VP E-CG M-I",1,1,"1","72","prefix8_percart","3-weak-match",574,0.385
475,"081836802813","STIG","ELCT CGRTT LIQUID POD","ELCT CGRTT LIQUID POD",1,1.5,"1.5","60","line_percart","3-weak-match",419,0.385
476,"084043916407","ZIG-ZAG","ZIG-ZAG EVC CLMR","ZIG-ZAG EVC CLMR",2,1.4,"2.8","58","prefix8_percart","3-weak-match",316,0.385
477,"088886130601","LEAP","LEAP GO","LEAP GO SMOKING ALTERNATIVE PRODUCT ELECTRONIC CIGARETTE CITRUS MENTHOL BOX 1 COUNT",1,1.5,"1.5","96","prefix8_percart","3-weak-match",306,0.385
478,"079357320162","IMPERIAL","IMPRL HK E-CG JUNGLE JUICE","IMPRL HK E-CG JUNGLE JUICE",1,19.99,"19.991686","18","brand+carts","3-weak-match",126,0.385
479,"088886130604","LEAP","LEAP GO","LEAP GO SMOKING ALTERNATIVE PRODUCT ELECTRONIC CIGARETTE MIXED BERRY BOX 1 COUNT",1,1.5,"1.5","96","prefix8_percart","3-weak-match",124,0.385
480,"085267507268","NJOY","ELCT CGRTT LIQUID POD","ELCT CGRTT LIQUID POD",1,1.5,"1.5","60","line_percart","3-weak-match",96,0.385
481,"079357311754","IMPERIAL","IMPRL HK E-CG VANILLA","IMPRL HK E-CG VANILLA",1,19.99,"19.991686","18","brand+carts","3-weak-match",85,0.385
482,"079357311751","IMPERIAL","IMPRL HK E-CG MINTY GRAPE","IMPRL HK E-CG MINTY GRAPE",1,19.99,"19.991686","18","brand+carts","3-weak-match",73,0.385
483,"085267507270","NJOY","ELCT CGRTT LIQUID POD","ELCT CGRTT LIQUID POD",1,1.5,"1.5","60","line_percart","3-weak-match",28,0.385
484,"081342001847","VAPOR X","VAPOR X E-CG LIQUID TOB","VAPOR X E-CG LIQUID TOB",1,2,"2","18","brand+carts","3-weak-match",15,0.385
485,"079357311752","IMPERIAL","IMPRL HK E-CG MOCHA LATTE","IMPRL HK E-CG MOCHA LATTE",1,19.99,"19.991686","18","brand+carts","3-weak-match",12,0.386
486,"081342001857","VAPOR X","VAPOR X E-CG LIQUID MN","VAPOR X E-CG LIQUID MN",1,2,"2","18","brand+carts","3-weak-match",12,0.386
487,"079357323335","IMPERIAL","IMPRL HK E-CG SUMMERTIME SWIRL","IMPRL HK E-CG SUMMERTIME SWIRL",1,19.99,"19.991686","18","brand+carts","3-weak-match",8,0.386
488,"079357311757","IMPERIAL","IMPRL HK E-CG IMPERIAL MIX","IMPRL HK E-CG IMPERIAL MIX",1,19.99,"19.991686","18","brand+carts","3-weak-match",6,0.386
489,"083921900082","CIG2O","CIG2O EVCC MN","CIG2O EVCC MN",5,1,"5","8.4","prefix8_percart","3-weak-match",5,0.386
490,"081821401337","GREEN SMOKE","GREEN SMOKE ELC-VP MN ICE","GREEN SMOKE ELC-VP MN ICE",1,1,"1","72","prefix8_percart","3-weak-match",1,0.386
491,"083921900083","CIG2O","CIG2O EVCC MN","CIG2O EVCC MN",5,1,"5","8.4","prefix8_percart","3-weak-match",1,0.386
492,"084004820296","JUUL",,,,,"0.7","120","prefix11","4-single-sibling",1754954,0.594
493,"081536802035","NJOY","ELCT CGRTT","ELCT CGRTT",1,1,"1","45","prefix11","4-single-sibling",640262,0.67
494,"036586038660","21ST CENTURY SMOKE",,,,,"1.6","16","prefix10","4-single-sibling",220681,0.696
495,"081536802030","NJOY","NJOY E-CG TANK APPLE CRISP","NJOY E-CG TANK APPLE CRISP",1,1,"1","45","prefix11","4-single-sibling",193673,0.719
496,"084920502165","VUSE",,,,,"1.8","24","prefix11","4-single-sibling",182522,0.741
497,"081536802039","NJOY","NJOY E-CG TANK APPLE MELON","NJOY E-CG TANK APPLE MELON",1,1,"1","45","prefix11","4-single-sibling",179326,0.762
498,"084920501712","VUSE",,,,,"1.9","30","prefix11","4-single-sibling",172285,0.783
499,"081536802027","NJOY","NJOY E-CG TANK ICED FRUIT","NJOY E-CG TANK ICED FRUIT",1,1,"1","45","prefix11","4-single-sibling",166973,0.803
500,"036586038657","21ST CENTURY SMOKE","ELCT CGRTT A&C","ELCT CGRTT A&C",1,1.6,"1.6","16","prefix10","4-single-sibling",159034,0.821
501,"081764101760","KRAVE","KRAVE 500 E-CG MN","KRAVE 500 E-CG MN",1,2,"2","18","prefix10","4-single-sibling",156615,0.84
502,"081764101759","KRAVE","KRAVE 500 E-CG TOB RFL","KRAVE 500 E-CG TOB RFL",1,2,"2","18","prefix10","4-single-sibling",149034,0.858
503,"085962600262","FINITI",,,,,"3","13.3","prefix11","4-single-sibling",135214,0.874
504,"088886130206","NJOY","ELCT CGRTT LIQUID POD","ELCT CGRTT LIQUID POD",1,3,"3","48","prefix11","4-single-sibling",115147,0.888
505,"084920501811","VUSE",,,,,"1.8","50","prefix10","4-single-sibling",53828,0.894
506,"081821401475","GREEN SMOKE","GREEN SMOKE EVPC CLASSIC","GREEN SMOKE EVPC CLASSIC",3,1,"3","24","prefix8+carts","4-single-sibling",52507,0.9
507,"084920501808","VUSE",,,,,"1.8","50","prefix11","4-single-sibling",52101,0.906
508,"036586037172","VAPIN PLUS","VPLS E-CG LIQUID STBRY","VPLS E-CG LIQUID STBRY",1,14.99,"14.9937645","16","prefix11","4-single-sibling",46385,0.912
509,"088886130200","NJOY","ELCT CGRTT LIQUID POD","ELCT CGRTT LIQUID POD",1,3,"3","48","prefix11","4-single-sibling",41788,0.917
510,"084920501859","VUSE",,,,,"1.8","50","prefix10","4-single-sibling",41129,0.922
511,"084920501814","VUSE",,,,,"1.8","50","prefix10","4-single-sibling",39717,0.926
512,"036586037200","VAPIN PLUS","VAPIN PLUS ECTA","VAPIN PLUS ECTA",1,2.31,"2.306733","16","prefix11","4-single-sibling",36821,0.931
513,"085570400792","HAUS","HAUS ECSOC/E-CG TANK 2PK","HAUS ECSOC/E-CG TANK 2PK",2,14.99,"29.987529","4","prefix11","4-single-sibling",33298,0.935
514,"036586037250","21ST CENTURY SMOKE",,,,,"2.306733","16","prefix10","4-single-sibling",32692,0.939
515,"081764101577","KRAVE","KRAVE E-CG TOB KING","KRAVE E-CG TOB KING",1,2,"2","18","prefix8+carts","4-single-sibling",29345,0.942
516,"081764101580","KRAVE","KRAVE E-CG MN KING","KRAVE E-CG MN KING",1,2,"2","18","prefix8+carts","4-single-sibling",27833,0.945
517,"081713502323","CUE","ELCT CGRTT LIQUID CARTRIDGE","ELCT CGRTT LIQUID CARTRIDGE",1,5,"4.9979215","6","prefix10","4-single-sibling",22524,0.948
518,"081991301500","JUUL","ELCT CGRTT CARTRIDGE","ELCT CGRTT CARTRIDGE",2,0.7,"1.4","50","prefix11","4-single-sibling",20184,0.95
519,"036586037169","VAPIN PLUS","VPLS E-CG LIQUID RICH TOB","VPLS E-CG LIQUID RICH TOB",1,14.99,"14.9937645","16","prefix11","4-single-sibling",19104,0.953
520,"081002599277","IGNITE","IGNITE","IGNITE SMOKING ALTERNATIVE PRODUCT ELECTRONIC CIGARETTE LIQUID PO BANANA ICE BOX 1 COUNT",1,1.2,"1.2","25","prefix11","4-single-sibling",17064,0.955
521,"088886130204","NJOY","ELCT CGRTT LIQUID POD","ELCT CGRTT LIQUID POD",1,3,"3","48","prefix11","4-single-sibling",16113,0.957
522,"081821401008","GREEN SMOKE","GREEN SMOKE E-CGCM M-I RFL","GREEN SMOKE E-CGCM M-I RFL",3,1,"3","24","line+carts","4-single-sibling",15831,0.959
523,"081991301288","JUUL","ELCT CGRTT LIQUID POD","ELCT CGRTT LIQUID POD",4,0.7,"2.8","17.9","prefix11","4-single-sibling",15628,0.96
524,"081068701791","NJOY","NJOY E-CG LIQUID VNLA-BN","NJOY E-CG LIQUID VNLA-BN",1,10,"10","10","prefix11","4-single-sibling",14940,0.962
525,"088886130201","NJOY","ELCT CGRTT LIQUID POD","ELCT CGRTT LIQUID POD",1,3,"3","48","prefix11","4-single-sibling",14491,0.964
526,"088886130209","NJOY","ELCT CGRTT LIQUID POD","ELCT CGRTT LIQUID POD",1,3,"3","48","prefix11","4-single-sibling",14147,0.966
527,"036586037563","VAPIN PLUS","VPLS E-CG LIQUID C-M","VPLS E-CG LIQUID C-M",1,14.99,"14.9937645","24","prefix11","4-single-sibling",13539,0.967
528,"085001975212","PUUR VAPOR","PUUR VAPOR","PUUR VAPOR SMOKING ALTERNATIVE PRODUCT ELECTRONIC CIGARETTE LIQUID PO APPLE 750 PUFFS BOX 1 COUNT",1,10,"10","16.2","prefix11","4-single-sibling",13463,0.969
529,"081002599278","IGNITE","IGNITE","IGNITE SMOKING ALTERNATIVE PRODUCT ELECTRONIC CIGARETTE LIQUID PO SOUR APPLE ICE BOX 1 COUNT",1,1.2,"1.2","25","prefix11","4-single-sibling",13438,0.97
530,"081713502370","ELCT","ELCT CGRTT LIQUID CARTRIDGE","ELCT CGRTT LIQUID CARTRIDGE",1,5,"4.9979215","6","prefix11","4-single-sibling",13395,0.972
531,"036586037175","VAPIN PLUS","VPLS E-CG LIQUID VANILLA","VPLS E-CG LIQUID VANILLA",1,14.99,"14.9937645","16","prefix11","4-single-sibling",12778,0.974
532,"081068701795","NJOY","NJOY E-CG LIQUID DBL-ESPRSO","NJOY E-CG LIQUID DBL-ESPRSO",1,10,"10","10","prefix11","4-single-sibling",12688,0.975
533,"081821401174","GREEN SMOKE","GREEN SMOKE E-CGCM RL-TB RFL","GREEN SMOKE E-CGCM RL-TB RFL",3,1,"3","24","prefix10","4-single-sibling",12281,0.977
534,"085001975211","PUUR VAPOR","PUUR VAPOR","PUUR VAPOR SMOKING ALTERNATIVE PRODUCT ELECTRONIC CIGARETTE LIQUID PO APPLE 750 PUFFS BOX 1 COUNT",1,10,"10","16.2","prefix11","4-single-sibling",11578,0.978
535,"088886130202","NJOY","ELCT CGRTT LIQUID POD","ELCT CGRTT LIQUID POD",1,3,"3","48","prefix11","4-single-sibling",11450,0.979
536,"085001975210","PUUR VAPOR","PUUR VAPOR","PUUR VAPOR SMOKING ALTERNATIVE PRODUCT ELECTRONIC CIGARETTE LIQUID PO APPLE 750 PUFFS BOX 1 COUNT",1,10,"10","16.2","prefix11","4-single-sibling",10927,0.981
537,"081713502330","CUE",,"CUE SMOKING ALTERNATIVE PRODUCT ELECTRONIC CIGARETTE LIQUID CR MENTHOL VAPOR SYSTEM BOX 1 COUNT",1,5,"4.9979215","6","prefix10","4-single-sibling",10756,0.982
538,"036586037205","VAPIN PLUS","VPLS E-CGA A-T OLS","VPLS E-CGA A-T OLS",1,2.31,"2.306733","16","prefix11","4-single-sibling",10647,0.983
539,"081821401327","GREEN SMOKE","GREEN SMOKE EVPC A-T","GREEN SMOKE EVPC A-T",3,1,"3","24","prefix8+carts","4-single-sibling",9462,0.984
540,"081821401007","GREEN SMOKE","GREEN SMOKE E-CGCM A-T RFL","GREEN SMOKE E-CGCM A-T RFL",3,1,"3","24","prefix8+carts","4-single-sibling",8985,0.985
541,"081821401328","GREEN SMOKE","GREEN SMOKE EVPC M-I","GREEN SMOKE EVPC M-I",3,1,"3","24","prefix8+carts","4-single-sibling",8522,0.986
542,"081821401334","GREEN SMOKE","GREEN SMOKE EVPC CLASSIC","GREEN SMOKE EVPC CLASSIC",3,1,"3","24","prefix8+carts","4-single-sibling",8521,0.987
543,"081713502319",,,,,,"4.9979215","6","prefix10","4-single-sibling",8092,0.988
544,"036586037163","VAPIN PLUS","VPLS E-CG LIQUID CHERRY","VPLS E-CG LIQUID CHERRY",1,14.99,"14.9937645","16","prefix11","4-single-sibling",7999,0.989
545,"081821401391","GREEN SMOKE","GREEN SMOKE EVPC M-I","GREEN SMOKE EVPC M-I",3,1,"3","24","prefix8+carts","4-single-sibling",7923,0.99
546,"081713502312",,,,,,"4.9979215","6","prefix10","4-single-sibling",7097,0.991
547,"081649401019","NICOTEK",,,,,"1","18","prefix11","4-single-sibling",7056,0.992
548,"085001975213","PUUR VAPOR","PUUR VAPOR","PUUR VAPOR SMOKING ALTERNATIVE PRODUCT ELECTRONIC CIGARETTE LIQUID PO LIGHTNING BULL 750 PUFFS BOX 1 COUNT",1,10,"10","16.2","prefix11","4-single-sibling",6649,0.993
549,"081821401133","GREEN SMOKE","GREEN SMOKE E-CGCM A-T RFL","GREEN SMOKE E-CGCM A-T RFL",3,1,"3","24","prefix11","4-single-sibling",4575,0.993
550,"078779031521","SWITCH MODS","SWITCH MODS","SWITCH MODS SMOKING ALTERNATIVE PRODUCT STICK PINK LEMONADE BOX 1 COUNT",1,1.3,"1.3","115.4","prefix10","4-single-sibling",4551,0.994
551,"081713502451","CUE","ELCT CGRTT LIQUID CARTRIDGE","ELCT CGRTT LIQUID CARTRIDGE",1,5,"4.9979215","6","prefix8+carts","4-single-sibling",3984,0.994
552,"081068701329","NJOY","NJOY E-CG MN NO","NJOY E-CG MN NO",1,10,"10","45","prefix10","4-single-sibling",3909,0.995
553,"081764101112","KRAVE","KRAVE 1001 E-CG","KRAVE 1001 E-CG",1,2,"2","18","prefix8+carts","4-single-sibling",2929,0.995
554,"078779031531","SWITCH MODS","SWITCH MODS","SWITCH MODS SMOKING ALTERNATIVE PRODUCT STICK PINK LEMONADE BOX 1 COUNT",1,1.3,"1.3","115.4","prefix10","4-single-sibling",2890,0.995
555,"000078620186","POSH","POSH","POSH SMOKING ALTERNATIVE PRODUCT MIGHTY MINT PLUS 1 COUNT",1,5,"5","25","line+carts","4-single-sibling",2729,0.996
556,"085001975286","SAVAGE","SAVAGE","SAVAGE SMOKING ALTERNATIVE PRODUCT ELECTRONIC CIGARETTE LIQUID PO STRAWBERRY GRAPE MESH COIL BOX 1 COUNT",1,10,"10","16.2","prefix11","4-single-sibling",2692,0.996
557,"081821401009","GREEN SMOKE","GREEN SMOKE E-CGCM RL-TB RFL","GREEN SMOKE E-CGCM RL-TB RFL",3,1,"3","24","prefix8+carts","4-single-sibling",2603,0.996
558,"036586037581","VAPIN PLUS","VPLS E-CG LIQUID RICH TOB","VPLS E-CG LIQUID RICH TOB",1,14.99,"14.9937645","24","prefix11","4-single-sibling",2440,0.997
559,"085001975288","PUUR VAPOR","PUUR VAPOR","PUUR VAPOR SMOKING ALTERNATIVE PRODUCT ELECTRONIC CIGARETTE LIQUID PO FRUIT SHAKE 750 PUFFS BOX 1 COUNT",1,10,"10","16.2","prefix11","4-single-sibling",2437,0.997
560,"002590017517","E SWISHER","E SWISHER E-CG","E SWISHER E-CG",1,1,"1","18","prefix11","4-single-sibling",2076,0.997
561,"081649401440","NICOTEK","NBL-NCL E-CG LIQUID TOB","NBL-NCL E-CG LIQUID TOB",1,10,"9.995843","16","prefix11","4-single-sibling",1459,0.997
562,"078779031501","SWITCH MODS","SWITCH MODS","SWITCH MODS SMOKING ALTERNATIVE PRODUCT ELECTRONIC CIGARETTE LIQUID PO MINT BOX 1 COUNT",1,1.3,"1.3","115.4","prefix10","4-single-sibling",1427,0.997
563,"036586038130","21ST CENTURY SMOKE","21SCS E-CG MN","21SCS E-CG MN",1,0.9,"0.9","16","prefix11","4-single-sibling",1074,0.998
564,"081649401441","NICOTEK","NL-NBL E-CG LIQUID MN","NL-NBL E-CG LIQUID MN",1,10,"9.995843","16","prefix11","4-single-sibling",1013,0.998
565,"081649401442","NICOTEK","NL-NBL E-CG LIQUID CHERRY","NL-NBL E-CG LIQUID CHERRY",1,10,"9.995843","16","prefix11","4-single-sibling",935,0.998
566,"081649401444","NICOTEK","NBL-NCL E-CG LIQUID GRAPE","NBL-NCL E-CG LIQUID GRAPE",1,10,"9.995843","16","prefix11","4-single-sibling",892,0.998
567,"084043916103","ZIG-ZAG","ZIG-ZAG E-CG LIQUID MN","ZIG-ZAG E-CG LIQUID MN",1,1.4,"1.4","116.1","prefix10","4-single-sibling",851,0.998
568,"081102002186","IMPERIAL","IMPRL HK E-CG LIQUID P-MNG","IMPRL HK E-CG LIQUID P-MNG",1,19.99,"19.991686","18","prefix10","4-single-sibling",813,0.998
569,"081102002184","IMPERIAL","IMPRL HK E-CG LIQUID PINEAPPLE","IMPRL HK E-CG LIQUID PINEAPPLE",1,19.99,"19.991686","18","prefix10","4-single-sibling",761,0.998
570,"081102002217","IMPERIAL","IMPRL HK E-CG LIQUID 3D APPLE","IMPRL HK E-CG LIQUID 3D APPLE",1,19.99,"19.991686","18","prefix8+carts","4-single-sibling",750,0.998
571,"081102002195","IMPERIAL","IMPRL HK E-CG LIQUID J-JC","IMPRL HK E-CG LIQUID J-JC",1,19.99,"19.991686","18","prefix10","4-single-sibling",726,0.998
572,"081102002170","IMPERIAL","IMP-SMOKE E-CG LIQUID MN","IMP-SMOKE E-CG LIQUID MN",1,19.99,"19.991686","18","prefix10","4-single-sibling",699,0.998
573,"081649401448","NICOTEK","NL-NBL E-CG LIQUID KIWI","NL-NBL E-CG LIQUID KIWI",1,10,"9.995843","16","prefix11","4-single-sibling",627,0.999
574,"081102002166","IMPERIAL","IMP-SMOKE E-CG LIQUID MN","IMP-SMOKE E-CG LIQUID MN",1,19.99,"19.991686","18","prefix11","4-single-sibling",626,0.999
575,"081102002165","IMPERIAL","IMP-SMOKE E-CG LIQUID TOB LEAF","IMP-SMOKE E-CG LIQUID TOB LEAF",1,19.99,"19.991686","18","prefix11","4-single-sibling",625,0.999
576,"081102002210","IMPERIAL","IMPRL HK E-CG LIQUID B-B","IMPRL HK E-CG LIQUID B-B",1,19.99,"19.991686","18","prefix8+carts","4-single-sibling",613,0.999
577,"081102002171","IMPERIAL","IMP-SMOKE E-CG LIQUID TOB LEAF","IMP-SMOKE E-CG LIQUID TOB LEAF",1,19.99,"19.991686","18","prefix10","4-single-sibling",601,0.999
578,"081102002176","IMPERIAL","IMPRL HK E-CG LIQUID S-FL","IMPRL HK E-CG LIQUID S-FL",1,19.99,"19.991686","18","prefix10","4-single-sibling",575,0.999
579,"084043916100","ZIG-ZAG","ZIG-ZAG E-CG LIQUID TRDNL","ZIG-ZAG E-CG LIQUID TRDNL",1,1.4,"1.4","116.1","prefix10","4-single-sibling",574,0.999
580,"081649401445","FAZE","FAZE E-CG LIQUID APPLE","FAZE E-CG LIQUID APPLE",1,10,"9.995843","16","prefix11","4-single-sibling",573,0.999
581,"081649401447","NICOTEK","NL-NBL E-CG LIQUID VANILLA","NL-NBL E-CG LIQUID VANILLA",1,10,"9.995843","16","prefix11","4-single-sibling",545,0.999
582,"692660811307","PALAX","PALAX","PALAX SMOKING ALTERNATIVE PRODUCT ELECTRONIC CIGARETTE LIQUID PO LUSH PEACH DEW MESH COIL BOX 1 COUNT",1,18,"18","8.3","prefix11","4-single-sibling",454,0.999
583,"081713502364",,,,,,"4.9979215","6","prefix10","4-single-sibling",426,0.999
584,"084043916151","ZIG-ZAG","ZIG-ZAG E-CG LIQUID MANGO","ZIG-ZAG E-CG LIQUID MANGO",1,1.4,"1.4","116.1","prefix10","4-single-sibling",380,0.999
585,"085410000352","QUIK E-CIG","QUIK E-CIG E-CG TOB","QUIK E-CIG E-CG TOB",1,5,"5","16","prefix10","4-single-sibling",379,0.999
586,"697184747280","JUICY BAR","JUICY BAR","JUICY BAR SMOKING ALTERNATIVE PRODUCT ELECTRONIC CIGARETTE LIQUID PO PINEAPPLE COCONUT ICE MESH COIL BOX 1 COUNT",1,13,"13","11.5","prefix11","4-single-sibling",373,0.999
587,"084043916124","ZIG-ZAG","ZIG-ZAG E-CG LIQUID DRBRY","ZIG-ZAG E-CG LIQUID DRBRY",1,1.4,"1.4","116.1","prefix10","4-single-sibling",356,0.999
588,"692660811311","PALAX","PALAX","PALAX SMOKING ALTERNATIVE PRODUCT ELECTRONIC CIGARETTE LIQUID PO MANGO CHILL BOX 1 COUNT",1,18,"18","8.3","prefix11","4-single-sibling",346,0.999
589,"081102002182","IMPERIAL","IMPRL HK E-CG LIQUID P-CLD","IMPRL HK E-CG LIQUID P-CLD",1,19.99,"19.991686","18","prefix10","4-single-sibling",293,0.999
590,"692660811309","PALAX","PALAX","PALAX SMOKING ALTERNATIVE PRODUCT ELECTRONIC CIGARETTE LIQUID PO MANGO ALOE ICE BOX 1 COUNT",1,18,"18","8.3","prefix11","4-single-sibling",270,0.999
591,"081102002156","IMPERIAL",,,,,"19.991686","18","prefix10","4-single-sibling",260,1
592,"081102002147","IMPERIAL","IMPRL HK E-CG LIQUID PINEAPPLE","IMPRL HK E-CG LIQUID PINEAPPLE",1,19.99,"19.991686","18","prefix10","4-single-sibling",253,1
593,"081102002164","IMPERIAL","IMPRL HK E-CG LIQUID WM MINT","IMPRL HK E-CG LIQUID WM MINT",1,19.99,"19.991686","18","prefix11","4-single-sibling",228,1
594,"084043916121","ZIG-ZAG","ZIG-ZAG E-CG LIQUID ISLND BRZ","ZIG-ZAG E-CG LIQUID ISLND BRZ",1,1.4,"1.4","116.1","prefix10","4-single-sibling",224,1
595,"081102002201","IMPERIAL","IMPRL HK E-CG LIQUID H-RNB","IMPRL HK E-CG LIQUID H-RNB",1,19.99,"19.991686","18","prefix8+carts","4-single-sibling",210,1
596,"085410000353","QUIK E-CIG","QUIK E-CIG E-CG MN","QUIK E-CIG E-CG MN",1,5,"5","16","prefix10","4-single-sibling",204,1
597,"081102002207","IMPERIAL","IMPRL HK E-CG LIQUID CALI LIFE","IMPRL HK E-CG LIQUID CALI LIFE",1,19.99,"19.991686","18","prefix8+carts","4-single-sibling",188,1
598,"081764101369","VAPOR X","VAPOR X E-CG LIQUID VD","VAPOR X E-CG LIQUID VD",1,2,"2","18","prefix8+carts","4-single-sibling",175,1
599,"692660811303","PALAX","PALAX","PALAX SMOKING ALTERNATIVE PRODUCT ELECTRONIC CIGARETTE LIQUID PO DRAGON BEAR BOX 1 COUNT",1,18,"18","8.3","prefix11","4-single-sibling",172,1
600,"081102002177","IMPERIAL","IMPRL HK E-CG LIQUID ST-BN","IMPRL HK E-CG LIQUID ST-BN",1,19.99,"19.991686","18","prefix10","4-single-sibling",170,1
601,"081764101349","VAPOR X","VAPOR X E-CG LIQUID CH-BLS","VAPOR X E-CG LIQUID CH-BLS",1,2,"2","18","prefix8+carts","4-single-sibling",160,1
602,"003512732010","JUST JUICE","JUST JUICE E-CG LIQUID MN","JUST JUICE E-CG LIQUID MN",1,10,"9.995843","25","prefix11","4-single-sibling",137,1
603,"081068701797","NJOY","NJOY E-CG LIQUID DBL-ESPRSO","NJOY E-CG LIQUID DBL-ESPRSO",1,10,"10","10","prefix11","4-single-sibling",133,1
604,"081102002211","IMPERIAL","IMPRL HK E-CG LIQUID B-O-M","IMPRL HK E-CG LIQUID B-O-M",1,19.99,"19.991686","18","prefix8+carts","4-single-sibling",125,1
605,"081102002392","IMPERIAL","IMPRL HK E-CG LIQUID B-P","IMPRL HK E-CG LIQUID B-P",1,19.99,"19.991686","18","prefix8+carts","4-single-sibling",118,1
606,"081102002174","IMPERIAL","IMPRL HK E-CG LIQUID SB-MG","IMPRL HK E-CG LIQUID SB-MG",1,19.99,"19.991686","18","prefix10","4-single-sibling",114,1
607,"081068701799","NJOY","NJOY E-CG LIQUID BTR-CRNCH","NJOY E-CG LIQUID BTR-CRNCH",1,10,"10","10","prefix11","4-single-sibling",112,1
608,"081102002198","IMPERIAL","IMPRL HK E-CG LIQUID IM-RSH","IMPRL HK E-CG LIQUID IM-RSH",1,19.99,"19.991686","18","prefix10","4-single-sibling",111,1
609,"081102002189","IMPERIAL","IMPRL HK E-CG LIQUID NAZ 64","IMPRL HK E-CG LIQUID NAZ 64",1,19.99,"19.991686","18","prefix10","4-single-sibling",108,1
610,"081764101810","KRAVE","KRAVE E-CG MN","KRAVE E-CG MN",1,2,"2","18","prefix8+carts","4-single-sibling",106,1
611,"081102002145","IMPERIAL",,,,,"19.991686","18","prefix10","4-single-sibling",103,1
612,"081102002113","IMPERIAL",,,,,"19.991686","18","prefix10","4-single-sibling",94,1
613,"081102002136","IMPERIAL",,,,,"19.991686","18","prefix10","4-single-sibling",85,1
614,"081102002168","IMPERIAL","IMPRL HK E-CG LIQUID S-P","IMPRL HK E-CG LIQUID S-P",1,19.99,"19.991686","18","prefix11","4-single-sibling",85,1
615,"081764101807","KRAVE","KRAVE E-CG TOB","KRAVE E-CG TOB",1,2,"2","18","prefix8+carts","4-single-sibling",76,1
616,"081102002196","IMPERIAL","IMPRL HK E-CG LIQUID I-B","IMPRL HK E-CG LIQUID I-B",1,19.99,"19.991686","18","prefix10","4-single-sibling",74,1
617,"081102002216","IMPERIAL","IMPRL HK E-CG LIQUID 3D GRAPE","IMPRL HK E-CG LIQUID 3D GRAPE",1,19.99,"19.991686","18","prefix8+carts","4-single-sibling",62,1
618,"081102002191","IMPERIAL","IMPRL HK E-CG LIQUID K-ST","IMPRL HK E-CG LIQUID K-ST",1,19.99,"19.991686","18","prefix10","4-single-sibling",59,1
619,"036586038340","21ST CENTURY SMOKE","21SCS E-CG","21SCS E-CG",1,0.9,"0.9","16","line+carts","4-single-sibling",39,1
620,"081068701379","NJOY","NJOY NPRO E-CG MINI","NJOY NPRO E-CG MINI",1,10,"10","45","prefix11","4-single-sibling",36,1
621,"085410000348","QUIK E-CIG","QUIK E-CIG E-CG TOB","QUIK E-CIG E-CG TOB",1,5,"5","16","prefix10","4-single-sibling",35,1
622,"697184747284","JUICY BAR","JUICY BAR","JUICY BAR SMOKING ALTERNATIVE PRODUCT ELECTRONIC CIGARETTE LIQUID PO MICHIGAN CHERRY ICE MESH COIL BOX 1 COUNT",1,13,"13","11.5","prefix11","4-single-sibling",31,1
623,"078413191783","GLAMEE","GLAMEE NOVA","GLAMEE NOVA SMOKING ALTERNATIVE PRODUCT ELECTRONIC CIGARETTE LIQUID PO KIWI BLUEBERRY ICE BOX 1 COUNT",1,16,"16","25","prefix10","4-single-sibling",28,1
624,"081102002461","IMPERIAL","IMP-SMOKE EVC CLMR","IMP-SMOKE EVC CLMR",1,19.99,"19.991686","18","prefix8+carts","4-single-sibling",25,1
625,"084043916500","RIP TIDE RIPSTICK","ELCT CGRTT LIQUID POD","ELCT CGRTT LIQUID POD",1,1.4,"1.4","116.1","prefix8+carts","4-single-sibling",23,1
626,"085962600235","FINITI","FINITI E-CGC CMT RFL","FINITI E-CGC CMT RFL",14,1,"14","16","prefix11","4-single-sibling",16,1
627,"084043916184","NJOY","ELCT CGRTT LIQUID POD","ELCT CGRTT LIQUID POD",1,1.4,"1.4","116.1","prefix11","4-single-sibling",13,1
628,"084043916232","NJOY","ELCT CGRTT LIQUID POD","ELCT CGRTT LIQUID POD",1,1.4,"1.4","116.1","prefix8+carts","4-single-sibling",10,1
629,"085410000349","QUIK E-CIG","QUIK E-CIG E-CG MN","QUIK E-CIG E-CG MN",1,5,"5","16","prefix10","4-single-sibling",10,1
630,"084043916235","NJOY","ELCT CGRTT LIQUID POD","ELCT CGRTT LIQUID POD",1,1.4,"1.4","116.1","prefix8+carts","4-single-sibling",7,1
631,"085962600260","FINITI","FIN AST NO 2'S/ECCR","FIN AST NO 2'S/ECCR",8,0.38,"3","13.3","prefix11","4-single-sibling",7,1
632,"081713502256","CUE","CUE","CUE SMOKING ALTERNATIVE PRODUCT BOX 1 COUNT",1,5,"4.9979215","6","line+carts","4-single-sibling",6,1
633,"084043916181","NJOY","ELCT CGRTT LIQUID POD","ELCT CGRTT LIQUID POD",1,1.4,"1.4","116.1","prefix11","4-single-sibling",6,1
634,"084043916187","NJOY","ELCT CGRTT LIQUID POD","ELCT CGRTT LIQUID POD",1,1.4,"1.4","116.1","prefix11","4-single-sibling",6,1
635,"084043916193","NJOY","ELCT CGRTT LIQUID POD","ELCT CGRTT LIQUID POD",1,1.4,"1.4","116.1","prefix10","4-single-sibling",6,1
636,"084043916229","NJOY","ELCT CGRTT LIQUID POD","ELCT CGRTT LIQUID POD",1,1.4,"1.4","116.1","prefix8+carts","4-single-sibling",6,1
637,"084043916247","NJOY","ELCT CGRTT LIQUID POD","ELCT CGRTT LIQUID POD",1,1.4,"1.4","116.1","prefix8+carts","4-single-sibling",6,1
638,"085962600265","FINITI","FIN AST NO 2'S/ECCR","FIN AST NO 2'S/ECCR",8,0.38,"3","13.3","prefix11","4-single-sibling",6,1
639,"036586038176","21ST CENTURY SMOKE","21SCS E-CG","21SCS E-CG",1,5.4,"5.4","16","prefix11","4-single-sibling",4,1
640,"083921900154","CIG2O","CIG2O E-CG VANILLA CREAM","CIG2O E-CG VANILLA CREAM",1,1,"1","18","prefix10","4-single-sibling",4,1
641,"084043916199","NJOY","ELCT CGRTT LIQUID POD","ELCT CGRTT LIQUID POD",1,1.4,"1.4","116.1","prefix10","4-single-sibling",3,1
642,"081764101915","VAPOR X","ELCT CGRTT VAPORIZER","ELCT CGRTT VAPORIZER",1,2,"2","18","prefix8+carts","4-single-sibling",2,1
643,"083921900145","CIG2O","CIG2O E-CG GRAPE","CIG2O E-CG GRAPE",1,1,"1","18","prefix11","4-single-sibling",2,1
644,"084043916241","NJOY","ELCT CGRTT LIQUID POD","ELCT CGRTT LIQUID POD",1,1.4,"1.4","116.1","prefix8+carts","4-single-sibling",2,1
645,"009710000234","MARKTEN","MARKTEN EVCC","MARKTEN EVCC",2,0.8,"1.6","25","line+carts","4-single-sibling",1,1
646,"081102002193","IMPERIAL","IMPRL HK E-CG LIQUID ROOT BEER","IMPRL HK E-CG LIQUID ROOT BEER",1,19.99,"19.991686","18","prefix10","4-single-sibling",1,1
647,"084014180024","SHENZHEN GOLDREAMS TECHNOLOGY","AIR BAR","AIR BAR SMOKING ALTERNATIVE PRODUCT MANGO 1 COUNT",1,10,"10","16.2","line+carts","4-single-sibling",1,1
